Copyright 1986-2022 Xilinx, Inc. All Rights Reserved. Copyright 2022-2026 Advanced Micro Devices, Inc. All Rights Reserved.
------------------------------------------------------------------------------------------------------------------------------------------------------------------------------
| Tool Version      : Vivado v.2026.1 (win64) Build 6511674 Tue Jun 16 11:02:23 MDT 2026
| Date              : Sun Sep  6 00:08:03 2026
| Host              : karan running 64-bit major release  (build 9200)
| Command           : report_timing_summary -delay_type min_max -max_paths 10 -report_unconstrained -file C:/ZCU104_AES_CTR_AXI_DMA_2026_1/dma_reports/dma_timing_summary.rpt
| Design            : system_wrapper
| Device            : xczu7ev-ffvc1156
| Speed File        : -2  PRODUCTION 1.31 12-08-2025
| Design State      : Routed
| Temperature Grade : E
------------------------------------------------------------------------------------------------------------------------------------------------------------------------------

Timing Summary Report

------------------------------------------------------------------------------------------------
| Timer Settings
| --------------
------------------------------------------------------------------------------------------------

  Enable Multi Corner Analysis               :  Yes
  Enable Pessimism Removal                   :  Yes
  Pessimism Removal Resolution               :  Nearest Common Node
  Enable Input Delay Default Clock           :  No
  Enable Preset / Clear Arcs                 :  No
  Disable Flight Delays                      :  No
  Ignore I/O Paths                           :  No
  Timing Early Launch at Borrowing Latches   :  No
  Borrow Time for Max Delay Exceptions       :  Yes
  Merge Timing Exceptions                    :  Yes
  Inter-SLR Compensation                     :  Conservative

  Corner  Analyze    Analyze    
  Name    Max Paths  Min Paths  
  ------  ---------  ---------  
  Slow    Yes        Yes        
  Fast    Yes        Yes        


------------------------------------------------------------------------------------------------
| Report Methodology
| ------------------
------------------------------------------------------------------------------------------------

No report available as report_methodology has not been run prior. Run report_methodology on the current design for the summary of methodology violations.



check_timing report

Table of Contents
-----------------
1. checking no_clock (0)
2. checking constant_clock (0)
3. checking pulse_width_clock (0)
4. checking unconstrained_internal_endpoints (0)
5. checking no_input_delay (0)
6. checking no_output_delay (0)
7. checking multiple_clock (0)
8. checking generated_clocks (0)
9. checking loops (0)
10. checking partial_input_delay (0)
11. checking partial_output_delay (0)
12. checking latch_loops (0)

1. checking no_clock (0)
------------------------
 There are 0 register/latch pins with no clock.


2. checking constant_clock (0)
------------------------------
 There are 0 register/latch pins with constant_clock.


3. checking pulse_width_clock (0)
---------------------------------
 There are 0 register/latch pins which need pulse_width check


4. checking unconstrained_internal_endpoints (0)
------------------------------------------------
 There are 0 pins that are not constrained for maximum delay.

 There are 0 pins that are not constrained for maximum delay due to constant clock.


5. checking no_input_delay (0)
------------------------------
 There are 0 input ports with no input delay specified.

 There are 0 input ports with no input delay but user has a false path constraint.


6. checking no_output_delay (0)
-------------------------------
 There are 0 ports with no output delay specified.

 There are 0 ports with no output delay but user has a false path constraint

 There are 0 ports with no output delay but with a timing clock defined on it or propagating through it


7. checking multiple_clock (0)
------------------------------
 There are 0 register/latch pins with multiple clocks.


8. checking generated_clocks (0)
--------------------------------
 There are 0 generated clocks that are not connected to a clock source.


9. checking loops (0)
---------------------
 There are 0 combinational loops in the design.


10. checking partial_input_delay (0)
------------------------------------
 There are 0 input ports with partial input delay specified.


11. checking partial_output_delay (0)
-------------------------------------
 There are 0 ports with partial output delay specified.


12. checking latch_loops (0)
----------------------------
 There are 0 combinational latch loops in the design through latch input



------------------------------------------------------------------------------------------------
| Design Timing Summary
| ---------------------
------------------------------------------------------------------------------------------------

    WNS(ns)      TNS(ns)  TNS Failing Endpoints  TNS Total Endpoints      WHS(ns)      THS(ns)  THS Failing Endpoints  THS Total Endpoints     WPWS(ns)     TPWS(ns)  TPWS Failing Endpoints  TPWS Total Endpoints  
    -------      -------  ---------------------  -------------------      -------      -------  ---------------------  -------------------     --------     --------  ----------------------  --------------------  
      1.304        0.000                      0                36401        0.011        0.000                      0                36401        5.166        0.000                       0                 12466  


All user specified timing constraints are met.


------------------------------------------------------------------------------------------------
| Clock Summary
| -------------
------------------------------------------------------------------------------------------------

Clock     Waveform(ns)       Period(ns)      Frequency(MHz)
-----     ------------       ----------      --------------
clk_pl_0  {0.000 6.667}      13.333          75.002          


------------------------------------------------------------------------------------------------
| Intra Clock Table
| -----------------
------------------------------------------------------------------------------------------------

Clock             WNS(ns)      TNS(ns)  TNS Failing Endpoints  TNS Total Endpoints      WHS(ns)      THS(ns)  THS Failing Endpoints  THS Total Endpoints     WPWS(ns)     TPWS(ns)  TPWS Failing Endpoints  TPWS Total Endpoints  
-----             -------      -------  ---------------------  -------------------      -------      -------  ---------------------  -------------------     --------     --------  ----------------------  --------------------  
clk_pl_0            1.304        0.000                      0                34982        0.011        0.000                      0                34982        5.166        0.000                       0                 12466  


------------------------------------------------------------------------------------------------
| Inter Clock Table
| -----------------
------------------------------------------------------------------------------------------------

From Clock    To Clock          WNS(ns)      TNS(ns)  TNS Failing Endpoints  TNS Total Endpoints      WHS(ns)      THS(ns)  THS Failing Endpoints  THS Total Endpoints  
----------    --------          -------      -------  ---------------------  -------------------      -------      -------  ---------------------  -------------------  


------------------------------------------------------------------------------------------------
| Other Path Groups Table
| -----------------------
------------------------------------------------------------------------------------------------

Path Group         From Clock         To Clock               WNS(ns)      TNS(ns)  TNS Failing Endpoints  TNS Total Endpoints      WHS(ns)      THS(ns)  THS Failing Endpoints  THS Total Endpoints  
----------         ----------         --------               -------      -------  ---------------------  -------------------      -------      -------  ---------------------  -------------------  
**async_default**  clk_pl_0           clk_pl_0                 9.147        0.000                      0                 1419        1.763        0.000                      0                 1419  


------------------------------------------------------------------------------------------------
| User Ignored Path Table
| -----------------------
------------------------------------------------------------------------------------------------

Path Group    From Clock    To Clock    
----------    ----------    --------    
(none)                      clk_pl_0      
(none)        clk_pl_0      clk_pl_0      


------------------------------------------------------------------------------------------------
| Unconstrained Path Table
| ------------------------
------------------------------------------------------------------------------------------------

Path Group    From Clock    To Clock    
----------    ----------    --------    


------------------------------------------------------------------------------------------------
| Timing Details
| --------------
------------------------------------------------------------------------------------------------


---------------------------------------------------------------------------------------------------
From Clock:  clk_pl_0
  To Clock:  clk_pl_0

Setup :            0  Failing Endpoints,  Worst Slack        1.304ns,  Total Violation        0.000ns
Hold  :            0  Failing Endpoints,  Worst Slack        0.011ns,  Total Violation        0.000ns
PW    :            0  Failing Endpoints,  Worst Slack        5.166ns,  Total Violation        0.000ns
---------------------------------------------------------------------------------------------------


Max Delay Paths
--------------------------------------------------------------------------------------
Slack (MET) :             1.304ns  (required time - arrival time)
  Source:                 system_i/aes_ctr_axis_0/inst/key_reg3_reg[5]/C
                            (rising edge-triggered cell FDRE clocked by clk_pl_0  {rise@0.000ns fall@6.667ns period=13.333ns})
  Destination:            system_i/aes_ctr_axis_0/inst/u_aes/ciphertext_reg[80]/D
                            (rising edge-triggered cell FDCE clocked by clk_pl_0  {rise@0.000ns fall@6.667ns period=13.333ns})
  Path Group:             clk_pl_0
  Path Type:              Setup (Max at Slow Process Corner)
  Requirement:            13.333ns  (clk_pl_0 rise@13.333ns - clk_pl_0 rise@0.000ns)
  Data Path Delay:        11.747ns  (logic 3.807ns (32.409%)  route 7.940ns (67.591%))
  Logic Levels:           46  (LUT2=5 LUT3=3 LUT4=3 LUT5=2 LUT6=20 MUXF7=7 MUXF8=6)
  Clock Path Skew:        -0.166ns (DCD - SCD + CPR)
    Destination Clock Delay (DCD):    1.852ns = ( 15.185 - 13.333 ) 
    Source Clock Delay      (SCD):    2.141ns
    Clock Pessimism Removal (CPR):    0.123ns
  Clock Uncertainty:      0.141ns  ((TSJ^2 + DJ^2)^1/2) / 2 + PE
    Total System Jitter     (TSJ):    0.071ns
    Discrete Jitter          (DJ):    0.273ns
    Phase Error              (PE):    0.000ns
  Clock Net Delay (Source):      1.933ns (routing 0.569ns, distribution 1.364ns)
  Clock Net Delay (Destination): 1.684ns (routing 0.512ns, distribution 1.172ns)

    Location             Delay type                Incr(ns)  Path(ns)    Netlist Resource(s)
  -------------------------------------------------------------------    -------------------
                         (clock clk_pl_0 rise edge)
                                                      0.000     0.000 r  <hidden>
    PS8_X0Y0             PS8                          0.000     0.000 r  system_i/zynq_ultra_ps_e_0/inst/PS8_i/PLCLK[0]
                         net (fo=1, routed)           0.180     0.180    system_i/zynq_ultra_ps_e_0/inst/pl_clk_unbuffered[0]
    BUFG_PS_X0Y80        BUFG_PS (Prop_BUFG_PS_I_O)
                                                      0.028     0.208 r  system_i/zynq_ultra_ps_e_0/inst/buffer_pl_clk_0.PL_CLK_0_BUFG/O
    X1Y2 (CLOCK_ROOT)    net (fo=12466, routed)       1.933     2.141    system_i/aes_ctr_axis_0/inst/aclk
    SLICE_X37Y301        FDRE                                         r  system_i/aes_ctr_axis_0/inst/key_reg3_reg[5]/C
  -------------------------------------------------------------------    -------------------
    SLICE_X37Y301        FDRE (Prop_EFF2_SLICEM_C_Q)
                                                      0.079     2.220 r  system_i/aes_ctr_axis_0/inst/key_reg3_reg[5]/Q
                         net (fo=36, routed)          0.309     2.529    system_i/aes_ctr_axis_0/inst/u_aes/key_value[5]
    SLICE_X35Y298        LUT6 (Prop_G6LUT_SLICEM_I5_O)
                                                      0.150     2.679 r  system_i/aes_ctr_axis_0/inst/u_aes/g1_b3__0/O
                         net (fo=1, routed)           0.017     2.696    system_i/aes_ctr_axis_0/inst/u_key_expansion/aes_sbox_inferred__0/g0_b0_i_10_1
    SLICE_X35Y298        MUXF7 (Prop_F7MUX_GH_SLICEM_I1_O)
                                                      0.060     2.756 r  system_i/aes_ctr_axis_0/inst/u_key_expansion/aes_sbox_inferred__0/g0_b0_i_19/O
                         net (fo=1, routed)           0.000     2.756    system_i/aes_ctr_axis_0/inst/u_key_expansion/aes_sbox_inferred__0/g0_b0_i_19_n_0
    SLICE_X35Y298        MUXF8 (Prop_F8MUX_TOP_SLICEM_I0_O)
                                                      0.028     2.784 r  system_i/aes_ctr_axis_0/inst/u_key_expansion/aes_sbox_inferred__0/g0_b0_i_10/O
                         net (fo=20, routed)          0.165     2.949    system_i/aes_ctr_axis_0/inst/u_aes/SubWord_return[11]
    SLICE_X33Y298        LUT5 (Prop_E6LUT_SLICEL_I2_O)
                                                      0.035     2.984 r  system_i/aes_ctr_axis_0/inst/u_aes/g0_b0_i_4__15/O
                         net (fo=33, routed)          0.347     3.332    system_i/aes_ctr_axis_0/inst/u_aes/round_keys[1163]
    SLICE_X31Y303        LUT6 (Prop_D6LUT_SLICEM_I3_O)
                                                      0.145     3.477 r  system_i/aes_ctr_axis_0/inst/u_aes/g0_b4__5/O
                         net (fo=1, routed)           0.025     3.502    system_i/aes_ctr_axis_0/inst/u_key_expansion/aes_sbox_inferred__5/g0_b0_i_11_0
    SLICE_X31Y303        MUXF7 (Prop_F7MUX_CD_SLICEM_I0_O)
                                                      0.062     3.564 r  system_i/aes_ctr_axis_0/inst/u_key_expansion/aes_sbox_inferred__5/g0_b0_i_21/O
                         net (fo=1, routed)           0.000     3.564    system_i/aes_ctr_axis_0/inst/u_key_expansion/aes_sbox_inferred__5/g0_b0_i_21_n_0
    SLICE_X31Y303        MUXF8 (Prop_F8MUX_BOT_SLICEM_I0_O)
                                                      0.030     3.594 r  system_i/aes_ctr_axis_0/inst/u_key_expansion/aes_sbox_inferred__5/g0_b0_i_11/O
                         net (fo=18, routed)          0.294     3.888    system_i/aes_ctr_axis_0/inst/u_aes/state4_reg[116]_1
    SLICE_X30Y302        LUT3 (Prop_B6LUT_SLICEL_I0_O)
                                                      0.036     3.924 r  system_i/aes_ctr_axis_0/inst/u_aes/g0_b0_i_5__19/O
                         net (fo=34, routed)          0.268     4.191    system_i/aes_ctr_axis_0/inst/u_aes/round_keys[1044]
    SLICE_X29Y299        LUT6 (Prop_B6LUT_SLICEM_I4_O)
                                                      0.100     4.291 r  system_i/aes_ctr_axis_0/inst/u_aes/g2_b5__10/O
                         net (fo=1, routed)           0.017     4.308    system_i/aes_ctr_axis_0/inst/u_key_expansion/aes_sbox_inferred__10/state4_reg[125]_i_3_2
    SLICE_X29Y299        MUXF7 (Prop_F7MUX_AB_SLICEM_I0_O)
                                                      0.060     4.368 r  system_i/aes_ctr_axis_0/inst/u_key_expansion/aes_sbox_inferred__10/state4_reg[125]_i_8/O
                         net (fo=1, routed)           0.000     4.368    system_i/aes_ctr_axis_0/inst/u_key_expansion/aes_sbox_inferred__10/state4_reg[125]_i_8_n_0
    SLICE_X29Y299        MUXF8 (Prop_F8MUX_BOT_SLICEM_I1_O)
                                                      0.028     4.396 r  system_i/aes_ctr_axis_0/inst/u_key_expansion/aes_sbox_inferred__10/state4_reg[125]_i_3/O
                         net (fo=10, routed)          0.303     4.700    system_i/aes_ctr_axis_0/inst/u_aes/state4_reg[125]_2
    SLICE_X32Y296        LUT4 (Prop_C6LUT_SLICEL_I0_O)
                                                      0.035     4.735 r  system_i/aes_ctr_axis_0/inst/u_aes/g0_b0_i_12__11/O
                         net (fo=9, routed)           0.174     4.909    system_i/aes_ctr_axis_0/inst/u_aes/round_keys[957]
    SLICE_X33Y296        LUT2 (Prop_C6LUT_SLICEL_I0_O)
                                                      0.088     4.997 r  system_i/aes_ctr_axis_0/inst/u_aes/g0_b0_i_6__16/O
                         net (fo=34, routed)          0.508     5.504    system_i/aes_ctr_axis_0/inst/u_aes/round_keys[925]
    SLICE_X39Y302        LUT6 (Prop_A6LUT_SLICEM_I5_O)
                                                      0.150     5.654 r  system_i/aes_ctr_axis_0/inst/u_aes/g1_b7__11/O
                         net (fo=2, routed)           0.011     5.665    system_i/aes_ctr_axis_0/inst/u_key_expansion/state4[103]_i_3_1
    SLICE_X39Y302        MUXF7 (Prop_F7MUX_AB_SLICEM_I1_O)
                                                      0.065     5.730 r  system_i/aes_ctr_axis_0/inst/u_key_expansion/aes_sbox_inferred__11/state4_reg[103]_i_6/O
                         net (fo=1, routed)           0.134     5.864    system_i/aes_ctr_axis_0/inst/u_aes/state4_reg[103]_0
    SLICE_X39Y300        LUT6 (Prop_G6LUT_SLICEM_I1_O)
                                                      0.090     5.954 r  system_i/aes_ctr_axis_0/inst/u_aes/state4[103]_i_3/O
                         net (fo=2, routed)           0.099     6.053    system_i/aes_ctr_axis_0/inst/u_aes/round_keys[871]
    SLICE_X39Y298        LUT4 (Prop_G6LUT_SLICEM_I0_O)
                                                      0.037     6.090 r  system_i/aes_ctr_axis_0/inst/u_aes/state4[7]_i_2/O
                         net (fo=12, routed)          0.449     6.539    system_i/aes_ctr_axis_0/inst/u_key_expansion/state4_reg[96][65]
    SLICE_X40Y288        MUXF8 (Prop_F8MUX_BOT_SLICEL_S_O)
                                                      0.069     6.608 r  system_i/aes_ctr_axis_0/inst/u_key_expansion/aes_sbox_inferred__16/g0_b0_i_15/O
                         net (fo=4, routed)           0.313     6.921    system_i/aes_ctr_axis_0/inst/u_aes/state9_reg[106]_1
    SLICE_X36Y287        LUT6 (Prop_H6LUT_SLICEL_I2_O)
                                                      0.124     7.045 r  system_i/aes_ctr_axis_0/inst/u_aes/g0_b0_i_9__10/O
                         net (fo=8, routed)           0.149     7.194    system_i/aes_ctr_axis_0/inst/u_aes/round_keys[746]
    SLICE_X35Y286        LUT3 (Prop_H6LUT_SLICEM_I1_O)
                                                      0.039     7.233 r  system_i/aes_ctr_axis_0/inst/u_aes/g0_b0_i_3__26/O
                         net (fo=34, routed)          0.379     7.612    system_i/aes_ctr_axis_0/inst/u_aes/round_keys[650]
    SLICE_X30Y279        LUT6 (Prop_A6LUT_SLICEL_I2_O)
                                                      0.090     7.702 r  system_i/aes_ctr_axis_0/inst/u_aes/g3_b2__21/O
                         net (fo=1, routed)           0.009     7.711    system_i/aes_ctr_axis_0/inst/u_key_expansion/aes_sbox_inferred__21/g0_b0_i_15_3
    SLICE_X30Y279        MUXF7 (Prop_F7MUX_AB_SLICEL_I1_O)
                                                      0.057     7.768 r  system_i/aes_ctr_axis_0/inst/u_key_expansion/aes_sbox_inferred__21/g0_b0_i_24/O
                         net (fo=1, routed)           0.000     7.768    system_i/aes_ctr_axis_0/inst/u_key_expansion/aes_sbox_inferred__21/g0_b0_i_24_n_0
    SLICE_X30Y279        MUXF8 (Prop_F8MUX_BOT_SLICEL_I1_O)
                                                      0.026     7.794 r  system_i/aes_ctr_axis_0/inst/u_key_expansion/aes_sbox_inferred__21/g0_b0_i_15/O
                         net (fo=4, routed)           0.154     7.948    system_i/aes_ctr_axis_0/inst/u_aes/state9_reg[114]_0
    SLICE_X30Y279        LUT6 (Prop_H6LUT_SLICEL_I3_O)
                                                      0.150     8.098 r  system_i/aes_ctr_axis_0/inst/u_aes/g0_b0_i_9__11/O
                         net (fo=6, routed)           0.294     8.392    system_i/aes_ctr_axis_0/inst/u_aes/round_keys[626]
    SLICE_X27Y282        LUT4 (Prop_A6LUT_SLICEL_I2_O)
                                                      0.050     8.442 r  system_i/aes_ctr_axis_0/inst/u_aes/g0_b0_i_3__30/O
                         net (fo=35, routed)          0.345     8.787    system_i/aes_ctr_axis_0/inst/u_aes/round_keys[530]
    SLICE_X21Y276        LUT6 (Prop_B6LUT_SLICEM_I2_O)
                                                      0.100     8.887 r  system_i/aes_ctr_axis_0/inst/u_aes/g2_b5__26/O
                         net (fo=1, routed)           0.017     8.904    system_i/aes_ctr_axis_0/inst/u_key_expansion/aes_sbox_inferred__26/g0_b0_i_47_2
    SLICE_X21Y276        MUXF7 (Prop_F7MUX_AB_SLICEM_I0_O)
                                                      0.060     8.964 r  system_i/aes_ctr_axis_0/inst/u_key_expansion/aes_sbox_inferred__26/g0_b0_i_60/O
                         net (fo=1, routed)           0.000     8.964    system_i/aes_ctr_axis_0/inst/u_key_expansion/aes_sbox_inferred__26/g0_b0_i_60_n_0
    SLICE_X21Y276        MUXF8 (Prop_F8MUX_BOT_SLICEM_I1_O)
                                                      0.028     8.992 r  system_i/aes_ctr_axis_0/inst/u_key_expansion/aes_sbox_inferred__26/g0_b0_i_47/O
                         net (fo=4, routed)           0.206     9.198    system_i/aes_ctr_axis_0/inst/u_aes/state9_reg[61]_0
    SLICE_X21Y276        LUT6 (Prop_H6LUT_SLICEM_I3_O)
                                                      0.039     9.237 r  system_i/aes_ctr_axis_0/inst/u_aes/state7[125]_i_6/O
                         net (fo=4, routed)           0.239     9.476    system_i/aes_ctr_axis_0/inst/u_aes/round_keys[509]
    SLICE_X23Y279        LUT3 (Prop_B6LUT_SLICEM_I2_O)
                                                      0.089     9.565 r  system_i/aes_ctr_axis_0/inst/u_aes/g0_b0_i_12__26/O
                         net (fo=5, routed)           0.156     9.721    system_i/aes_ctr_axis_0/inst/u_aes/round_keys[445]
    SLICE_X23Y282        LUT2 (Prop_E6LUT_SLICEM_I0_O)
                                                      0.124     9.845 r  system_i/aes_ctr_axis_0/inst/u_aes/g0_b0_i_6__12/O
                         net (fo=35, routed)          0.183    10.029    system_i/aes_ctr_axis_0/inst/u_aes/round_keys[413]
    SLICE_X22Y282        LUT6 (Prop_H6LUT_SLICEL_I5_O)
                                                      0.090    10.119 r  system_i/aes_ctr_axis_0/inst/u_aes/g0_b2__27/O
                         net (fo=1, routed)           0.149    10.268    system_i/aes_ctr_axis_0/inst/u_key_expansion/state9[98]_i_3_2
    SLICE_X22Y282        LUT6 (Prop_E6LUT_SLICEL_I5_O)
                                                      0.147    10.415 r  system_i/aes_ctr_axis_0/inst/u_key_expansion/aes_sbox_inferred__27/g0_b0_i_33/O
                         net (fo=4, routed)           0.179    10.594    system_i/aes_ctr_axis_0/inst/u_aes/state8_reg[98]_0
    SLICE_X27Y282        LUT6 (Prop_B6LUT_SLICEL_I3_O)
                                                      0.051    10.645 r  system_i/aes_ctr_axis_0/inst/u_aes/state8[98]_i_2/O
                         net (fo=2, routed)           0.187    10.832    system_i/aes_ctr_axis_0/inst/u_aes/round_keys[354]
    SLICE_X30Y281        LUT5 (Prop_F6LUT_SLICEL_I4_O)
                                                      0.035    10.867 r  system_i/aes_ctr_axis_0/inst/u_aes/g0_b0_i_12__19/O
                         net (fo=4, routed)           0.100    10.968    system_i/aes_ctr_axis_0/inst/u_aes/round_keys[322]
    SLICE_X31Y281        LUT2 (Prop_H6LUT_SLICEM_I0_O)
                                                      0.101    11.069 r  system_i/aes_ctr_axis_0/inst/u_aes/g0_b0_i_9/O
                         net (fo=4, routed)           0.148    11.217    system_i/aes_ctr_axis_0/inst/u_aes/round_keys[290]
    SLICE_X32Y280        LUT2 (Prop_C6LUT_SLICEL_I0_O)
                                                      0.123    11.340 r  system_i/aes_ctr_axis_0/inst/u_aes/g0_b0_i_3__0/O
                         net (fo=33, routed)          0.232    11.572    system_i/aes_ctr_axis_0/inst/u_aes/round_keys[258]
    SLICE_X34Y278        LUT6 (Prop_G6LUT_SLICEL_I2_O)
                                                      0.149    11.721 r  system_i/aes_ctr_axis_0/inst/u_aes/g2_b5__32/O
                         net (fo=1, routed)           0.193    11.914    system_i/aes_ctr_axis_0/inst/u_key_expansion/state9[109]_i_6_0
    SLICE_X35Y277        LUT6 (Prop_G6LUT_SLICEM_I1_O)
                                                      0.100    12.014 r  system_i/aes_ctr_axis_0/inst/u_key_expansion/aes_sbox_inferred__32/g0_b0_i_46/O
                         net (fo=3, routed)           0.141    12.155    system_i/aes_ctr_axis_0/inst/u_aes/ciphertext_reg[45]_0
    SLICE_X36Y278        LUT6 (Prop_H6LUT_SLICEL_I2_O)
                                                      0.051    12.206 r  system_i/aes_ctr_axis_0/inst/u_aes/g0_b0_i_17/O
                         net (fo=3, routed)           0.112    12.318    system_i/aes_ctr_axis_0/inst/u_aes/g0_b0_i_17_n_0
    SLICE_X36Y276        LUT6 (Prop_C6LUT_SLICEL_I0_O)
                                                      0.123    12.441 r  system_i/aes_ctr_axis_0/inst/u_aes/g0_b0_i_6__4/O
                         net (fo=33, routed)          0.443    12.884    system_i/aes_ctr_axis_0/inst/u_aes/round_keys[141]
    SLICE_X32Y268        LUT6 (Prop_H6LUT_SLICEL_I5_O)
                                                      0.090    12.974 r  system_i/aes_ctr_axis_0/inst/u_aes/g2_b0__37/O
                         net (fo=1, routed)           0.010    12.984    system_i/aes_ctr_axis_0/inst/u_key_expansion/ciphertext[48]_i_3
    SLICE_X32Y268        MUXF7 (Prop_F7MUX_GH_SLICEL_I0_O)
                                                      0.064    13.048 r  system_i/aes_ctr_axis_0/inst/u_key_expansion/aes_sbox_inferred__37/ciphertext_reg[48]_i_7/O
                         net (fo=1, routed)           0.181    13.229    system_i/aes_ctr_axis_0/inst/u_aes/ciphertext_reg[48]_2
    SLICE_X31Y268        LUT6 (Prop_G6LUT_SLICEM_I3_O)
                                                      0.123    13.352 r  system_i/aes_ctr_axis_0/inst/u_aes/ciphertext[48]_i_3/O
                         net (fo=4, routed)           0.156    13.508    system_i/aes_ctr_axis_0/inst/u_aes/ciphertext[48]_i_3_n_0
    SLICE_X30Y267        LUT6 (Prop_B6LUT_SLICEL_I2_O)
                                                      0.148    13.656 r  system_i/aes_ctr_axis_0/inst/u_aes/ciphertext[80]_i_2/O
                         net (fo=1, routed)           0.095    13.751    system_i/aes_ctr_axis_0/inst/u_aes/round_keys[80]
    SLICE_X30Y265        LUT2 (Prop_G6LUT_SLICEL_I0_O)
                                                      0.089    13.840 r  system_i/aes_ctr_axis_0/inst/u_aes/ciphertext[80]_i_1/O
                         net (fo=1, routed)           0.048    13.888    system_i/aes_ctr_axis_0/inst/u_aes/rk10[80]
    SLICE_X30Y265        FDCE                                         r  system_i/aes_ctr_axis_0/inst/u_aes/ciphertext_reg[80]/D
  -------------------------------------------------------------------    -------------------

                         (clock clk_pl_0 rise edge)
                                                     13.333    13.333 r  <hidden>
    PS8_X0Y0             PS8                          0.000    13.333 r  system_i/zynq_ultra_ps_e_0/inst/PS8_i/PLCLK[0]
                         net (fo=1, routed)           0.143    13.476    system_i/zynq_ultra_ps_e_0/inst/pl_clk_unbuffered[0]
    BUFG_PS_X0Y80        BUFG_PS (Prop_BUFG_PS_I_O)
                                                      0.025    13.501 r  system_i/zynq_ultra_ps_e_0/inst/buffer_pl_clk_0.PL_CLK_0_BUFG/O
    X1Y2 (CLOCK_ROOT)    net (fo=12466, routed)       1.684    15.185    system_i/aes_ctr_axis_0/inst/u_aes/aclk
    SLICE_X30Y265        FDCE                                         r  system_i/aes_ctr_axis_0/inst/u_aes/ciphertext_reg[80]/C
                         clock pessimism              0.123    15.308    <hidden>
                         clock uncertainty           -0.141    15.167    <hidden>
    SLICE_X30Y265        FDCE (Setup_GFF_SLICEL_C_D)
                                                      0.025    15.192    system_i/aes_ctr_axis_0/inst/u_aes/ciphertext_reg[80]
  -------------------------------------------------------------------
                         required time                         15.192    <hidden>
                         arrival time                         -13.888    <hidden>
  -------------------------------------------------------------------
                         slack                                  1.304    <hidden>

Slack (MET) :             1.316ns  (required time - arrival time)
  Source:                 system_i/aes_ctr_axis_0/inst/key_reg3_reg[5]/C
                            (rising edge-triggered cell FDRE clocked by clk_pl_0  {rise@0.000ns fall@6.667ns period=13.333ns})
  Destination:            system_i/aes_ctr_axis_0/inst/u_aes/ciphertext_reg[23]/D
                            (rising edge-triggered cell FDCE clocked by clk_pl_0  {rise@0.000ns fall@6.667ns period=13.333ns})
  Path Group:             clk_pl_0
  Path Type:              Setup (Max at Slow Process Corner)
  Requirement:            13.333ns  (clk_pl_0 rise@13.333ns - clk_pl_0 rise@0.000ns)
  Data Path Delay:        11.735ns  (logic 3.525ns (30.039%)  route 8.210ns (69.961%))
  Logic Levels:           46  (LUT2=5 LUT3=3 LUT4=3 LUT5=2 LUT6=20 MUXF7=7 MUXF8=6)
  Clock Path Skew:        -0.166ns (DCD - SCD + CPR)
    Destination Clock Delay (DCD):    1.852ns = ( 15.185 - 13.333 ) 
    Source Clock Delay      (SCD):    2.141ns
    Clock Pessimism Removal (CPR):    0.123ns
  Clock Uncertainty:      0.141ns  ((TSJ^2 + DJ^2)^1/2) / 2 + PE
    Total System Jitter     (TSJ):    0.071ns
    Discrete Jitter          (DJ):    0.273ns
    Phase Error              (PE):    0.000ns
  Clock Net Delay (Source):      1.933ns (routing 0.569ns, distribution 1.364ns)
  Clock Net Delay (Destination): 1.684ns (routing 0.512ns, distribution 1.172ns)

    Location             Delay type                Incr(ns)  Path(ns)    Netlist Resource(s)
  -------------------------------------------------------------------    -------------------
                         (clock clk_pl_0 rise edge)
                                                      0.000     0.000 r  <hidden>
    PS8_X0Y0             PS8                          0.000     0.000 r  system_i/zynq_ultra_ps_e_0/inst/PS8_i/PLCLK[0]
                         net (fo=1, routed)           0.180     0.180    system_i/zynq_ultra_ps_e_0/inst/pl_clk_unbuffered[0]
    BUFG_PS_X0Y80        BUFG_PS (Prop_BUFG_PS_I_O)
                                                      0.028     0.208 r  system_i/zynq_ultra_ps_e_0/inst/buffer_pl_clk_0.PL_CLK_0_BUFG/O
    X1Y2 (CLOCK_ROOT)    net (fo=12466, routed)       1.933     2.141    system_i/aes_ctr_axis_0/inst/aclk
    SLICE_X37Y301        FDRE                                         r  system_i/aes_ctr_axis_0/inst/key_reg3_reg[5]/C
  -------------------------------------------------------------------    -------------------
    SLICE_X37Y301        FDRE (Prop_EFF2_SLICEM_C_Q)
                                                      0.079     2.220 r  system_i/aes_ctr_axis_0/inst/key_reg3_reg[5]/Q
                         net (fo=36, routed)          0.309     2.529    system_i/aes_ctr_axis_0/inst/u_aes/key_value[5]
    SLICE_X35Y298        LUT6 (Prop_G6LUT_SLICEM_I5_O)
                                                      0.150     2.679 r  system_i/aes_ctr_axis_0/inst/u_aes/g1_b3__0/O
                         net (fo=1, routed)           0.017     2.696    system_i/aes_ctr_axis_0/inst/u_key_expansion/aes_sbox_inferred__0/g0_b0_i_10_1
    SLICE_X35Y298        MUXF7 (Prop_F7MUX_GH_SLICEM_I1_O)
                                                      0.060     2.756 r  system_i/aes_ctr_axis_0/inst/u_key_expansion/aes_sbox_inferred__0/g0_b0_i_19/O
                         net (fo=1, routed)           0.000     2.756    system_i/aes_ctr_axis_0/inst/u_key_expansion/aes_sbox_inferred__0/g0_b0_i_19_n_0
    SLICE_X35Y298        MUXF8 (Prop_F8MUX_TOP_SLICEM_I0_O)
                                                      0.028     2.784 r  system_i/aes_ctr_axis_0/inst/u_key_expansion/aes_sbox_inferred__0/g0_b0_i_10/O
                         net (fo=20, routed)          0.165     2.949    system_i/aes_ctr_axis_0/inst/u_aes/SubWord_return[11]
    SLICE_X33Y298        LUT5 (Prop_E6LUT_SLICEL_I2_O)
                                                      0.035     2.984 r  system_i/aes_ctr_axis_0/inst/u_aes/g0_b0_i_4__15/O
                         net (fo=33, routed)          0.347     3.332    system_i/aes_ctr_axis_0/inst/u_aes/round_keys[1163]
    SLICE_X31Y303        LUT6 (Prop_D6LUT_SLICEM_I3_O)
                                                      0.145     3.477 r  system_i/aes_ctr_axis_0/inst/u_aes/g0_b4__5/O
                         net (fo=1, routed)           0.025     3.502    system_i/aes_ctr_axis_0/inst/u_key_expansion/aes_sbox_inferred__5/g0_b0_i_11_0
    SLICE_X31Y303        MUXF7 (Prop_F7MUX_CD_SLICEM_I0_O)
                                                      0.062     3.564 r  system_i/aes_ctr_axis_0/inst/u_key_expansion/aes_sbox_inferred__5/g0_b0_i_21/O
                         net (fo=1, routed)           0.000     3.564    system_i/aes_ctr_axis_0/inst/u_key_expansion/aes_sbox_inferred__5/g0_b0_i_21_n_0
    SLICE_X31Y303        MUXF8 (Prop_F8MUX_BOT_SLICEM_I0_O)
                                                      0.030     3.594 r  system_i/aes_ctr_axis_0/inst/u_key_expansion/aes_sbox_inferred__5/g0_b0_i_11/O
                         net (fo=18, routed)          0.294     3.888    system_i/aes_ctr_axis_0/inst/u_aes/state4_reg[116]_1
    SLICE_X30Y302        LUT3 (Prop_B6LUT_SLICEL_I0_O)
                                                      0.036     3.924 r  system_i/aes_ctr_axis_0/inst/u_aes/g0_b0_i_5__19/O
                         net (fo=34, routed)          0.268     4.191    system_i/aes_ctr_axis_0/inst/u_aes/round_keys[1044]
    SLICE_X29Y299        LUT6 (Prop_B6LUT_SLICEM_I4_O)
                                                      0.100     4.291 r  system_i/aes_ctr_axis_0/inst/u_aes/g2_b5__10/O
                         net (fo=1, routed)           0.017     4.308    system_i/aes_ctr_axis_0/inst/u_key_expansion/aes_sbox_inferred__10/state4_reg[125]_i_3_2
    SLICE_X29Y299        MUXF7 (Prop_F7MUX_AB_SLICEM_I0_O)
                                                      0.060     4.368 r  system_i/aes_ctr_axis_0/inst/u_key_expansion/aes_sbox_inferred__10/state4_reg[125]_i_8/O
                         net (fo=1, routed)           0.000     4.368    system_i/aes_ctr_axis_0/inst/u_key_expansion/aes_sbox_inferred__10/state4_reg[125]_i_8_n_0
    SLICE_X29Y299        MUXF8 (Prop_F8MUX_BOT_SLICEM_I1_O)
                                                      0.028     4.396 r  system_i/aes_ctr_axis_0/inst/u_key_expansion/aes_sbox_inferred__10/state4_reg[125]_i_3/O
                         net (fo=10, routed)          0.303     4.700    system_i/aes_ctr_axis_0/inst/u_aes/state4_reg[125]_2
    SLICE_X32Y296        LUT4 (Prop_C6LUT_SLICEL_I0_O)
                                                      0.035     4.735 r  system_i/aes_ctr_axis_0/inst/u_aes/g0_b0_i_12__11/O
                         net (fo=9, routed)           0.174     4.909    system_i/aes_ctr_axis_0/inst/u_aes/round_keys[957]
    SLICE_X33Y296        LUT2 (Prop_C6LUT_SLICEL_I0_O)
                                                      0.088     4.997 r  system_i/aes_ctr_axis_0/inst/u_aes/g0_b0_i_6__16/O
                         net (fo=34, routed)          0.508     5.504    system_i/aes_ctr_axis_0/inst/u_aes/round_keys[925]
    SLICE_X39Y302        LUT6 (Prop_A6LUT_SLICEM_I5_O)
                                                      0.150     5.654 r  system_i/aes_ctr_axis_0/inst/u_aes/g1_b7__11/O
                         net (fo=2, routed)           0.011     5.665    system_i/aes_ctr_axis_0/inst/u_key_expansion/state4[103]_i_3_1
    SLICE_X39Y302        MUXF7 (Prop_F7MUX_AB_SLICEM_I1_O)
                                                      0.065     5.730 r  system_i/aes_ctr_axis_0/inst/u_key_expansion/aes_sbox_inferred__11/state4_reg[103]_i_6/O
                         net (fo=1, routed)           0.134     5.864    system_i/aes_ctr_axis_0/inst/u_aes/state4_reg[103]_0
    SLICE_X39Y300        LUT6 (Prop_G6LUT_SLICEM_I1_O)
                                                      0.090     5.954 r  system_i/aes_ctr_axis_0/inst/u_aes/state4[103]_i_3/O
                         net (fo=2, routed)           0.099     6.053    system_i/aes_ctr_axis_0/inst/u_aes/round_keys[871]
    SLICE_X39Y298        LUT4 (Prop_G6LUT_SLICEM_I0_O)
                                                      0.037     6.090 r  system_i/aes_ctr_axis_0/inst/u_aes/state4[7]_i_2/O
                         net (fo=12, routed)          0.449     6.539    system_i/aes_ctr_axis_0/inst/u_key_expansion/state4_reg[96][65]
    SLICE_X40Y288        MUXF8 (Prop_F8MUX_BOT_SLICEL_S_O)
                                                      0.069     6.608 r  system_i/aes_ctr_axis_0/inst/u_key_expansion/aes_sbox_inferred__16/g0_b0_i_15/O
                         net (fo=4, routed)           0.313     6.921    system_i/aes_ctr_axis_0/inst/u_aes/state9_reg[106]_1
    SLICE_X36Y287        LUT6 (Prop_H6LUT_SLICEL_I2_O)
                                                      0.124     7.045 r  system_i/aes_ctr_axis_0/inst/u_aes/g0_b0_i_9__10/O
                         net (fo=8, routed)           0.149     7.194    system_i/aes_ctr_axis_0/inst/u_aes/round_keys[746]
    SLICE_X35Y286        LUT3 (Prop_H6LUT_SLICEM_I1_O)
                                                      0.039     7.233 r  system_i/aes_ctr_axis_0/inst/u_aes/g0_b0_i_3__26/O
                         net (fo=34, routed)          0.379     7.612    system_i/aes_ctr_axis_0/inst/u_aes/round_keys[650]
    SLICE_X30Y279        LUT6 (Prop_A6LUT_SLICEL_I2_O)
                                                      0.090     7.702 r  system_i/aes_ctr_axis_0/inst/u_aes/g3_b2__21/O
                         net (fo=1, routed)           0.009     7.711    system_i/aes_ctr_axis_0/inst/u_key_expansion/aes_sbox_inferred__21/g0_b0_i_15_3
    SLICE_X30Y279        MUXF7 (Prop_F7MUX_AB_SLICEL_I1_O)
                                                      0.057     7.768 r  system_i/aes_ctr_axis_0/inst/u_key_expansion/aes_sbox_inferred__21/g0_b0_i_24/O
                         net (fo=1, routed)           0.000     7.768    system_i/aes_ctr_axis_0/inst/u_key_expansion/aes_sbox_inferred__21/g0_b0_i_24_n_0
    SLICE_X30Y279        MUXF8 (Prop_F8MUX_BOT_SLICEL_I1_O)
                                                      0.026     7.794 r  system_i/aes_ctr_axis_0/inst/u_key_expansion/aes_sbox_inferred__21/g0_b0_i_15/O
                         net (fo=4, routed)           0.154     7.948    system_i/aes_ctr_axis_0/inst/u_aes/state9_reg[114]_0
    SLICE_X30Y279        LUT6 (Prop_H6LUT_SLICEL_I3_O)
                                                      0.150     8.098 r  system_i/aes_ctr_axis_0/inst/u_aes/g0_b0_i_9__11/O
                         net (fo=6, routed)           0.294     8.392    system_i/aes_ctr_axis_0/inst/u_aes/round_keys[626]
    SLICE_X27Y282        LUT4 (Prop_A6LUT_SLICEL_I2_O)
                                                      0.050     8.442 r  system_i/aes_ctr_axis_0/inst/u_aes/g0_b0_i_3__30/O
                         net (fo=35, routed)          0.345     8.787    system_i/aes_ctr_axis_0/inst/u_aes/round_keys[530]
    SLICE_X21Y276        LUT6 (Prop_B6LUT_SLICEM_I2_O)
                                                      0.100     8.887 r  system_i/aes_ctr_axis_0/inst/u_aes/g2_b5__26/O
                         net (fo=1, routed)           0.017     8.904    system_i/aes_ctr_axis_0/inst/u_key_expansion/aes_sbox_inferred__26/g0_b0_i_47_2
    SLICE_X21Y276        MUXF7 (Prop_F7MUX_AB_SLICEM_I0_O)
                                                      0.060     8.964 r  system_i/aes_ctr_axis_0/inst/u_key_expansion/aes_sbox_inferred__26/g0_b0_i_60/O
                         net (fo=1, routed)           0.000     8.964    system_i/aes_ctr_axis_0/inst/u_key_expansion/aes_sbox_inferred__26/g0_b0_i_60_n_0
    SLICE_X21Y276        MUXF8 (Prop_F8MUX_BOT_SLICEM_I1_O)
                                                      0.028     8.992 r  system_i/aes_ctr_axis_0/inst/u_key_expansion/aes_sbox_inferred__26/g0_b0_i_47/O
                         net (fo=4, routed)           0.206     9.198    system_i/aes_ctr_axis_0/inst/u_aes/state9_reg[61]_0
    SLICE_X21Y276        LUT6 (Prop_H6LUT_SLICEM_I3_O)
                                                      0.039     9.237 r  system_i/aes_ctr_axis_0/inst/u_aes/state7[125]_i_6/O
                         net (fo=4, routed)           0.239     9.476    system_i/aes_ctr_axis_0/inst/u_aes/round_keys[509]
    SLICE_X23Y279        LUT3 (Prop_B6LUT_SLICEM_I2_O)
                                                      0.089     9.565 r  system_i/aes_ctr_axis_0/inst/u_aes/g0_b0_i_12__26/O
                         net (fo=5, routed)           0.156     9.721    system_i/aes_ctr_axis_0/inst/u_aes/round_keys[445]
    SLICE_X23Y282        LUT2 (Prop_E6LUT_SLICEM_I0_O)
                                                      0.124     9.845 r  system_i/aes_ctr_axis_0/inst/u_aes/g0_b0_i_6__12/O
                         net (fo=35, routed)          0.204    10.049    system_i/aes_ctr_axis_0/inst/u_aes/round_keys[413]
    SLICE_X23Y283        LUT6 (Prop_G6LUT_SLICEM_I5_O)
                                                      0.150    10.199 r  system_i/aes_ctr_axis_0/inst/u_aes/g2_b1__27/O
                         net (fo=1, routed)           0.048    10.247    system_i/aes_ctr_axis_0/inst/u_key_expansion/state9[97]_i_4_0
    SLICE_X23Y283        LUT6 (Prop_E6LUT_SLICEM_I1_O)
                                                      0.100    10.347 r  system_i/aes_ctr_axis_0/inst/u_key_expansion/aes_sbox_inferred__27/g0_b0_i_28/O
                         net (fo=4, routed)           0.219    10.566    system_i/aes_ctr_axis_0/inst/u_aes/state8_reg[97]_0
    SLICE_X28Y283        LUT6 (Prop_F6LUT_SLICEL_I3_O)
                                                      0.035    10.601 r  system_i/aes_ctr_axis_0/inst/u_aes/state8[97]_i_2/O
                         net (fo=2, routed)           0.213    10.814    system_i/aes_ctr_axis_0/inst/u_aes/round_keys[353]
    SLICE_X31Y283        LUT5 (Prop_C6LUT_SLICEM_I4_O)
                                                      0.037    10.851 r  system_i/aes_ctr_axis_0/inst/u_aes/g0_b0_i_10__19/O
                         net (fo=4, routed)           0.190    11.041    system_i/aes_ctr_axis_0/inst/u_aes/round_keys[321]
    SLICE_X32Y282        LUT2 (Prop_F6LUT_SLICEL_I0_O)
                                                      0.089    11.130 r  system_i/aes_ctr_axis_0/inst/u_aes/g0_b0_i_8/O
                         net (fo=4, routed)           0.178    11.308    system_i/aes_ctr_axis_0/inst/u_aes/round_keys[289]
    SLICE_X33Y280        LUT2 (Prop_E6LUT_SLICEL_I0_O)
                                                      0.090    11.398 r  system_i/aes_ctr_axis_0/inst/u_aes/g0_b0_i_2__0/O
                         net (fo=33, routed)          0.225    11.623    system_i/aes_ctr_axis_0/inst/u_aes/round_keys[257]
    SLICE_X35Y279        LUT6 (Prop_H6LUT_SLICEM_I1_O)
                                                      0.125    11.748 r  system_i/aes_ctr_axis_0/inst/u_aes/g0_b3__32/O
                         net (fo=1, routed)           0.145    11.893    system_i/aes_ctr_axis_0/inst/u_key_expansion/state9[107]_i_4_2
    SLICE_X35Y279        LUT6 (Prop_E6LUT_SLICEM_I5_O)
                                                      0.052    11.945 r  system_i/aes_ctr_axis_0/inst/u_key_expansion/aes_sbox_inferred__32/g0_b0_i_36/O
                         net (fo=3, routed)           0.150    12.095    system_i/aes_ctr_axis_0/inst/u_aes/ciphertext_reg[43]_0
    SLICE_X36Y280        LUT6 (Prop_H6LUT_SLICEL_I2_O)
                                                      0.099    12.194 r  system_i/aes_ctr_axis_0/inst/u_aes/g0_b0_i_13/O
                         net (fo=3, routed)           0.248    12.442    system_i/aes_ctr_axis_0/inst/u_aes/g0_b0_i_13_n_0
    SLICE_X35Y276        LUT6 (Prop_B6LUT_SLICEM_I0_O)
                                                      0.037    12.479 r  system_i/aes_ctr_axis_0/inst/u_aes/g0_b0_i_4__4/O
                         net (fo=33, routed)          0.449    12.927    system_i/aes_ctr_axis_0/inst/u_aes/round_keys[139]
    SLICE_X32Y265        LUT6 (Prop_D6LUT_SLICEL_I3_O)
                                                      0.146    13.073 r  system_i/aes_ctr_axis_0/inst/u_aes/g0_b7__37/O
                         net (fo=2, routed)           0.009    13.082    system_i/aes_ctr_axis_0/inst/u_key_expansion/ciphertext[55]_i_3_2
    SLICE_X32Y265        MUXF7 (Prop_F7MUX_CD_SLICEL_I0_O)
                                                      0.063    13.145 r  system_i/aes_ctr_axis_0/inst/u_key_expansion/aes_sbox_inferred__37/ciphertext_reg[55]_i_11/O
                         net (fo=1, routed)           0.234    13.379    system_i/aes_ctr_axis_0/inst/u_aes/ciphertext_reg[55]_3
    SLICE_X31Y263        LUT6 (Prop_A6LUT_SLICEM_I5_O)
                                                      0.038    13.417 r  system_i/aes_ctr_axis_0/inst/u_aes/ciphertext[55]_i_3/O
                         net (fo=3, routed)           0.108    13.525    system_i/aes_ctr_axis_0/inst/u_aes/ciphertext[55]_i_3_n_0
    SLICE_X31Y263        LUT6 (Prop_H6LUT_SLICEM_I2_O)
                                                      0.090    13.615 r  system_i/aes_ctr_axis_0/inst/u_aes/ciphertext[23]_i_2/O
                         net (fo=1, routed)           0.138    13.753    system_i/aes_ctr_axis_0/inst/u_aes/round_keys[23]
    SLICE_X31Y263        LUT2 (Prop_D6LUT_SLICEM_I0_O)
                                                      0.051    13.804 r  system_i/aes_ctr_axis_0/inst/u_aes/ciphertext[23]_i_1/O
                         net (fo=1, routed)           0.072    13.876    system_i/aes_ctr_axis_0/inst/u_aes/rk10[23]
    SLICE_X31Y263        FDCE                                         r  system_i/aes_ctr_axis_0/inst/u_aes/ciphertext_reg[23]/D
  -------------------------------------------------------------------    -------------------

                         (clock clk_pl_0 rise edge)
                                                     13.333    13.333 r  <hidden>
    PS8_X0Y0             PS8                          0.000    13.333 r  system_i/zynq_ultra_ps_e_0/inst/PS8_i/PLCLK[0]
                         net (fo=1, routed)           0.143    13.476    system_i/zynq_ultra_ps_e_0/inst/pl_clk_unbuffered[0]
    BUFG_PS_X0Y80        BUFG_PS (Prop_BUFG_PS_I_O)
                                                      0.025    13.501 r  system_i/zynq_ultra_ps_e_0/inst/buffer_pl_clk_0.PL_CLK_0_BUFG/O
    X1Y2 (CLOCK_ROOT)    net (fo=12466, routed)       1.684    15.185    system_i/aes_ctr_axis_0/inst/u_aes/aclk
    SLICE_X31Y263        FDCE                                         r  system_i/aes_ctr_axis_0/inst/u_aes/ciphertext_reg[23]/C
                         clock pessimism              0.123    15.308    <hidden>
                         clock uncertainty           -0.141    15.167    <hidden>
    SLICE_X31Y263        FDCE (Setup_DFF_SLICEM_C_D)
                                                      0.025    15.192    system_i/aes_ctr_axis_0/inst/u_aes/ciphertext_reg[23]
  -------------------------------------------------------------------
                         required time                         15.192    <hidden>
                         arrival time                         -13.876    <hidden>
  -------------------------------------------------------------------
                         slack                                  1.316    <hidden>

Slack (MET) :             1.317ns  (required time - arrival time)
  Source:                 system_i/aes_ctr_axis_0/inst/key_reg3_reg[9]/C
                            (rising edge-triggered cell FDRE clocked by clk_pl_0  {rise@0.000ns fall@6.667ns period=13.333ns})
  Destination:            system_i/aes_ctr_axis_0/inst/u_aes/ciphertext_reg[92]/D
                            (rising edge-triggered cell FDCE clocked by clk_pl_0  {rise@0.000ns fall@6.667ns period=13.333ns})
  Path Group:             clk_pl_0
  Path Type:              Setup (Max at Slow Process Corner)
  Requirement:            13.333ns  (clk_pl_0 rise@13.333ns - clk_pl_0 rise@0.000ns)
  Data Path Delay:        11.714ns  (logic 3.525ns (30.091%)  route 8.189ns (69.909%))
  Logic Levels:           46  (LUT2=5 LUT3=3 LUT4=3 LUT5=2 LUT6=20 MUXF7=7 MUXF8=6)
  Clock Path Skew:        -0.186ns (DCD - SCD + CPR)
    Destination Clock Delay (DCD):    1.871ns = ( 15.204 - 13.333 ) 
    Source Clock Delay      (SCD):    2.180ns
    Clock Pessimism Removal (CPR):    0.123ns
  Clock Uncertainty:      0.141ns  ((TSJ^2 + DJ^2)^1/2) / 2 + PE
    Total System Jitter     (TSJ):    0.071ns
    Discrete Jitter          (DJ):    0.273ns
    Phase Error              (PE):    0.000ns
  Clock Net Delay (Source):      1.972ns (routing 0.569ns, distribution 1.403ns)
  Clock Net Delay (Destination): 1.703ns (routing 0.512ns, distribution 1.191ns)

    Location             Delay type                Incr(ns)  Path(ns)    Netlist Resource(s)
  -------------------------------------------------------------------    -------------------
                         (clock clk_pl_0 rise edge)
                                                      0.000     0.000 r  <hidden>
    PS8_X0Y0             PS8                          0.000     0.000 r  system_i/zynq_ultra_ps_e_0/inst/PS8_i/PLCLK[0]
                         net (fo=1, routed)           0.180     0.180    system_i/zynq_ultra_ps_e_0/inst/pl_clk_unbuffered[0]
    BUFG_PS_X0Y80        BUFG_PS (Prop_BUFG_PS_I_O)
                                                      0.028     0.208 r  system_i/zynq_ultra_ps_e_0/inst/buffer_pl_clk_0.PL_CLK_0_BUFG/O
    X1Y2 (CLOCK_ROOT)    net (fo=12466, routed)       1.972     2.180    system_i/aes_ctr_axis_0/inst/aclk
    SLICE_X29Y301        FDRE                                         r  system_i/aes_ctr_axis_0/inst/key_reg3_reg[9]/C
  -------------------------------------------------------------------    -------------------
    SLICE_X29Y301        FDRE (Prop_HFF_SLICEM_C_Q)
                                                      0.079     2.259 r  system_i/aes_ctr_axis_0/inst/key_reg3_reg[9]/Q
                         net (fo=36, routed)          0.306     2.565    system_i/aes_ctr_axis_0/inst/u_aes/key_value[9]
    SLICE_X30Y302        LUT6 (Prop_F6LUT_SLICEL_I1_O)
                                                      0.089     2.654 r  system_i/aes_ctr_axis_0/inst/u_aes/g2_b5__1/O
                         net (fo=1, routed)           0.011     2.665    system_i/aes_ctr_axis_0/inst/u_key_expansion/aes_sbox_inferred__1/g0_b0_i_12_2
    SLICE_X30Y302        MUXF7 (Prop_F7MUX_EF_SLICEL_I0_O)
                                                      0.057     2.722 r  system_i/aes_ctr_axis_0/inst/u_key_expansion/aes_sbox_inferred__1/g0_b0_i_24/O
                         net (fo=1, routed)           0.000     2.722    system_i/aes_ctr_axis_0/inst/u_key_expansion/aes_sbox_inferred__1/g0_b0_i_24_n_0
    SLICE_X30Y302        MUXF8 (Prop_F8MUX_TOP_SLICEL_I1_O)
                                                      0.026     2.748 r  system_i/aes_ctr_axis_0/inst/u_key_expansion/aes_sbox_inferred__1/g0_b0_i_12/O
                         net (fo=20, routed)          0.236     2.983    system_i/aes_ctr_axis_0/inst/u_aes/SubWord_return[21]
    SLICE_X29Y301        LUT5 (Prop_H6LUT_SLICEM_I2_O)
                                                      0.053     3.036 r  system_i/aes_ctr_axis_0/inst/u_aes/g0_b0_i_6__17/O
                         net (fo=33, routed)          0.205     3.242    system_i/aes_ctr_axis_0/inst/u_aes/round_keys[1173]
    SLICE_X30Y301        LUT6 (Prop_B6LUT_SLICEL_I5_O)
                                                      0.148     3.390 r  system_i/aes_ctr_axis_0/inst/u_aes/g2_b0__6/O
                         net (fo=1, routed)           0.009     3.399    system_i/aes_ctr_axis_0/inst/u_key_expansion/aes_sbox_inferred__6/g0_b0_i_7_0
    SLICE_X30Y301        MUXF7 (Prop_F7MUX_AB_SLICEL_I0_O)
                                                      0.056     3.455 r  system_i/aes_ctr_axis_0/inst/u_key_expansion/aes_sbox_inferred__6/g0_b0_i_14/O
                         net (fo=1, routed)           0.000     3.455    system_i/aes_ctr_axis_0/inst/u_key_expansion/aes_sbox_inferred__6/g0_b0_i_14_n_0
    SLICE_X30Y301        MUXF8 (Prop_F8MUX_BOT_SLICEL_I1_O)
                                                      0.026     3.481 r  system_i/aes_ctr_axis_0/inst/u_key_expansion/aes_sbox_inferred__6/g0_b0_i_7/O
                         net (fo=18, routed)          0.284     3.764    system_i/aes_ctr_axis_0/inst/u_aes/state4_reg[120]_1
    SLICE_X33Y300        LUT3 (Prop_H6LUT_SLICEL_I0_O)
                                                      0.150     3.914 r  system_i/aes_ctr_axis_0/inst/u_aes/g0_b0_i_1__20/O
                         net (fo=34, routed)          0.382     4.296    system_i/aes_ctr_axis_0/inst/u_aes/round_keys[1048]
    SLICE_X36Y297        LUT6 (Prop_E6LUT_SLICEL_I0_O)
                                                      0.147     4.443 r  system_i/aes_ctr_axis_0/inst/u_aes/g3_b2__7/O
                         net (fo=1, routed)           0.007     4.450    system_i/aes_ctr_axis_0/inst/u_key_expansion/aes_sbox_inferred__7/state4_reg[98]_i_3_3
    SLICE_X36Y297        MUXF7 (Prop_F7MUX_EF_SLICEL_I1_O)
                                                      0.056     4.506 r  system_i/aes_ctr_axis_0/inst/u_key_expansion/aes_sbox_inferred__7/state4_reg[98]_i_8/O
                         net (fo=1, routed)           0.000     4.506    system_i/aes_ctr_axis_0/inst/u_key_expansion/aes_sbox_inferred__7/state4_reg[98]_i_8_n_0
    SLICE_X36Y297        MUXF8 (Prop_F8MUX_TOP_SLICEL_I1_O)
                                                      0.026     4.532 r  system_i/aes_ctr_axis_0/inst/u_key_expansion/aes_sbox_inferred__7/state4_reg[98]_i_3/O
                         net (fo=10, routed)          0.295     4.827    system_i/aes_ctr_axis_0/inst/u_aes/state4_reg[98]_2
    SLICE_X39Y293        LUT4 (Prop_E6LUT_SLICEM_I0_O)
                                                      0.037     4.864 r  system_i/aes_ctr_axis_0/inst/u_aes/g0_b0_i_9__20/O
                         net (fo=9, routed)           0.152     5.016    system_i/aes_ctr_axis_0/inst/u_aes/round_keys[930]
    SLICE_X38Y295        LUT2 (Prop_C6LUT_SLICEL_I0_O)
                                                      0.035     5.051 r  system_i/aes_ctr_axis_0/inst/u_aes/g0_b0_i_3__2/O
                         net (fo=34, routed)          0.415     5.467    system_i/aes_ctr_axis_0/inst/u_aes/round_keys[898]
    SLICE_X39Y303        LUT6 (Prop_B6LUT_SLICEM_I2_O)
                                                      0.089     5.556 r  system_i/aes_ctr_axis_0/inst/u_aes/g2_b7__12/O
                         net (fo=2, routed)           0.017     5.573    system_i/aes_ctr_axis_0/inst/u_key_expansion/state4[111]_i_3_0
    SLICE_X39Y303        MUXF7 (Prop_F7MUX_AB_SLICEM_I0_O)
                                                      0.067     5.640 r  system_i/aes_ctr_axis_0/inst/u_key_expansion/aes_sbox_inferred__12/state4_reg[111]_i_7/O
                         net (fo=1, routed)           0.195     5.835    system_i/aes_ctr_axis_0/inst/u_aes/state4_reg[111]_1
    SLICE_X39Y303        LUT6 (Prop_H6LUT_SLICEM_I3_O)
                                                      0.101     5.936 r  system_i/aes_ctr_axis_0/inst/u_aes/state4[111]_i_3/O
                         net (fo=2, routed)           0.193     6.129    system_i/aes_ctr_axis_0/inst/u_aes/round_keys[879]
    SLICE_X37Y300        LUT4 (Prop_G6LUT_SLICEM_I0_O)
                                                      0.052     6.181 r  system_i/aes_ctr_axis_0/inst/u_aes/state4[15]_i_2/O
                         net (fo=12, routed)          0.531     6.712    system_i/aes_ctr_axis_0/inst/u_key_expansion/state4_reg[96][67]
    SLICE_X30Y289        MUXF8 (Prop_F8MUX_BOT_SLICEL_S_O)
                                                      0.069     6.781 r  system_i/aes_ctr_axis_0/inst/u_key_expansion/aes_sbox_inferred__17/g0_b0_i_17/O
                         net (fo=4, routed)           0.159     6.940    system_i/aes_ctr_axis_0/inst/u_aes/state9_reg[116]_1
    SLICE_X30Y289        LUT6 (Prop_G6LUT_SLICEL_I2_O)
                                                      0.149     7.089 r  system_i/aes_ctr_axis_0/inst/u_aes/g0_b0_i_11__12/O
                         net (fo=8, routed)           0.104     7.193    system_i/aes_ctr_axis_0/inst/u_aes/round_keys[756]
    SLICE_X28Y289        LUT3 (Prop_G6LUT_SLICEL_I1_O)
                                                      0.050     7.243 r  system_i/aes_ctr_axis_0/inst/u_aes/g0_b0_i_5__29/O
                         net (fo=34, routed)          0.262     7.505    system_i/aes_ctr_axis_0/inst/u_aes/round_keys[660]
    SLICE_X24Y288        LUT6 (Prop_D6LUT_SLICEL_I4_O)
                                                      0.122     7.627 r  system_i/aes_ctr_axis_0/inst/u_aes/g0_b5__22/O
                         net (fo=1, routed)           0.009     7.636    system_i/aes_ctr_axis_0/inst/u_key_expansion/aes_sbox_inferred__22/g0_b0_i_18_0
    SLICE_X24Y288        MUXF7 (Prop_F7MUX_CD_SLICEL_I0_O)
                                                      0.056     7.692 r  system_i/aes_ctr_axis_0/inst/u_key_expansion/aes_sbox_inferred__22/g0_b0_i_29/O
                         net (fo=1, routed)           0.000     7.692    system_i/aes_ctr_axis_0/inst/u_key_expansion/aes_sbox_inferred__22/g0_b0_i_29_n_0
    SLICE_X24Y288        MUXF8 (Prop_F8MUX_BOT_SLICEL_I0_O)
                                                      0.026     7.718 r  system_i/aes_ctr_axis_0/inst/u_key_expansion/aes_sbox_inferred__22/g0_b0_i_18/O
                         net (fo=4, routed)           0.190     7.908    system_i/aes_ctr_axis_0/inst/u_aes/state9_reg[125]_0
    SLICE_X24Y288        LUT6 (Prop_H6LUT_SLICEL_I3_O)
                                                      0.036     7.944 r  system_i/aes_ctr_axis_0/inst/u_aes/g0_b0_i_12__9/O
                         net (fo=6, routed)           0.270     8.214    system_i/aes_ctr_axis_0/inst/u_aes/round_keys[637]
    SLICE_X27Y286        LUT4 (Prop_B6LUT_SLICEL_I2_O)
                                                      0.090     8.304 r  system_i/aes_ctr_axis_0/inst/u_aes/g0_b0_i_6__33/O
                         net (fo=35, routed)          0.425     8.728    system_i/aes_ctr_axis_0/inst/u_aes/round_keys[541]
    SLICE_X30Y284        LUT6 (Prop_A6LUT_SLICEL_I5_O)
                                                      0.035     8.763 r  system_i/aes_ctr_axis_0/inst/u_aes/g3_b5__23/O
                         net (fo=1, routed)           0.009     8.772    system_i/aes_ctr_axis_0/inst/u_key_expansion/aes_sbox_inferred__23/g0_b0_i_47_3
    SLICE_X30Y284        MUXF7 (Prop_F7MUX_AB_SLICEL_I1_O)
                                                      0.057     8.829 r  system_i/aes_ctr_axis_0/inst/u_key_expansion/aes_sbox_inferred__23/g0_b0_i_60/O
                         net (fo=1, routed)           0.000     8.829    system_i/aes_ctr_axis_0/inst/u_key_expansion/aes_sbox_inferred__23/g0_b0_i_60_n_0
    SLICE_X30Y284        MUXF8 (Prop_F8MUX_BOT_SLICEL_I1_O)
                                                      0.026     8.855 r  system_i/aes_ctr_axis_0/inst/u_key_expansion/aes_sbox_inferred__23/g0_b0_i_47/O
                         net (fo=4, routed)           0.247     9.102    system_i/aes_ctr_axis_0/inst/u_aes/state7_reg[101]_0
    SLICE_X31Y284        LUT6 (Prop_C6LUT_SLICEM_I3_O)
                                                      0.123     9.225 r  system_i/aes_ctr_axis_0/inst/u_aes/state7[101]_i_2/O
                         net (fo=4, routed)           0.266     9.491    system_i/aes_ctr_axis_0/inst/u_aes/round_keys[485]
    SLICE_X37Y284        LUT3 (Prop_G6LUT_SLICEM_I2_O)
                                                      0.037     9.528 r  system_i/aes_ctr_axis_0/inst/u_aes/g0_b0_i_12__20/O
                         net (fo=5, routed)           0.097     9.625    system_i/aes_ctr_axis_0/inst/u_aes/round_keys[421]
    SLICE_X37Y283        LUT2 (Prop_G6LUT_SLICEM_I0_O)
                                                      0.090     9.715 r  system_i/aes_ctr_axis_0/inst/u_aes/g0_b0_i_6__1/O
                         net (fo=35, routed)          0.339    10.054    system_i/aes_ctr_axis_0/inst/u_aes/round_keys[389]
    SLICE_X38Y282        LUT6 (Prop_G6LUT_SLICEL_I5_O)
                                                      0.149    10.203 r  system_i/aes_ctr_axis_0/inst/u_aes/g1_b3__28/O
                         net (fo=1, routed)           0.046    10.249    system_i/aes_ctr_axis_0/inst/u_key_expansion/state8[107]_i_2_1
    SLICE_X38Y282        LUT6 (Prop_E6LUT_SLICEL_I3_O)
                                                      0.099    10.348 r  system_i/aes_ctr_axis_0/inst/u_key_expansion/aes_sbox_inferred__28/g0_b0_i_38/O
                         net (fo=4, routed)           0.165    10.513    system_i/aes_ctr_axis_0/inst/u_aes/ciphertext_reg[43]_1
    SLICE_X38Y280        LUT6 (Prop_H6LUT_SLICEL_I3_O)
                                                      0.036    10.549 r  system_i/aes_ctr_axis_0/inst/u_aes/state8[107]_i_2/O
                         net (fo=2, routed)           0.041    10.590    system_i/aes_ctr_axis_0/inst/u_aes/round_keys[363]
    SLICE_X38Y280        LUT5 (Prop_F6LUT_SLICEL_I4_O)
                                                      0.089    10.679 r  system_i/aes_ctr_axis_0/inst/u_aes/g0_b0_i_14__0/O
                         net (fo=4, routed)           0.265    10.944    system_i/aes_ctr_axis_0/inst/u_aes/round_keys[331]
    SLICE_X37Y277        LUT2 (Prop_G6LUT_SLICEM_I0_O)
                                                      0.052    10.996 r  system_i/aes_ctr_axis_0/inst/u_aes/g0_b0_i_10__2/O
                         net (fo=4, routed)           0.194    11.190    system_i/aes_ctr_axis_0/inst/u_aes/round_keys[299]
    SLICE_X35Y273        LUT2 (Prop_E6LUT_SLICEM_I0_O)
                                                      0.037    11.227 r  system_i/aes_ctr_axis_0/inst/u_aes/g0_b0_i_4__5/O
                         net (fo=33, routed)          0.360    11.587    system_i/aes_ctr_axis_0/inst/u_aes/round_keys[267]
    SLICE_X34Y267        LUT6 (Prop_C6LUT_SLICEL_I3_O)
                                                      0.146    11.733 r  system_i/aes_ctr_axis_0/inst/u_aes/g2_b5__33/O
                         net (fo=1, routed)           0.099    11.832    system_i/aes_ctr_axis_0/inst/u_key_expansion/state9[117]_i_6_0
    SLICE_X33Y267        LUT6 (Prop_E6LUT_SLICEL_I1_O)
                                                      0.147    11.979 r  system_i/aes_ctr_axis_0/inst/u_key_expansion/aes_sbox_inferred__33/g0_b0_i_46/O
                         net (fo=3, routed)           0.304    12.283    system_i/aes_ctr_axis_0/inst/u_aes/ciphertext_reg[53]_0
    SLICE_X29Y271        LUT6 (Prop_G6LUT_SLICEM_I2_O)
                                                      0.037    12.320 r  system_i/aes_ctr_axis_0/inst/u_aes/g0_b0_i_17__0/O
                         net (fo=3, routed)           0.099    12.419    system_i/aes_ctr_axis_0/inst/u_aes/g0_b0_i_17__0_n_0
    SLICE_X28Y271        LUT6 (Prop_G6LUT_SLICEL_I0_O)
                                                      0.050    12.469 r  system_i/aes_ctr_axis_0/inst/u_aes/g0_b0_i_6__6/O
                         net (fo=33, routed)          0.359    12.827    system_i/aes_ctr_axis_0/inst/u_aes/round_keys[149]
    SLICE_X24Y267        LUT6 (Prop_C6LUT_SLICEL_I5_O)
                                                      0.146    12.973 r  system_i/aes_ctr_axis_0/inst/u_aes/g3_b4__38/O
                         net (fo=1, routed)           0.010    12.983    system_i/aes_ctr_axis_0/inst/u_key_expansion/ciphertext[60]_i_3_2
    SLICE_X24Y267        MUXF7 (Prop_F7MUX_CD_SLICEL_I1_O)
                                                      0.064    13.047 r  system_i/aes_ctr_axis_0/inst/u_key_expansion/aes_sbox_inferred__38/ciphertext_reg[60]_i_7/O
                         net (fo=1, routed)           0.234    13.281    system_i/aes_ctr_axis_0/inst/u_aes/ciphertext_reg[60]_2
    SLICE_X22Y270        LUT6 (Prop_H6LUT_SLICEL_I3_O)
                                                      0.124    13.405 r  system_i/aes_ctr_axis_0/inst/u_aes/ciphertext[60]_i_3/O
                         net (fo=4, routed)           0.196    13.601    system_i/aes_ctr_axis_0/inst/u_aes/ciphertext[60]_i_3_n_0
    SLICE_X21Y273        LUT6 (Prop_H6LUT_SLICEM_I2_O)
                                                      0.053    13.654 r  system_i/aes_ctr_axis_0/inst/u_aes/ciphertext[92]_i_2/O
                         net (fo=1, routed)           0.155    13.809    system_i/aes_ctr_axis_0/inst/u_aes/round_keys[92]
    SLICE_X20Y273        LUT2 (Prop_D6LUT_SLICEL_I0_O)
                                                      0.036    13.845 r  system_i/aes_ctr_axis_0/inst/u_aes/ciphertext[92]_i_1/O
                         net (fo=1, routed)           0.049    13.894    system_i/aes_ctr_axis_0/inst/u_aes/rk10[92]
    SLICE_X20Y273        FDCE                                         r  system_i/aes_ctr_axis_0/inst/u_aes/ciphertext_reg[92]/D
  -------------------------------------------------------------------    -------------------

                         (clock clk_pl_0 rise edge)
                                                     13.333    13.333 r  <hidden>
    PS8_X0Y0             PS8                          0.000    13.333 r  system_i/zynq_ultra_ps_e_0/inst/PS8_i/PLCLK[0]
                         net (fo=1, routed)           0.143    13.476    system_i/zynq_ultra_ps_e_0/inst/pl_clk_unbuffered[0]
    BUFG_PS_X0Y80        BUFG_PS (Prop_BUFG_PS_I_O)
                                                      0.025    13.501 r  system_i/zynq_ultra_ps_e_0/inst/buffer_pl_clk_0.PL_CLK_0_BUFG/O
    X1Y2 (CLOCK_ROOT)    net (fo=12466, routed)       1.703    15.204    system_i/aes_ctr_axis_0/inst/u_aes/aclk
    SLICE_X20Y273        FDCE                                         r  system_i/aes_ctr_axis_0/inst/u_aes/ciphertext_reg[92]/C
                         clock pessimism              0.123    15.327    <hidden>
                         clock uncertainty           -0.141    15.186    <hidden>
    SLICE_X20Y273        FDCE (Setup_DFF_SLICEL_C_D)
                                                      0.025    15.211    system_i/aes_ctr_axis_0/inst/u_aes/ciphertext_reg[92]
  -------------------------------------------------------------------
                         required time                         15.211    <hidden>
                         arrival time                         -13.894    <hidden>
  -------------------------------------------------------------------
                         slack                                  1.317    <hidden>

Slack (MET) :             1.340ns  (required time - arrival time)
  Source:                 system_i/aes_ctr_axis_0/inst/key_reg3_reg[9]/C
                            (rising edge-triggered cell FDRE clocked by clk_pl_0  {rise@0.000ns fall@6.667ns period=13.333ns})
  Destination:            system_i/aes_ctr_axis_0/inst/u_aes/ciphertext_reg[29]/D
                            (rising edge-triggered cell FDCE clocked by clk_pl_0  {rise@0.000ns fall@6.667ns period=13.333ns})
  Path Group:             clk_pl_0
  Path Type:              Setup (Max at Slow Process Corner)
  Requirement:            13.333ns  (clk_pl_0 rise@13.333ns - clk_pl_0 rise@0.000ns)
  Data Path Delay:        11.692ns  (logic 3.603ns (30.817%)  route 8.089ns (69.183%))
  Logic Levels:           46  (LUT2=5 LUT3=3 LUT4=3 LUT5=2 LUT6=20 MUXF7=7 MUXF8=6)
  Clock Path Skew:        -0.185ns (DCD - SCD + CPR)
    Destination Clock Delay (DCD):    1.872ns = ( 15.205 - 13.333 ) 
    Source Clock Delay      (SCD):    2.180ns
    Clock Pessimism Removal (CPR):    0.123ns
  Clock Uncertainty:      0.141ns  ((TSJ^2 + DJ^2)^1/2) / 2 + PE
    Total System Jitter     (TSJ):    0.071ns
    Discrete Jitter          (DJ):    0.273ns
    Phase Error              (PE):    0.000ns
  Clock Net Delay (Source):      1.972ns (routing 0.569ns, distribution 1.403ns)
  Clock Net Delay (Destination): 1.704ns (routing 0.512ns, distribution 1.192ns)

    Location             Delay type                Incr(ns)  Path(ns)    Netlist Resource(s)
  -------------------------------------------------------------------    -------------------
                         (clock clk_pl_0 rise edge)
                                                      0.000     0.000 r  <hidden>
    PS8_X0Y0             PS8                          0.000     0.000 r  system_i/zynq_ultra_ps_e_0/inst/PS8_i/PLCLK[0]
                         net (fo=1, routed)           0.180     0.180    system_i/zynq_ultra_ps_e_0/inst/pl_clk_unbuffered[0]
    BUFG_PS_X0Y80        BUFG_PS (Prop_BUFG_PS_I_O)
                                                      0.028     0.208 r  system_i/zynq_ultra_ps_e_0/inst/buffer_pl_clk_0.PL_CLK_0_BUFG/O
    X1Y2 (CLOCK_ROOT)    net (fo=12466, routed)       1.972     2.180    system_i/aes_ctr_axis_0/inst/aclk
    SLICE_X29Y301        FDRE                                         r  system_i/aes_ctr_axis_0/inst/key_reg3_reg[9]/C
  -------------------------------------------------------------------    -------------------
    SLICE_X29Y301        FDRE (Prop_HFF_SLICEM_C_Q)
                                                      0.079     2.259 r  system_i/aes_ctr_axis_0/inst/key_reg3_reg[9]/Q
                         net (fo=36, routed)          0.306     2.565    system_i/aes_ctr_axis_0/inst/u_aes/key_value[9]
    SLICE_X30Y302        LUT6 (Prop_F6LUT_SLICEL_I1_O)
                                                      0.089     2.654 r  system_i/aes_ctr_axis_0/inst/u_aes/g2_b5__1/O
                         net (fo=1, routed)           0.011     2.665    system_i/aes_ctr_axis_0/inst/u_key_expansion/aes_sbox_inferred__1/g0_b0_i_12_2
    SLICE_X30Y302        MUXF7 (Prop_F7MUX_EF_SLICEL_I0_O)
                                                      0.057     2.722 r  system_i/aes_ctr_axis_0/inst/u_key_expansion/aes_sbox_inferred__1/g0_b0_i_24/O
                         net (fo=1, routed)           0.000     2.722    system_i/aes_ctr_axis_0/inst/u_key_expansion/aes_sbox_inferred__1/g0_b0_i_24_n_0
    SLICE_X30Y302        MUXF8 (Prop_F8MUX_TOP_SLICEL_I1_O)
                                                      0.026     2.748 r  system_i/aes_ctr_axis_0/inst/u_key_expansion/aes_sbox_inferred__1/g0_b0_i_12/O
                         net (fo=20, routed)          0.236     2.983    system_i/aes_ctr_axis_0/inst/u_aes/SubWord_return[21]
    SLICE_X29Y301        LUT5 (Prop_H6LUT_SLICEM_I2_O)
                                                      0.053     3.036 r  system_i/aes_ctr_axis_0/inst/u_aes/g0_b0_i_6__17/O
                         net (fo=33, routed)          0.205     3.242    system_i/aes_ctr_axis_0/inst/u_aes/round_keys[1173]
    SLICE_X30Y301        LUT6 (Prop_B6LUT_SLICEL_I5_O)
                                                      0.148     3.390 r  system_i/aes_ctr_axis_0/inst/u_aes/g2_b0__6/O
                         net (fo=1, routed)           0.009     3.399    system_i/aes_ctr_axis_0/inst/u_key_expansion/aes_sbox_inferred__6/g0_b0_i_7_0
    SLICE_X30Y301        MUXF7 (Prop_F7MUX_AB_SLICEL_I0_O)
                                                      0.056     3.455 r  system_i/aes_ctr_axis_0/inst/u_key_expansion/aes_sbox_inferred__6/g0_b0_i_14/O
                         net (fo=1, routed)           0.000     3.455    system_i/aes_ctr_axis_0/inst/u_key_expansion/aes_sbox_inferred__6/g0_b0_i_14_n_0
    SLICE_X30Y301        MUXF8 (Prop_F8MUX_BOT_SLICEL_I1_O)
                                                      0.026     3.481 r  system_i/aes_ctr_axis_0/inst/u_key_expansion/aes_sbox_inferred__6/g0_b0_i_7/O
                         net (fo=18, routed)          0.284     3.764    system_i/aes_ctr_axis_0/inst/u_aes/state4_reg[120]_1
    SLICE_X33Y300        LUT3 (Prop_H6LUT_SLICEL_I0_O)
                                                      0.150     3.914 r  system_i/aes_ctr_axis_0/inst/u_aes/g0_b0_i_1__20/O
                         net (fo=34, routed)          0.382     4.296    system_i/aes_ctr_axis_0/inst/u_aes/round_keys[1048]
    SLICE_X36Y297        LUT6 (Prop_E6LUT_SLICEL_I0_O)
                                                      0.147     4.443 r  system_i/aes_ctr_axis_0/inst/u_aes/g3_b2__7/O
                         net (fo=1, routed)           0.007     4.450    system_i/aes_ctr_axis_0/inst/u_key_expansion/aes_sbox_inferred__7/state4_reg[98]_i_3_3
    SLICE_X36Y297        MUXF7 (Prop_F7MUX_EF_SLICEL_I1_O)
                                                      0.056     4.506 r  system_i/aes_ctr_axis_0/inst/u_key_expansion/aes_sbox_inferred__7/state4_reg[98]_i_8/O
                         net (fo=1, routed)           0.000     4.506    system_i/aes_ctr_axis_0/inst/u_key_expansion/aes_sbox_inferred__7/state4_reg[98]_i_8_n_0
    SLICE_X36Y297        MUXF8 (Prop_F8MUX_TOP_SLICEL_I1_O)
                                                      0.026     4.532 r  system_i/aes_ctr_axis_0/inst/u_key_expansion/aes_sbox_inferred__7/state4_reg[98]_i_3/O
                         net (fo=10, routed)          0.295     4.827    system_i/aes_ctr_axis_0/inst/u_aes/state4_reg[98]_2
    SLICE_X39Y293        LUT4 (Prop_E6LUT_SLICEM_I0_O)
                                                      0.037     4.864 r  system_i/aes_ctr_axis_0/inst/u_aes/g0_b0_i_9__20/O
                         net (fo=9, routed)           0.152     5.016    system_i/aes_ctr_axis_0/inst/u_aes/round_keys[930]
    SLICE_X38Y295        LUT2 (Prop_C6LUT_SLICEL_I0_O)
                                                      0.035     5.051 r  system_i/aes_ctr_axis_0/inst/u_aes/g0_b0_i_3__2/O
                         net (fo=34, routed)          0.415     5.467    system_i/aes_ctr_axis_0/inst/u_aes/round_keys[898]
    SLICE_X39Y303        LUT6 (Prop_B6LUT_SLICEM_I2_O)
                                                      0.089     5.556 r  system_i/aes_ctr_axis_0/inst/u_aes/g2_b7__12/O
                         net (fo=2, routed)           0.017     5.573    system_i/aes_ctr_axis_0/inst/u_key_expansion/state4[111]_i_3_0
    SLICE_X39Y303        MUXF7 (Prop_F7MUX_AB_SLICEM_I0_O)
                                                      0.067     5.640 r  system_i/aes_ctr_axis_0/inst/u_key_expansion/aes_sbox_inferred__12/state4_reg[111]_i_7/O
                         net (fo=1, routed)           0.195     5.835    system_i/aes_ctr_axis_0/inst/u_aes/state4_reg[111]_1
    SLICE_X39Y303        LUT6 (Prop_H6LUT_SLICEM_I3_O)
                                                      0.101     5.936 r  system_i/aes_ctr_axis_0/inst/u_aes/state4[111]_i_3/O
                         net (fo=2, routed)           0.193     6.129    system_i/aes_ctr_axis_0/inst/u_aes/round_keys[879]
    SLICE_X37Y300        LUT4 (Prop_G6LUT_SLICEM_I0_O)
                                                      0.052     6.181 r  system_i/aes_ctr_axis_0/inst/u_aes/state4[15]_i_2/O
                         net (fo=12, routed)          0.531     6.712    system_i/aes_ctr_axis_0/inst/u_key_expansion/state4_reg[96][67]
    SLICE_X30Y289        MUXF8 (Prop_F8MUX_BOT_SLICEL_S_O)
                                                      0.069     6.781 r  system_i/aes_ctr_axis_0/inst/u_key_expansion/aes_sbox_inferred__17/g0_b0_i_17/O
                         net (fo=4, routed)           0.159     6.940    system_i/aes_ctr_axis_0/inst/u_aes/state9_reg[116]_1
    SLICE_X30Y289        LUT6 (Prop_G6LUT_SLICEL_I2_O)
                                                      0.149     7.089 r  system_i/aes_ctr_axis_0/inst/u_aes/g0_b0_i_11__12/O
                         net (fo=8, routed)           0.104     7.193    system_i/aes_ctr_axis_0/inst/u_aes/round_keys[756]
    SLICE_X28Y289        LUT3 (Prop_G6LUT_SLICEL_I1_O)
                                                      0.050     7.243 r  system_i/aes_ctr_axis_0/inst/u_aes/g0_b0_i_5__29/O
                         net (fo=34, routed)          0.262     7.505    system_i/aes_ctr_axis_0/inst/u_aes/round_keys[660]
    SLICE_X24Y288        LUT6 (Prop_D6LUT_SLICEL_I4_O)
                                                      0.122     7.627 r  system_i/aes_ctr_axis_0/inst/u_aes/g0_b5__22/O
                         net (fo=1, routed)           0.009     7.636    system_i/aes_ctr_axis_0/inst/u_key_expansion/aes_sbox_inferred__22/g0_b0_i_18_0
    SLICE_X24Y288        MUXF7 (Prop_F7MUX_CD_SLICEL_I0_O)
                                                      0.056     7.692 r  system_i/aes_ctr_axis_0/inst/u_key_expansion/aes_sbox_inferred__22/g0_b0_i_29/O
                         net (fo=1, routed)           0.000     7.692    system_i/aes_ctr_axis_0/inst/u_key_expansion/aes_sbox_inferred__22/g0_b0_i_29_n_0
    SLICE_X24Y288        MUXF8 (Prop_F8MUX_BOT_SLICEL_I0_O)
                                                      0.026     7.718 r  system_i/aes_ctr_axis_0/inst/u_key_expansion/aes_sbox_inferred__22/g0_b0_i_18/O
                         net (fo=4, routed)           0.190     7.908    system_i/aes_ctr_axis_0/inst/u_aes/state9_reg[125]_0
    SLICE_X24Y288        LUT6 (Prop_H6LUT_SLICEL_I3_O)
                                                      0.036     7.944 r  system_i/aes_ctr_axis_0/inst/u_aes/g0_b0_i_12__9/O
                         net (fo=6, routed)           0.270     8.214    system_i/aes_ctr_axis_0/inst/u_aes/round_keys[637]
    SLICE_X27Y286        LUT4 (Prop_B6LUT_SLICEL_I2_O)
                                                      0.090     8.304 r  system_i/aes_ctr_axis_0/inst/u_aes/g0_b0_i_6__33/O
                         net (fo=35, routed)          0.425     8.728    system_i/aes_ctr_axis_0/inst/u_aes/round_keys[541]
    SLICE_X30Y284        LUT6 (Prop_A6LUT_SLICEL_I5_O)
                                                      0.035     8.763 r  system_i/aes_ctr_axis_0/inst/u_aes/g3_b5__23/O
                         net (fo=1, routed)           0.009     8.772    system_i/aes_ctr_axis_0/inst/u_key_expansion/aes_sbox_inferred__23/g0_b0_i_47_3
    SLICE_X30Y284        MUXF7 (Prop_F7MUX_AB_SLICEL_I1_O)
                                                      0.057     8.829 r  system_i/aes_ctr_axis_0/inst/u_key_expansion/aes_sbox_inferred__23/g0_b0_i_60/O
                         net (fo=1, routed)           0.000     8.829    system_i/aes_ctr_axis_0/inst/u_key_expansion/aes_sbox_inferred__23/g0_b0_i_60_n_0
    SLICE_X30Y284        MUXF8 (Prop_F8MUX_BOT_SLICEL_I1_O)
                                                      0.026     8.855 r  system_i/aes_ctr_axis_0/inst/u_key_expansion/aes_sbox_inferred__23/g0_b0_i_47/O
                         net (fo=4, routed)           0.247     9.102    system_i/aes_ctr_axis_0/inst/u_aes/state7_reg[101]_0
    SLICE_X31Y284        LUT6 (Prop_C6LUT_SLICEM_I3_O)
                                                      0.123     9.225 r  system_i/aes_ctr_axis_0/inst/u_aes/state7[101]_i_2/O
                         net (fo=4, routed)           0.266     9.491    system_i/aes_ctr_axis_0/inst/u_aes/round_keys[485]
    SLICE_X37Y284        LUT3 (Prop_G6LUT_SLICEM_I2_O)
                                                      0.037     9.528 r  system_i/aes_ctr_axis_0/inst/u_aes/g0_b0_i_12__20/O
                         net (fo=5, routed)           0.097     9.625    system_i/aes_ctr_axis_0/inst/u_aes/round_keys[421]
    SLICE_X37Y283        LUT2 (Prop_G6LUT_SLICEM_I0_O)
                                                      0.090     9.715 r  system_i/aes_ctr_axis_0/inst/u_aes/g0_b0_i_6__1/O
                         net (fo=35, routed)          0.339    10.054    system_i/aes_ctr_axis_0/inst/u_aes/round_keys[389]
    SLICE_X38Y282        LUT6 (Prop_G6LUT_SLICEL_I5_O)
                                                      0.149    10.203 r  system_i/aes_ctr_axis_0/inst/u_aes/g1_b3__28/O
                         net (fo=1, routed)           0.046    10.249    system_i/aes_ctr_axis_0/inst/u_key_expansion/state8[107]_i_2_1
    SLICE_X38Y282        LUT6 (Prop_E6LUT_SLICEL_I3_O)
                                                      0.099    10.348 r  system_i/aes_ctr_axis_0/inst/u_key_expansion/aes_sbox_inferred__28/g0_b0_i_38/O
                         net (fo=4, routed)           0.165    10.513    system_i/aes_ctr_axis_0/inst/u_aes/ciphertext_reg[43]_1
    SLICE_X38Y280        LUT6 (Prop_H6LUT_SLICEL_I3_O)
                                                      0.036    10.549 r  system_i/aes_ctr_axis_0/inst/u_aes/state8[107]_i_2/O
                         net (fo=2, routed)           0.041    10.590    system_i/aes_ctr_axis_0/inst/u_aes/round_keys[363]
    SLICE_X38Y280        LUT5 (Prop_F6LUT_SLICEL_I4_O)
                                                      0.089    10.679 r  system_i/aes_ctr_axis_0/inst/u_aes/g0_b0_i_14__0/O
                         net (fo=4, routed)           0.265    10.944    system_i/aes_ctr_axis_0/inst/u_aes/round_keys[331]
    SLICE_X37Y277        LUT2 (Prop_G6LUT_SLICEM_I0_O)
                                                      0.052    10.996 r  system_i/aes_ctr_axis_0/inst/u_aes/g0_b0_i_10__2/O
                         net (fo=4, routed)           0.194    11.190    system_i/aes_ctr_axis_0/inst/u_aes/round_keys[299]
    SLICE_X35Y273        LUT2 (Prop_E6LUT_SLICEM_I0_O)
                                                      0.037    11.227 r  system_i/aes_ctr_axis_0/inst/u_aes/g0_b0_i_4__5/O
                         net (fo=33, routed)          0.360    11.587    system_i/aes_ctr_axis_0/inst/u_aes/round_keys[267]
    SLICE_X34Y267        LUT6 (Prop_C6LUT_SLICEL_I3_O)
                                                      0.146    11.733 r  system_i/aes_ctr_axis_0/inst/u_aes/g2_b5__33/O
                         net (fo=1, routed)           0.099    11.832    system_i/aes_ctr_axis_0/inst/u_key_expansion/state9[117]_i_6_0
    SLICE_X33Y267        LUT6 (Prop_E6LUT_SLICEL_I1_O)
                                                      0.147    11.979 r  system_i/aes_ctr_axis_0/inst/u_key_expansion/aes_sbox_inferred__33/g0_b0_i_46/O
                         net (fo=3, routed)           0.304    12.283    system_i/aes_ctr_axis_0/inst/u_aes/ciphertext_reg[53]_0
    SLICE_X29Y271        LUT6 (Prop_G6LUT_SLICEM_I2_O)
                                                      0.037    12.320 r  system_i/aes_ctr_axis_0/inst/u_aes/g0_b0_i_17__0/O
                         net (fo=3, routed)           0.099    12.419    system_i/aes_ctr_axis_0/inst/u_aes/g0_b0_i_17__0_n_0
    SLICE_X28Y271        LUT6 (Prop_G6LUT_SLICEL_I0_O)
                                                      0.050    12.469 r  system_i/aes_ctr_axis_0/inst/u_aes/g0_b0_i_6__6/O
                         net (fo=33, routed)          0.372    12.841    system_i/aes_ctr_axis_0/inst/u_aes/round_keys[149]
    SLICE_X23Y269        LUT6 (Prop_C6LUT_SLICEM_I5_O)
                                                      0.145    12.986 r  system_i/aes_ctr_axis_0/inst/u_aes/g1_b5__38/O
                         net (fo=1, routed)           0.021    13.007    system_i/aes_ctr_axis_0/inst/u_key_expansion/ciphertext[61]_i_3_0
    SLICE_X23Y269        MUXF7 (Prop_F7MUX_CD_SLICEM_I1_O)
                                                      0.068    13.075 r  system_i/aes_ctr_axis_0/inst/u_key_expansion/aes_sbox_inferred__38/ciphertext_reg[61]_i_8/O
                         net (fo=1, routed)           0.148    13.223    system_i/aes_ctr_axis_0/inst/u_aes/ciphertext_reg[61]_3
    SLICE_X22Y269        LUT6 (Prop_H6LUT_SLICEL_I5_O)
                                                      0.150    13.373 r  system_i/aes_ctr_axis_0/inst/u_aes/ciphertext[61]_i_3/O
                         net (fo=4, routed)           0.258    13.631    system_i/aes_ctr_axis_0/inst/u_aes/ciphertext[61]_i_3_n_0
    SLICE_X23Y273        LUT6 (Prop_D6LUT_SLICEM_I1_O)
                                                      0.037    13.668 r  system_i/aes_ctr_axis_0/inst/u_aes/ciphertext[29]_i_2/O
                         net (fo=1, routed)           0.045    13.713    system_i/aes_ctr_axis_0/inst/u_aes/round_keys[29]
    SLICE_X23Y273        LUT2 (Prop_H6LUT_SLICEM_I0_O)
                                                      0.101    13.814 r  system_i/aes_ctr_axis_0/inst/u_aes/ciphertext[29]_i_1/O
                         net (fo=1, routed)           0.058    13.872    system_i/aes_ctr_axis_0/inst/u_aes/rk10[29]
    SLICE_X23Y273        FDCE                                         r  system_i/aes_ctr_axis_0/inst/u_aes/ciphertext_reg[29]/D
  -------------------------------------------------------------------    -------------------

                         (clock clk_pl_0 rise edge)
                                                     13.333    13.333 r  <hidden>
    PS8_X0Y0             PS8                          0.000    13.333 r  system_i/zynq_ultra_ps_e_0/inst/PS8_i/PLCLK[0]
                         net (fo=1, routed)           0.143    13.476    system_i/zynq_ultra_ps_e_0/inst/pl_clk_unbuffered[0]
    BUFG_PS_X0Y80        BUFG_PS (Prop_BUFG_PS_I_O)
                                                      0.025    13.501 r  system_i/zynq_ultra_ps_e_0/inst/buffer_pl_clk_0.PL_CLK_0_BUFG/O
    X1Y2 (CLOCK_ROOT)    net (fo=12466, routed)       1.704    15.205    system_i/aes_ctr_axis_0/inst/u_aes/aclk
    SLICE_X23Y273        FDCE                                         r  system_i/aes_ctr_axis_0/inst/u_aes/ciphertext_reg[29]/C
                         clock pessimism              0.123    15.328    <hidden>
                         clock uncertainty           -0.141    15.187    <hidden>
    SLICE_X23Y273        FDCE (Setup_HFF_SLICEM_C_D)
                                                      0.025    15.212    system_i/aes_ctr_axis_0/inst/u_aes/ciphertext_reg[29]
  -------------------------------------------------------------------
                         required time                         15.212    <hidden>
                         arrival time                         -13.872    <hidden>
  -------------------------------------------------------------------
                         slack                                  1.340    <hidden>

Slack (MET) :             1.345ns  (required time - arrival time)
  Source:                 system_i/aes_ctr_axis_0/inst/key_reg3_reg[9]/C
                            (rising edge-triggered cell FDRE clocked by clk_pl_0  {rise@0.000ns fall@6.667ns period=13.333ns})
  Destination:            system_i/aes_ctr_axis_0/inst/u_aes/ciphertext_reg[122]/D
                            (rising edge-triggered cell FDCE clocked by clk_pl_0  {rise@0.000ns fall@6.667ns period=13.333ns})
  Path Group:             clk_pl_0
  Path Type:              Setup (Max at Slow Process Corner)
  Requirement:            13.333ns  (clk_pl_0 rise@13.333ns - clk_pl_0 rise@0.000ns)
  Data Path Delay:        11.688ns  (logic 3.700ns (31.658%)  route 7.988ns (68.343%))
  Logic Levels:           46  (LUT2=5 LUT3=3 LUT4=3 LUT5=2 LUT6=20 MUXF7=7 MUXF8=6)
  Clock Path Skew:        -0.185ns (DCD - SCD + CPR)
    Destination Clock Delay (DCD):    1.872ns = ( 15.205 - 13.333 ) 
    Source Clock Delay      (SCD):    2.180ns
    Clock Pessimism Removal (CPR):    0.123ns
  Clock Uncertainty:      0.141ns  ((TSJ^2 + DJ^2)^1/2) / 2 + PE
    Total System Jitter     (TSJ):    0.071ns
    Discrete Jitter          (DJ):    0.273ns
    Phase Error              (PE):    0.000ns
  Clock Net Delay (Source):      1.972ns (routing 0.569ns, distribution 1.403ns)
  Clock Net Delay (Destination): 1.704ns (routing 0.512ns, distribution 1.192ns)

    Location             Delay type                Incr(ns)  Path(ns)    Netlist Resource(s)
  -------------------------------------------------------------------    -------------------
                         (clock clk_pl_0 rise edge)
                                                      0.000     0.000 r  <hidden>
    PS8_X0Y0             PS8                          0.000     0.000 r  system_i/zynq_ultra_ps_e_0/inst/PS8_i/PLCLK[0]
                         net (fo=1, routed)           0.180     0.180    system_i/zynq_ultra_ps_e_0/inst/pl_clk_unbuffered[0]
    BUFG_PS_X0Y80        BUFG_PS (Prop_BUFG_PS_I_O)
                                                      0.028     0.208 r  system_i/zynq_ultra_ps_e_0/inst/buffer_pl_clk_0.PL_CLK_0_BUFG/O
    X1Y2 (CLOCK_ROOT)    net (fo=12466, routed)       1.972     2.180    system_i/aes_ctr_axis_0/inst/aclk
    SLICE_X29Y301        FDRE                                         r  system_i/aes_ctr_axis_0/inst/key_reg3_reg[9]/C
  -------------------------------------------------------------------    -------------------
    SLICE_X29Y301        FDRE (Prop_HFF_SLICEM_C_Q)
                                                      0.079     2.259 r  system_i/aes_ctr_axis_0/inst/key_reg3_reg[9]/Q
                         net (fo=36, routed)          0.306     2.565    system_i/aes_ctr_axis_0/inst/u_aes/key_value[9]
    SLICE_X30Y302        LUT6 (Prop_F6LUT_SLICEL_I1_O)
                                                      0.089     2.654 r  system_i/aes_ctr_axis_0/inst/u_aes/g2_b5__1/O
                         net (fo=1, routed)           0.011     2.665    system_i/aes_ctr_axis_0/inst/u_key_expansion/aes_sbox_inferred__1/g0_b0_i_12_2
    SLICE_X30Y302        MUXF7 (Prop_F7MUX_EF_SLICEL_I0_O)
                                                      0.057     2.722 r  system_i/aes_ctr_axis_0/inst/u_key_expansion/aes_sbox_inferred__1/g0_b0_i_24/O
                         net (fo=1, routed)           0.000     2.722    system_i/aes_ctr_axis_0/inst/u_key_expansion/aes_sbox_inferred__1/g0_b0_i_24_n_0
    SLICE_X30Y302        MUXF8 (Prop_F8MUX_TOP_SLICEL_I1_O)
                                                      0.026     2.748 r  system_i/aes_ctr_axis_0/inst/u_key_expansion/aes_sbox_inferred__1/g0_b0_i_12/O
                         net (fo=20, routed)          0.236     2.983    system_i/aes_ctr_axis_0/inst/u_aes/SubWord_return[21]
    SLICE_X29Y301        LUT5 (Prop_H6LUT_SLICEM_I2_O)
                                                      0.053     3.036 r  system_i/aes_ctr_axis_0/inst/u_aes/g0_b0_i_6__17/O
                         net (fo=33, routed)          0.205     3.242    system_i/aes_ctr_axis_0/inst/u_aes/round_keys[1173]
    SLICE_X30Y301        LUT6 (Prop_B6LUT_SLICEL_I5_O)
                                                      0.148     3.390 r  system_i/aes_ctr_axis_0/inst/u_aes/g2_b0__6/O
                         net (fo=1, routed)           0.009     3.399    system_i/aes_ctr_axis_0/inst/u_key_expansion/aes_sbox_inferred__6/g0_b0_i_7_0
    SLICE_X30Y301        MUXF7 (Prop_F7MUX_AB_SLICEL_I0_O)
                                                      0.056     3.455 r  system_i/aes_ctr_axis_0/inst/u_key_expansion/aes_sbox_inferred__6/g0_b0_i_14/O
                         net (fo=1, routed)           0.000     3.455    system_i/aes_ctr_axis_0/inst/u_key_expansion/aes_sbox_inferred__6/g0_b0_i_14_n_0
    SLICE_X30Y301        MUXF8 (Prop_F8MUX_BOT_SLICEL_I1_O)
                                                      0.026     3.481 r  system_i/aes_ctr_axis_0/inst/u_key_expansion/aes_sbox_inferred__6/g0_b0_i_7/O
                         net (fo=18, routed)          0.284     3.764    system_i/aes_ctr_axis_0/inst/u_aes/state4_reg[120]_1
    SLICE_X33Y300        LUT3 (Prop_H6LUT_SLICEL_I0_O)
                                                      0.150     3.914 r  system_i/aes_ctr_axis_0/inst/u_aes/g0_b0_i_1__20/O
                         net (fo=34, routed)          0.382     4.296    system_i/aes_ctr_axis_0/inst/u_aes/round_keys[1048]
    SLICE_X36Y297        LUT6 (Prop_E6LUT_SLICEL_I0_O)
                                                      0.147     4.443 r  system_i/aes_ctr_axis_0/inst/u_aes/g3_b2__7/O
                         net (fo=1, routed)           0.007     4.450    system_i/aes_ctr_axis_0/inst/u_key_expansion/aes_sbox_inferred__7/state4_reg[98]_i_3_3
    SLICE_X36Y297        MUXF7 (Prop_F7MUX_EF_SLICEL_I1_O)
                                                      0.056     4.506 r  system_i/aes_ctr_axis_0/inst/u_key_expansion/aes_sbox_inferred__7/state4_reg[98]_i_8/O
                         net (fo=1, routed)           0.000     4.506    system_i/aes_ctr_axis_0/inst/u_key_expansion/aes_sbox_inferred__7/state4_reg[98]_i_8_n_0
    SLICE_X36Y297        MUXF8 (Prop_F8MUX_TOP_SLICEL_I1_O)
                                                      0.026     4.532 r  system_i/aes_ctr_axis_0/inst/u_key_expansion/aes_sbox_inferred__7/state4_reg[98]_i_3/O
                         net (fo=10, routed)          0.295     4.827    system_i/aes_ctr_axis_0/inst/u_aes/state4_reg[98]_2
    SLICE_X39Y293        LUT4 (Prop_E6LUT_SLICEM_I0_O)
                                                      0.037     4.864 r  system_i/aes_ctr_axis_0/inst/u_aes/g0_b0_i_9__20/O
                         net (fo=9, routed)           0.152     5.016    system_i/aes_ctr_axis_0/inst/u_aes/round_keys[930]
    SLICE_X38Y295        LUT2 (Prop_C6LUT_SLICEL_I0_O)
                                                      0.035     5.051 r  system_i/aes_ctr_axis_0/inst/u_aes/g0_b0_i_3__2/O
                         net (fo=34, routed)          0.415     5.467    system_i/aes_ctr_axis_0/inst/u_aes/round_keys[898]
    SLICE_X39Y303        LUT6 (Prop_B6LUT_SLICEM_I2_O)
                                                      0.089     5.556 r  system_i/aes_ctr_axis_0/inst/u_aes/g2_b7__12/O
                         net (fo=2, routed)           0.017     5.573    system_i/aes_ctr_axis_0/inst/u_key_expansion/state4[111]_i_3_0
    SLICE_X39Y303        MUXF7 (Prop_F7MUX_AB_SLICEM_I0_O)
                                                      0.067     5.640 r  system_i/aes_ctr_axis_0/inst/u_key_expansion/aes_sbox_inferred__12/state4_reg[111]_i_7/O
                         net (fo=1, routed)           0.195     5.835    system_i/aes_ctr_axis_0/inst/u_aes/state4_reg[111]_1
    SLICE_X39Y303        LUT6 (Prop_H6LUT_SLICEM_I3_O)
                                                      0.101     5.936 r  system_i/aes_ctr_axis_0/inst/u_aes/state4[111]_i_3/O
                         net (fo=2, routed)           0.193     6.129    system_i/aes_ctr_axis_0/inst/u_aes/round_keys[879]
    SLICE_X37Y300        LUT4 (Prop_G6LUT_SLICEM_I0_O)
                                                      0.052     6.181 r  system_i/aes_ctr_axis_0/inst/u_aes/state4[15]_i_2/O
                         net (fo=12, routed)          0.531     6.712    system_i/aes_ctr_axis_0/inst/u_key_expansion/state4_reg[96][67]
    SLICE_X30Y289        MUXF8 (Prop_F8MUX_BOT_SLICEL_S_O)
                                                      0.069     6.781 r  system_i/aes_ctr_axis_0/inst/u_key_expansion/aes_sbox_inferred__17/g0_b0_i_17/O
                         net (fo=4, routed)           0.159     6.940    system_i/aes_ctr_axis_0/inst/u_aes/state9_reg[116]_1
    SLICE_X30Y289        LUT6 (Prop_G6LUT_SLICEL_I2_O)
                                                      0.149     7.089 r  system_i/aes_ctr_axis_0/inst/u_aes/g0_b0_i_11__12/O
                         net (fo=8, routed)           0.104     7.193    system_i/aes_ctr_axis_0/inst/u_aes/round_keys[756]
    SLICE_X28Y289        LUT3 (Prop_G6LUT_SLICEL_I1_O)
                                                      0.050     7.243 r  system_i/aes_ctr_axis_0/inst/u_aes/g0_b0_i_5__29/O
                         net (fo=34, routed)          0.262     7.505    system_i/aes_ctr_axis_0/inst/u_aes/round_keys[660]
    SLICE_X24Y288        LUT6 (Prop_D6LUT_SLICEL_I4_O)
                                                      0.122     7.627 r  system_i/aes_ctr_axis_0/inst/u_aes/g0_b5__22/O
                         net (fo=1, routed)           0.009     7.636    system_i/aes_ctr_axis_0/inst/u_key_expansion/aes_sbox_inferred__22/g0_b0_i_18_0
    SLICE_X24Y288        MUXF7 (Prop_F7MUX_CD_SLICEL_I0_O)
                                                      0.056     7.692 r  system_i/aes_ctr_axis_0/inst/u_key_expansion/aes_sbox_inferred__22/g0_b0_i_29/O
                         net (fo=1, routed)           0.000     7.692    system_i/aes_ctr_axis_0/inst/u_key_expansion/aes_sbox_inferred__22/g0_b0_i_29_n_0
    SLICE_X24Y288        MUXF8 (Prop_F8MUX_BOT_SLICEL_I0_O)
                                                      0.026     7.718 r  system_i/aes_ctr_axis_0/inst/u_key_expansion/aes_sbox_inferred__22/g0_b0_i_18/O
                         net (fo=4, routed)           0.190     7.908    system_i/aes_ctr_axis_0/inst/u_aes/state9_reg[125]_0
    SLICE_X24Y288        LUT6 (Prop_H6LUT_SLICEL_I3_O)
                                                      0.036     7.944 r  system_i/aes_ctr_axis_0/inst/u_aes/g0_b0_i_12__9/O
                         net (fo=6, routed)           0.270     8.214    system_i/aes_ctr_axis_0/inst/u_aes/round_keys[637]
    SLICE_X27Y286        LUT4 (Prop_B6LUT_SLICEL_I2_O)
                                                      0.090     8.304 r  system_i/aes_ctr_axis_0/inst/u_aes/g0_b0_i_6__33/O
                         net (fo=35, routed)          0.425     8.728    system_i/aes_ctr_axis_0/inst/u_aes/round_keys[541]
    SLICE_X30Y284        LUT6 (Prop_A6LUT_SLICEL_I5_O)
                                                      0.035     8.763 r  system_i/aes_ctr_axis_0/inst/u_aes/g3_b5__23/O
                         net (fo=1, routed)           0.009     8.772    system_i/aes_ctr_axis_0/inst/u_key_expansion/aes_sbox_inferred__23/g0_b0_i_47_3
    SLICE_X30Y284        MUXF7 (Prop_F7MUX_AB_SLICEL_I1_O)
                                                      0.057     8.829 r  system_i/aes_ctr_axis_0/inst/u_key_expansion/aes_sbox_inferred__23/g0_b0_i_60/O
                         net (fo=1, routed)           0.000     8.829    system_i/aes_ctr_axis_0/inst/u_key_expansion/aes_sbox_inferred__23/g0_b0_i_60_n_0
    SLICE_X30Y284        MUXF8 (Prop_F8MUX_BOT_SLICEL_I1_O)
                                                      0.026     8.855 r  system_i/aes_ctr_axis_0/inst/u_key_expansion/aes_sbox_inferred__23/g0_b0_i_47/O
                         net (fo=4, routed)           0.247     9.102    system_i/aes_ctr_axis_0/inst/u_aes/state7_reg[101]_0
    SLICE_X31Y284        LUT6 (Prop_C6LUT_SLICEM_I3_O)
                                                      0.123     9.225 r  system_i/aes_ctr_axis_0/inst/u_aes/state7[101]_i_2/O
                         net (fo=4, routed)           0.266     9.491    system_i/aes_ctr_axis_0/inst/u_aes/round_keys[485]
    SLICE_X37Y284        LUT3 (Prop_G6LUT_SLICEM_I2_O)
                                                      0.037     9.528 r  system_i/aes_ctr_axis_0/inst/u_aes/g0_b0_i_12__20/O
                         net (fo=5, routed)           0.097     9.625    system_i/aes_ctr_axis_0/inst/u_aes/round_keys[421]
    SLICE_X37Y283        LUT2 (Prop_G6LUT_SLICEM_I0_O)
                                                      0.090     9.715 r  system_i/aes_ctr_axis_0/inst/u_aes/g0_b0_i_6__1/O
                         net (fo=35, routed)          0.277     9.992    system_i/aes_ctr_axis_0/inst/u_aes/round_keys[389]
    SLICE_X36Y281        LUT6 (Prop_C6LUT_SLICEL_I5_O)
                                                      0.146    10.138 r  system_i/aes_ctr_axis_0/inst/u_aes/g2_b4__28/O
                         net (fo=1, routed)           0.064    10.202    system_i/aes_ctr_axis_0/inst/u_key_expansion/state8[108]_i_2_0
    SLICE_X36Y281        LUT6 (Prop_G6LUT_SLICEL_I1_O)
                                                      0.149    10.351 r  system_i/aes_ctr_axis_0/inst/u_key_expansion/aes_sbox_inferred__28/g0_b0_i_43/O
                         net (fo=4, routed)           0.099    10.451    system_i/aes_ctr_axis_0/inst/u_aes/ciphertext_reg[44]_1
    SLICE_X37Y281        LUT6 (Prop_D6LUT_SLICEM_I3_O)
                                                      0.088    10.539 r  system_i/aes_ctr_axis_0/inst/u_aes/state8[108]_i_2/O
                         net (fo=2, routed)           0.093    10.632    system_i/aes_ctr_axis_0/inst/u_aes/round_keys[364]
    SLICE_X37Y280        LUT5 (Prop_G6LUT_SLICEM_I4_O)
                                                      0.052    10.684 r  system_i/aes_ctr_axis_0/inst/u_aes/g0_b0_i_16__0/O
                         net (fo=4, routed)           0.220    10.904    system_i/aes_ctr_axis_0/inst/u_aes/round_keys[332]
    SLICE_X36Y275        LUT2 (Prop_E5LUT_SLICEL_I0_O)
                                                      0.114    11.018 r  system_i/aes_ctr_axis_0/inst/u_aes/g0_b0_i_11__3/O
                         net (fo=4, routed)           0.233    11.251    system_i/aes_ctr_axis_0/inst/u_aes/round_keys[300]
    SLICE_X35Y270        LUT2 (Prop_F6LUT_SLICEM_I0_O)
                                                      0.098    11.349 r  system_i/aes_ctr_axis_0/inst/u_aes/g0_b0_i_5__5/O
                         net (fo=33, routed)          0.358    11.708    system_i/aes_ctr_axis_0/inst/u_aes/round_keys[268]
    SLICE_X32Y266        LUT6 (Prop_C6LUT_SLICEL_I4_O)
                                                      0.146    11.854 r  system_i/aes_ctr_axis_0/inst/u_aes/g3_b4__33/O
                         net (fo=1, routed)           0.139    11.993    system_i/aes_ctr_axis_0/inst/u_key_expansion/state9[116]_i_4
    SLICE_X33Y266        LUT6 (Prop_G6LUT_SLICEL_I0_O)
                                                      0.097    12.090 r  system_i/aes_ctr_axis_0/inst/u_key_expansion/aes_sbox_inferred__33/g0_b0_i_41/O
                         net (fo=3, routed)           0.197    12.286    system_i/aes_ctr_axis_0/inst/u_aes/ciphertext_reg[52]_0
    SLICE_X31Y267        LUT6 (Prop_D6LUT_SLICEM_I2_O)
                                                      0.051    12.337 r  system_i/aes_ctr_axis_0/inst/u_aes/g0_b0_i_15__0/O
                         net (fo=3, routed)           0.107    12.444    system_i/aes_ctr_axis_0/inst/u_aes/g0_b0_i_15__0_n_0
    SLICE_X29Y267        LUT6 (Prop_F6LUT_SLICEM_I0_O)
                                                      0.037    12.481 r  system_i/aes_ctr_axis_0/inst/u_aes/g0_b0_i_5__6/O
                         net (fo=33, routed)          0.385    12.866    system_i/aes_ctr_axis_0/inst/u_aes/round_keys[148]
    SLICE_X24Y269        LUT6 (Prop_C6LUT_SLICEL_I4_O)
                                                      0.088    12.954 r  system_i/aes_ctr_axis_0/inst/u_aes/g1_b2__38/O
                         net (fo=1, routed)           0.010    12.964    system_i/aes_ctr_axis_0/inst/u_key_expansion/ciphertext[58]_i_3_0
    SLICE_X24Y269        MUXF7 (Prop_F7MUX_CD_SLICEL_I1_O)
                                                      0.064    13.028 r  system_i/aes_ctr_axis_0/inst/u_key_expansion/aes_sbox_inferred__38/ciphertext_reg[58]_i_8/O
                         net (fo=1, routed)           0.233    13.261    system_i/aes_ctr_axis_0/inst/u_aes/ciphertext_reg[58]_3
    SLICE_X23Y270        LUT6 (Prop_H6LUT_SLICEM_I5_O)
                                                      0.152    13.413 r  system_i/aes_ctr_axis_0/inst/u_aes/ciphertext[58]_i_3/O
                         net (fo=4, routed)           0.154    13.567    system_i/aes_ctr_axis_0/inst/u_aes/ciphertext[58]_i_3_n_0
    SLICE_X22Y271        LUT6 (Prop_H6LUT_SLICEL_I3_O)
                                                      0.036    13.603 r  system_i/aes_ctr_axis_0/inst/u_aes/ciphertext[122]_i_2/O
                         net (fo=1, routed)           0.094    13.697    system_i/aes_ctr_axis_0/inst/u_aes/round_keys[122]
    SLICE_X22Y271        LUT2 (Prop_D6LUT_SLICEL_I0_O)
                                                      0.122    13.819 r  system_i/aes_ctr_axis_0/inst/u_aes/ciphertext[122]_i_1/O
                         net (fo=1, routed)           0.049    13.868    system_i/aes_ctr_axis_0/inst/u_aes/rk10[122]
    SLICE_X22Y271        FDCE                                         r  system_i/aes_ctr_axis_0/inst/u_aes/ciphertext_reg[122]/D
  -------------------------------------------------------------------    -------------------

                         (clock clk_pl_0 rise edge)
                                                     13.333    13.333 r  <hidden>
    PS8_X0Y0             PS8                          0.000    13.333 r  system_i/zynq_ultra_ps_e_0/inst/PS8_i/PLCLK[0]
                         net (fo=1, routed)           0.143    13.476    system_i/zynq_ultra_ps_e_0/inst/pl_clk_unbuffered[0]
    BUFG_PS_X0Y80        BUFG_PS (Prop_BUFG_PS_I_O)
                                                      0.025    13.501 r  system_i/zynq_ultra_ps_e_0/inst/buffer_pl_clk_0.PL_CLK_0_BUFG/O
    X1Y2 (CLOCK_ROOT)    net (fo=12466, routed)       1.704    15.205    system_i/aes_ctr_axis_0/inst/u_aes/aclk
    SLICE_X22Y271        FDCE                                         r  system_i/aes_ctr_axis_0/inst/u_aes/ciphertext_reg[122]/C
                         clock pessimism              0.123    15.328    <hidden>
                         clock uncertainty           -0.141    15.187    <hidden>
    SLICE_X22Y271        FDCE (Setup_DFF_SLICEL_C_D)
                                                      0.025    15.212    system_i/aes_ctr_axis_0/inst/u_aes/ciphertext_reg[122]
  -------------------------------------------------------------------
                         required time                         15.212    <hidden>
                         arrival time                         -13.868    <hidden>
  -------------------------------------------------------------------
                         slack                                  1.345    <hidden>

Slack (MET) :             1.345ns  (required time - arrival time)
  Source:                 system_i/aes_ctr_axis_0/inst/key_reg3_reg[5]/C
                            (rising edge-triggered cell FDRE clocked by clk_pl_0  {rise@0.000ns fall@6.667ns period=13.333ns})
  Destination:            system_i/aes_ctr_axis_0/inst/u_aes/ciphertext_reg[87]/D
                            (rising edge-triggered cell FDCE clocked by clk_pl_0  {rise@0.000ns fall@6.667ns period=13.333ns})
  Path Group:             clk_pl_0
  Path Type:              Setup (Max at Slow Process Corner)
  Requirement:            13.333ns  (clk_pl_0 rise@13.333ns - clk_pl_0 rise@0.000ns)
  Data Path Delay:        11.706ns  (logic 3.599ns (30.745%)  route 8.107ns (69.255%))
  Logic Levels:           46  (LUT2=5 LUT3=3 LUT4=3 LUT5=2 LUT6=20 MUXF7=7 MUXF8=6)
  Clock Path Skew:        -0.166ns (DCD - SCD + CPR)
    Destination Clock Delay (DCD):    1.852ns = ( 15.185 - 13.333 ) 
    Source Clock Delay      (SCD):    2.141ns
    Clock Pessimism Removal (CPR):    0.123ns
  Clock Uncertainty:      0.141ns  ((TSJ^2 + DJ^2)^1/2) / 2 + PE
    Total System Jitter     (TSJ):    0.071ns
    Discrete Jitter          (DJ):    0.273ns
    Phase Error              (PE):    0.000ns
  Clock Net Delay (Source):      1.933ns (routing 0.569ns, distribution 1.364ns)
  Clock Net Delay (Destination): 1.684ns (routing 0.512ns, distribution 1.172ns)

    Location             Delay type                Incr(ns)  Path(ns)    Netlist Resource(s)
  -------------------------------------------------------------------    -------------------
                         (clock clk_pl_0 rise edge)
                                                      0.000     0.000 r  <hidden>
    PS8_X0Y0             PS8                          0.000     0.000 r  system_i/zynq_ultra_ps_e_0/inst/PS8_i/PLCLK[0]
                         net (fo=1, routed)           0.180     0.180    system_i/zynq_ultra_ps_e_0/inst/pl_clk_unbuffered[0]
    BUFG_PS_X0Y80        BUFG_PS (Prop_BUFG_PS_I_O)
                                                      0.028     0.208 r  system_i/zynq_ultra_ps_e_0/inst/buffer_pl_clk_0.PL_CLK_0_BUFG/O
    X1Y2 (CLOCK_ROOT)    net (fo=12466, routed)       1.933     2.141    system_i/aes_ctr_axis_0/inst/aclk
    SLICE_X37Y301        FDRE                                         r  system_i/aes_ctr_axis_0/inst/key_reg3_reg[5]/C
  -------------------------------------------------------------------    -------------------
    SLICE_X37Y301        FDRE (Prop_EFF2_SLICEM_C_Q)
                                                      0.079     2.220 r  system_i/aes_ctr_axis_0/inst/key_reg3_reg[5]/Q
                         net (fo=36, routed)          0.309     2.529    system_i/aes_ctr_axis_0/inst/u_aes/key_value[5]
    SLICE_X35Y298        LUT6 (Prop_G6LUT_SLICEM_I5_O)
                                                      0.150     2.679 r  system_i/aes_ctr_axis_0/inst/u_aes/g1_b3__0/O
                         net (fo=1, routed)           0.017     2.696    system_i/aes_ctr_axis_0/inst/u_key_expansion/aes_sbox_inferred__0/g0_b0_i_10_1
    SLICE_X35Y298        MUXF7 (Prop_F7MUX_GH_SLICEM_I1_O)
                                                      0.060     2.756 r  system_i/aes_ctr_axis_0/inst/u_key_expansion/aes_sbox_inferred__0/g0_b0_i_19/O
                         net (fo=1, routed)           0.000     2.756    system_i/aes_ctr_axis_0/inst/u_key_expansion/aes_sbox_inferred__0/g0_b0_i_19_n_0
    SLICE_X35Y298        MUXF8 (Prop_F8MUX_TOP_SLICEM_I0_O)
                                                      0.028     2.784 r  system_i/aes_ctr_axis_0/inst/u_key_expansion/aes_sbox_inferred__0/g0_b0_i_10/O
                         net (fo=20, routed)          0.165     2.949    system_i/aes_ctr_axis_0/inst/u_aes/SubWord_return[11]
    SLICE_X33Y298        LUT5 (Prop_E6LUT_SLICEL_I2_O)
                                                      0.035     2.984 r  system_i/aes_ctr_axis_0/inst/u_aes/g0_b0_i_4__15/O
                         net (fo=33, routed)          0.347     3.332    system_i/aes_ctr_axis_0/inst/u_aes/round_keys[1163]
    SLICE_X31Y303        LUT6 (Prop_D6LUT_SLICEM_I3_O)
                                                      0.145     3.477 r  system_i/aes_ctr_axis_0/inst/u_aes/g0_b4__5/O
                         net (fo=1, routed)           0.025     3.502    system_i/aes_ctr_axis_0/inst/u_key_expansion/aes_sbox_inferred__5/g0_b0_i_11_0
    SLICE_X31Y303        MUXF7 (Prop_F7MUX_CD_SLICEM_I0_O)
                                                      0.062     3.564 r  system_i/aes_ctr_axis_0/inst/u_key_expansion/aes_sbox_inferred__5/g0_b0_i_21/O
                         net (fo=1, routed)           0.000     3.564    system_i/aes_ctr_axis_0/inst/u_key_expansion/aes_sbox_inferred__5/g0_b0_i_21_n_0
    SLICE_X31Y303        MUXF8 (Prop_F8MUX_BOT_SLICEM_I0_O)
                                                      0.030     3.594 r  system_i/aes_ctr_axis_0/inst/u_key_expansion/aes_sbox_inferred__5/g0_b0_i_11/O
                         net (fo=18, routed)          0.294     3.888    system_i/aes_ctr_axis_0/inst/u_aes/state4_reg[116]_1
    SLICE_X30Y302        LUT3 (Prop_B6LUT_SLICEL_I0_O)
                                                      0.036     3.924 r  system_i/aes_ctr_axis_0/inst/u_aes/g0_b0_i_5__19/O
                         net (fo=34, routed)          0.268     4.191    system_i/aes_ctr_axis_0/inst/u_aes/round_keys[1044]
    SLICE_X29Y299        LUT6 (Prop_B6LUT_SLICEM_I4_O)
                                                      0.100     4.291 r  system_i/aes_ctr_axis_0/inst/u_aes/g2_b5__10/O
                         net (fo=1, routed)           0.017     4.308    system_i/aes_ctr_axis_0/inst/u_key_expansion/aes_sbox_inferred__10/state4_reg[125]_i_3_2
    SLICE_X29Y299        MUXF7 (Prop_F7MUX_AB_SLICEM_I0_O)
                                                      0.060     4.368 r  system_i/aes_ctr_axis_0/inst/u_key_expansion/aes_sbox_inferred__10/state4_reg[125]_i_8/O
                         net (fo=1, routed)           0.000     4.368    system_i/aes_ctr_axis_0/inst/u_key_expansion/aes_sbox_inferred__10/state4_reg[125]_i_8_n_0
    SLICE_X29Y299        MUXF8 (Prop_F8MUX_BOT_SLICEM_I1_O)
                                                      0.028     4.396 r  system_i/aes_ctr_axis_0/inst/u_key_expansion/aes_sbox_inferred__10/state4_reg[125]_i_3/O
                         net (fo=10, routed)          0.303     4.700    system_i/aes_ctr_axis_0/inst/u_aes/state4_reg[125]_2
    SLICE_X32Y296        LUT4 (Prop_C6LUT_SLICEL_I0_O)
                                                      0.035     4.735 r  system_i/aes_ctr_axis_0/inst/u_aes/g0_b0_i_12__11/O
                         net (fo=9, routed)           0.174     4.909    system_i/aes_ctr_axis_0/inst/u_aes/round_keys[957]
    SLICE_X33Y296        LUT2 (Prop_C6LUT_SLICEL_I0_O)
                                                      0.088     4.997 r  system_i/aes_ctr_axis_0/inst/u_aes/g0_b0_i_6__16/O
                         net (fo=34, routed)          0.508     5.504    system_i/aes_ctr_axis_0/inst/u_aes/round_keys[925]
    SLICE_X39Y302        LUT6 (Prop_A6LUT_SLICEM_I5_O)
                                                      0.150     5.654 r  system_i/aes_ctr_axis_0/inst/u_aes/g1_b7__11/O
                         net (fo=2, routed)           0.011     5.665    system_i/aes_ctr_axis_0/inst/u_key_expansion/state4[103]_i_3_1
    SLICE_X39Y302        MUXF7 (Prop_F7MUX_AB_SLICEM_I1_O)
                                                      0.065     5.730 r  system_i/aes_ctr_axis_0/inst/u_key_expansion/aes_sbox_inferred__11/state4_reg[103]_i_6/O
                         net (fo=1, routed)           0.134     5.864    system_i/aes_ctr_axis_0/inst/u_aes/state4_reg[103]_0
    SLICE_X39Y300        LUT6 (Prop_G6LUT_SLICEM_I1_O)
                                                      0.090     5.954 r  system_i/aes_ctr_axis_0/inst/u_aes/state4[103]_i_3/O
                         net (fo=2, routed)           0.099     6.053    system_i/aes_ctr_axis_0/inst/u_aes/round_keys[871]
    SLICE_X39Y298        LUT4 (Prop_G6LUT_SLICEM_I0_O)
                                                      0.037     6.090 r  system_i/aes_ctr_axis_0/inst/u_aes/state4[7]_i_2/O
                         net (fo=12, routed)          0.449     6.539    system_i/aes_ctr_axis_0/inst/u_key_expansion/state4_reg[96][65]
    SLICE_X40Y288        MUXF8 (Prop_F8MUX_BOT_SLICEL_S_O)
                                                      0.069     6.608 r  system_i/aes_ctr_axis_0/inst/u_key_expansion/aes_sbox_inferred__16/g0_b0_i_15/O
                         net (fo=4, routed)           0.313     6.921    system_i/aes_ctr_axis_0/inst/u_aes/state9_reg[106]_1
    SLICE_X36Y287        LUT6 (Prop_H6LUT_SLICEL_I2_O)
                                                      0.124     7.045 r  system_i/aes_ctr_axis_0/inst/u_aes/g0_b0_i_9__10/O
                         net (fo=8, routed)           0.149     7.194    system_i/aes_ctr_axis_0/inst/u_aes/round_keys[746]
    SLICE_X35Y286        LUT3 (Prop_H6LUT_SLICEM_I1_O)
                                                      0.039     7.233 r  system_i/aes_ctr_axis_0/inst/u_aes/g0_b0_i_3__26/O
                         net (fo=34, routed)          0.379     7.612    system_i/aes_ctr_axis_0/inst/u_aes/round_keys[650]
    SLICE_X30Y279        LUT6 (Prop_A6LUT_SLICEL_I2_O)
                                                      0.090     7.702 r  system_i/aes_ctr_axis_0/inst/u_aes/g3_b2__21/O
                         net (fo=1, routed)           0.009     7.711    system_i/aes_ctr_axis_0/inst/u_key_expansion/aes_sbox_inferred__21/g0_b0_i_15_3
    SLICE_X30Y279        MUXF7 (Prop_F7MUX_AB_SLICEL_I1_O)
                                                      0.057     7.768 r  system_i/aes_ctr_axis_0/inst/u_key_expansion/aes_sbox_inferred__21/g0_b0_i_24/O
                         net (fo=1, routed)           0.000     7.768    system_i/aes_ctr_axis_0/inst/u_key_expansion/aes_sbox_inferred__21/g0_b0_i_24_n_0
    SLICE_X30Y279        MUXF8 (Prop_F8MUX_BOT_SLICEL_I1_O)
                                                      0.026     7.794 r  system_i/aes_ctr_axis_0/inst/u_key_expansion/aes_sbox_inferred__21/g0_b0_i_15/O
                         net (fo=4, routed)           0.154     7.948    system_i/aes_ctr_axis_0/inst/u_aes/state9_reg[114]_0
    SLICE_X30Y279        LUT6 (Prop_H6LUT_SLICEL_I3_O)
                                                      0.150     8.098 r  system_i/aes_ctr_axis_0/inst/u_aes/g0_b0_i_9__11/O
                         net (fo=6, routed)           0.294     8.392    system_i/aes_ctr_axis_0/inst/u_aes/round_keys[626]
    SLICE_X27Y282        LUT4 (Prop_A6LUT_SLICEL_I2_O)
                                                      0.050     8.442 r  system_i/aes_ctr_axis_0/inst/u_aes/g0_b0_i_3__30/O
                         net (fo=35, routed)          0.345     8.787    system_i/aes_ctr_axis_0/inst/u_aes/round_keys[530]
    SLICE_X21Y276        LUT6 (Prop_B6LUT_SLICEM_I2_O)
                                                      0.100     8.887 r  system_i/aes_ctr_axis_0/inst/u_aes/g2_b5__26/O
                         net (fo=1, routed)           0.017     8.904    system_i/aes_ctr_axis_0/inst/u_key_expansion/aes_sbox_inferred__26/g0_b0_i_47_2
    SLICE_X21Y276        MUXF7 (Prop_F7MUX_AB_SLICEM_I0_O)
                                                      0.060     8.964 r  system_i/aes_ctr_axis_0/inst/u_key_expansion/aes_sbox_inferred__26/g0_b0_i_60/O
                         net (fo=1, routed)           0.000     8.964    system_i/aes_ctr_axis_0/inst/u_key_expansion/aes_sbox_inferred__26/g0_b0_i_60_n_0
    SLICE_X21Y276        MUXF8 (Prop_F8MUX_BOT_SLICEM_I1_O)
                                                      0.028     8.992 r  system_i/aes_ctr_axis_0/inst/u_key_expansion/aes_sbox_inferred__26/g0_b0_i_47/O
                         net (fo=4, routed)           0.206     9.198    system_i/aes_ctr_axis_0/inst/u_aes/state9_reg[61]_0
    SLICE_X21Y276        LUT6 (Prop_H6LUT_SLICEM_I3_O)
                                                      0.039     9.237 r  system_i/aes_ctr_axis_0/inst/u_aes/state7[125]_i_6/O
                         net (fo=4, routed)           0.239     9.476    system_i/aes_ctr_axis_0/inst/u_aes/round_keys[509]
    SLICE_X23Y279        LUT3 (Prop_B6LUT_SLICEM_I2_O)
                                                      0.089     9.565 r  system_i/aes_ctr_axis_0/inst/u_aes/g0_b0_i_12__26/O
                         net (fo=5, routed)           0.156     9.721    system_i/aes_ctr_axis_0/inst/u_aes/round_keys[445]
    SLICE_X23Y282        LUT2 (Prop_E6LUT_SLICEM_I0_O)
                                                      0.124     9.845 r  system_i/aes_ctr_axis_0/inst/u_aes/g0_b0_i_6__12/O
                         net (fo=35, routed)          0.204    10.049    system_i/aes_ctr_axis_0/inst/u_aes/round_keys[413]
    SLICE_X23Y283        LUT6 (Prop_G6LUT_SLICEM_I5_O)
                                                      0.150    10.199 r  system_i/aes_ctr_axis_0/inst/u_aes/g2_b1__27/O
                         net (fo=1, routed)           0.048    10.247    system_i/aes_ctr_axis_0/inst/u_key_expansion/state9[97]_i_4_0
    SLICE_X23Y283        LUT6 (Prop_E6LUT_SLICEM_I1_O)
                                                      0.100    10.347 r  system_i/aes_ctr_axis_0/inst/u_key_expansion/aes_sbox_inferred__27/g0_b0_i_28/O
                         net (fo=4, routed)           0.219    10.566    system_i/aes_ctr_axis_0/inst/u_aes/state8_reg[97]_0
    SLICE_X28Y283        LUT6 (Prop_F6LUT_SLICEL_I3_O)
                                                      0.035    10.601 r  system_i/aes_ctr_axis_0/inst/u_aes/state8[97]_i_2/O
                         net (fo=2, routed)           0.213    10.814    system_i/aes_ctr_axis_0/inst/u_aes/round_keys[353]
    SLICE_X31Y283        LUT5 (Prop_C6LUT_SLICEM_I4_O)
                                                      0.037    10.851 r  system_i/aes_ctr_axis_0/inst/u_aes/g0_b0_i_10__19/O
                         net (fo=4, routed)           0.190    11.041    system_i/aes_ctr_axis_0/inst/u_aes/round_keys[321]
    SLICE_X32Y282        LUT2 (Prop_F6LUT_SLICEL_I0_O)
                                                      0.089    11.130 r  system_i/aes_ctr_axis_0/inst/u_aes/g0_b0_i_8/O
                         net (fo=4, routed)           0.178    11.308    system_i/aes_ctr_axis_0/inst/u_aes/round_keys[289]
    SLICE_X33Y280        LUT2 (Prop_E6LUT_SLICEL_I0_O)
                                                      0.090    11.398 r  system_i/aes_ctr_axis_0/inst/u_aes/g0_b0_i_2__0/O
                         net (fo=33, routed)          0.225    11.623    system_i/aes_ctr_axis_0/inst/u_aes/round_keys[257]
    SLICE_X35Y279        LUT6 (Prop_H6LUT_SLICEM_I1_O)
                                                      0.125    11.748 r  system_i/aes_ctr_axis_0/inst/u_aes/g0_b3__32/O
                         net (fo=1, routed)           0.145    11.893    system_i/aes_ctr_axis_0/inst/u_key_expansion/state9[107]_i_4_2
    SLICE_X35Y279        LUT6 (Prop_E6LUT_SLICEM_I5_O)
                                                      0.052    11.945 r  system_i/aes_ctr_axis_0/inst/u_key_expansion/aes_sbox_inferred__32/g0_b0_i_36/O
                         net (fo=3, routed)           0.150    12.095    system_i/aes_ctr_axis_0/inst/u_aes/ciphertext_reg[43]_0
    SLICE_X36Y280        LUT6 (Prop_H6LUT_SLICEL_I2_O)
                                                      0.099    12.194 r  system_i/aes_ctr_axis_0/inst/u_aes/g0_b0_i_13/O
                         net (fo=3, routed)           0.248    12.442    system_i/aes_ctr_axis_0/inst/u_aes/g0_b0_i_13_n_0
    SLICE_X35Y276        LUT6 (Prop_B6LUT_SLICEM_I0_O)
                                                      0.037    12.479 r  system_i/aes_ctr_axis_0/inst/u_aes/g0_b0_i_4__4/O
                         net (fo=33, routed)          0.449    12.927    system_i/aes_ctr_axis_0/inst/u_aes/round_keys[139]
    SLICE_X32Y265        LUT6 (Prop_D6LUT_SLICEL_I3_O)
                                                      0.146    13.073 r  system_i/aes_ctr_axis_0/inst/u_aes/g0_b7__37/O
                         net (fo=2, routed)           0.009    13.082    system_i/aes_ctr_axis_0/inst/u_key_expansion/ciphertext[55]_i_3_2
    SLICE_X32Y265        MUXF7 (Prop_F7MUX_CD_SLICEL_I0_O)
                                                      0.063    13.145 r  system_i/aes_ctr_axis_0/inst/u_key_expansion/aes_sbox_inferred__37/ciphertext_reg[55]_i_11/O
                         net (fo=1, routed)           0.234    13.379    system_i/aes_ctr_axis_0/inst/u_aes/ciphertext_reg[55]_3
    SLICE_X31Y263        LUT6 (Prop_A6LUT_SLICEM_I5_O)
                                                      0.038    13.417 r  system_i/aes_ctr_axis_0/inst/u_aes/ciphertext[55]_i_3/O
                         net (fo=3, routed)           0.106    13.523    system_i/aes_ctr_axis_0/inst/u_aes/ciphertext[55]_i_3_n_0
    SLICE_X31Y263        LUT6 (Prop_G6LUT_SLICEM_I2_O)
                                                      0.090    13.613 r  system_i/aes_ctr_axis_0/inst/u_aes/ciphertext[87]_i_2/O
                         net (fo=1, routed)           0.050    13.663    system_i/aes_ctr_axis_0/inst/u_aes/round_keys[87]
    SLICE_X31Y263        LUT2 (Prop_B6LUT_SLICEM_I0_O)
                                                      0.125    13.788 r  system_i/aes_ctr_axis_0/inst/u_aes/ciphertext[87]_i_1/O
                         net (fo=1, routed)           0.059    13.847    system_i/aes_ctr_axis_0/inst/u_aes/rk10[87]
    SLICE_X31Y263        FDCE                                         r  system_i/aes_ctr_axis_0/inst/u_aes/ciphertext_reg[87]/D
  -------------------------------------------------------------------    -------------------

                         (clock clk_pl_0 rise edge)
                                                     13.333    13.333 r  <hidden>
    PS8_X0Y0             PS8                          0.000    13.333 r  system_i/zynq_ultra_ps_e_0/inst/PS8_i/PLCLK[0]
                         net (fo=1, routed)           0.143    13.476    system_i/zynq_ultra_ps_e_0/inst/pl_clk_unbuffered[0]
    BUFG_PS_X0Y80        BUFG_PS (Prop_BUFG_PS_I_O)
                                                      0.025    13.501 r  system_i/zynq_ultra_ps_e_0/inst/buffer_pl_clk_0.PL_CLK_0_BUFG/O
    X1Y2 (CLOCK_ROOT)    net (fo=12466, routed)       1.684    15.185    system_i/aes_ctr_axis_0/inst/u_aes/aclk
    SLICE_X31Y263        FDCE                                         r  system_i/aes_ctr_axis_0/inst/u_aes/ciphertext_reg[87]/C
                         clock pessimism              0.123    15.308    <hidden>
                         clock uncertainty           -0.141    15.167    <hidden>
    SLICE_X31Y263        FDCE (Setup_BFF_SLICEM_C_D)
                                                      0.025    15.192    system_i/aes_ctr_axis_0/inst/u_aes/ciphertext_reg[87]
  -------------------------------------------------------------------
                         required time                         15.192    <hidden>
                         arrival time                         -13.847    <hidden>
  -------------------------------------------------------------------
                         slack                                  1.345    <hidden>

Slack (MET) :             1.353ns  (required time - arrival time)
  Source:                 system_i/aes_ctr_axis_0/inst/key_reg3_reg[19]/C
                            (rising edge-triggered cell FDRE clocked by clk_pl_0  {rise@0.000ns fall@6.667ns period=13.333ns})
  Destination:            system_i/aes_ctr_axis_0/inst/u_aes/ciphertext_reg[68]/D
                            (rising edge-triggered cell FDCE clocked by clk_pl_0  {rise@0.000ns fall@6.667ns period=13.333ns})
  Path Group:             clk_pl_0
  Path Type:              Setup (Max at Slow Process Corner)
  Requirement:            13.333ns  (clk_pl_0 rise@13.333ns - clk_pl_0 rise@0.000ns)
  Data Path Delay:        11.774ns  (logic 4.088ns (34.721%)  route 7.686ns (65.279%))
  Logic Levels:           46  (LUT2=5 LUT3=5 LUT4=2 LUT5=2 LUT6=20 MUXF7=6 MUXF8=6)
  Clock Path Skew:        -0.090ns (DCD - SCD + CPR)
    Destination Clock Delay (DCD):    1.860ns = ( 15.193 - 13.333 ) 
    Source Clock Delay      (SCD):    2.126ns
    Clock Pessimism Removal (CPR):    0.176ns
  Clock Uncertainty:      0.141ns  ((TSJ^2 + DJ^2)^1/2) / 2 + PE
    Total System Jitter     (TSJ):    0.071ns
    Discrete Jitter          (DJ):    0.273ns
    Phase Error              (PE):    0.000ns
  Clock Net Delay (Source):      1.918ns (routing 0.569ns, distribution 1.349ns)
  Clock Net Delay (Destination): 1.692ns (routing 0.512ns, distribution 1.180ns)

    Location             Delay type                Incr(ns)  Path(ns)    Netlist Resource(s)
  -------------------------------------------------------------------    -------------------
                         (clock clk_pl_0 rise edge)
                                                      0.000     0.000 r  <hidden>
    PS8_X0Y0             PS8                          0.000     0.000 r  system_i/zynq_ultra_ps_e_0/inst/PS8_i/PLCLK[0]
                         net (fo=1, routed)           0.180     0.180    system_i/zynq_ultra_ps_e_0/inst/pl_clk_unbuffered[0]
    BUFG_PS_X0Y80        BUFG_PS (Prop_BUFG_PS_I_O)
                                                      0.028     0.208 r  system_i/zynq_ultra_ps_e_0/inst/buffer_pl_clk_0.PL_CLK_0_BUFG/O
    X1Y2 (CLOCK_ROOT)    net (fo=12466, routed)       1.918     2.126    system_i/aes_ctr_axis_0/inst/aclk
    SLICE_X31Y299        FDRE                                         r  system_i/aes_ctr_axis_0/inst/key_reg3_reg[19]/C
  -------------------------------------------------------------------    -------------------
    SLICE_X31Y299        FDRE (Prop_FFF2_SLICEM_C_Q)
                                                      0.079     2.205 r  system_i/aes_ctr_axis_0/inst/key_reg3_reg[19]/Q
                         net (fo=36, routed)          0.296     2.501    system_i/aes_ctr_axis_0/inst/u_aes/key_value[19]
    SLICE_X32Y303        LUT6 (Prop_H6LUT_SLICEL_I3_O)
                                                      0.150     2.651 r  system_i/aes_ctr_axis_0/inst/u_aes/g0_b7__2/O
                         net (fo=2, routed)           0.107     2.758    system_i/aes_ctr_axis_0/inst/u_key_expansion/state2_reg[127]_2
    SLICE_X32Y304        LUT6 (Prop_H6LUT_SLICEL_I5_O)
                                                      0.150     2.908 r  system_i/aes_ctr_axis_0/inst/u_key_expansion/aes_sbox_inferred__2/ciphertext[95]_i_4/O
                         net (fo=11, routed)          0.219     3.127    system_i/aes_ctr_axis_0/inst/u_aes/SubWord_return[31]
    SLICE_X35Y300        LUT5 (Prop_G6LUT_SLICEM_I2_O)
                                                      0.037     3.164 r  system_i/aes_ctr_axis_0/inst/u_aes/state1[31]_i_6/O
                         net (fo=12, routed)          0.273     3.437    system_i/aes_ctr_axis_0/inst/u_key_expansion/state4_reg[96][119]
    SLICE_X35Y299        MUXF8 (Prop_F8MUX_BOT_SLICEM_S_O)
                                                      0.074     3.511 r  system_i/aes_ctr_axis_0/inst/u_key_expansion/aes_sbox_inferred__3/g0_b0_i_10/O
                         net (fo=18, routed)          0.219     3.730    system_i/aes_ctr_axis_0/inst/u_aes/state4_reg[99]_1
    SLICE_X37Y298        LUT3 (Prop_B6LUT_SLICEM_I0_O)
                                                      0.037     3.767 r  system_i/aes_ctr_axis_0/inst/u_aes/g0_b0_i_4__22/O
                         net (fo=34, routed)          0.284     4.051    system_i/aes_ctr_axis_0/inst/u_aes/round_keys[1027]
    SLICE_X38Y296        LUT6 (Prop_G6LUT_SLICEL_I3_O)
                                                      0.149     4.200 r  system_i/aes_ctr_axis_0/inst/u_aes/g1_b3__8/O
                         net (fo=1, routed)           0.008     4.208    system_i/aes_ctr_axis_0/inst/u_key_expansion/aes_sbox_inferred__8/state4_reg[107]_i_3_1
    SLICE_X38Y296        MUXF7 (Prop_F7MUX_GH_SLICEL_I1_O)
                                                      0.056     4.264 r  system_i/aes_ctr_axis_0/inst/u_key_expansion/aes_sbox_inferred__8/state4_reg[107]_i_7/O
                         net (fo=1, routed)           0.000     4.264    system_i/aes_ctr_axis_0/inst/u_key_expansion/aes_sbox_inferred__8/state4_reg[107]_i_7_n_0
    SLICE_X38Y296        MUXF8 (Prop_F8MUX_TOP_SLICEL_I0_O)
                                                      0.026     4.290 r  system_i/aes_ctr_axis_0/inst/u_key_expansion/aes_sbox_inferred__8/state4_reg[107]_i_3/O
                         net (fo=10, routed)          0.244     4.534    system_i/aes_ctr_axis_0/inst/u_aes/state4_reg[107]_2
    SLICE_X37Y293        LUT4 (Prop_D6LUT_SLICEM_I0_O)
                                                      0.051     4.585 r  system_i/aes_ctr_axis_0/inst/u_aes/g0_b0_i_10__14/O
                         net (fo=9, routed)           0.099     4.684    system_i/aes_ctr_axis_0/inst/u_aes/round_keys[939]
    SLICE_X35Y293        LUT2 (Prop_H6LUT_SLICEM_I0_O)
                                                      0.090     4.774 r  system_i/aes_ctr_axis_0/inst/u_aes/g0_b0_i_4__13/O
                         net (fo=34, routed)          0.277     5.051    system_i/aes_ctr_axis_0/inst/u_aes/round_keys[907]
    SLICE_X31Y294        LUT6 (Prop_C6LUT_SLICEM_I3_O)
                                                      0.145     5.196 r  system_i/aes_ctr_axis_0/inst/u_aes/g1_b2__13/O
                         net (fo=1, routed)           0.021     5.217    system_i/aes_ctr_axis_0/inst/u_key_expansion/aes_sbox_inferred__13/state4_reg[114]_i_2_1
    SLICE_X31Y294        MUXF7 (Prop_F7MUX_CD_SLICEM_I1_O)
                                                      0.061     5.278 r  system_i/aes_ctr_axis_0/inst/u_key_expansion/aes_sbox_inferred__13/state4_reg[114]_i_5/O
                         net (fo=1, routed)           0.000     5.278    system_i/aes_ctr_axis_0/inst/u_key_expansion/aes_sbox_inferred__13/state4_reg[114]_i_5_n_0
    SLICE_X31Y294        MUXF8 (Prop_F8MUX_BOT_SLICEM_I0_O)
                                                      0.030     5.308 r  system_i/aes_ctr_axis_0/inst/u_key_expansion/aes_sbox_inferred__13/state4_reg[114]_i_2/O
                         net (fo=5, routed)           0.207     5.515    system_i/aes_ctr_axis_0/inst/u_aes/state4_reg[114]_0
    SLICE_X30Y295        LUT3 (Prop_G6LUT_SLICEL_I0_O)
                                                      0.123     5.638 r  system_i/aes_ctr_axis_0/inst/u_aes/g0_b0_i_9__19/O
                         net (fo=9, routed)           0.104     5.742    system_i/aes_ctr_axis_0/inst/u_aes/round_keys[850]
    SLICE_X28Y295        LUT3 (Prop_E6LUT_SLICEL_I0_O)
                                                      0.051     5.793 r  system_i/aes_ctr_axis_0/inst/u_aes/g0_b0_i_3__31/O
                         net (fo=34, routed)          0.320     6.113    system_i/aes_ctr_axis_0/inst/u_aes/round_keys[786]
    SLICE_X26Y291        LUT6 (Prop_C6LUT_SLICEL_I2_O)
                                                      0.146     6.259 r  system_i/aes_ctr_axis_0/inst/u_aes/g1_b4__18/O
                         net (fo=1, routed)           0.010     6.269    system_i/aes_ctr_axis_0/inst/u_key_expansion/aes_sbox_inferred__18/g0_b0_i_17_1
    SLICE_X26Y291        MUXF7 (Prop_F7MUX_CD_SLICEL_I1_O)
                                                      0.057     6.326 r  system_i/aes_ctr_axis_0/inst/u_key_expansion/aes_sbox_inferred__18/g0_b0_i_27/O
                         net (fo=1, routed)           0.000     6.326    system_i/aes_ctr_axis_0/inst/u_key_expansion/aes_sbox_inferred__18/g0_b0_i_27_n_0
    SLICE_X26Y291        MUXF8 (Prop_F8MUX_BOT_SLICEL_I0_O)
                                                      0.026     6.352 r  system_i/aes_ctr_axis_0/inst/u_key_expansion/aes_sbox_inferred__18/g0_b0_i_17/O
                         net (fo=4, routed)           0.139     6.491    system_i/aes_ctr_axis_0/inst/u_aes/state9_reg[124]_1
    SLICE_X26Y290        LUT6 (Prop_H6LUT_SLICEL_I2_O)
                                                      0.124     6.615 r  system_i/aes_ctr_axis_0/inst/u_aes/g0_b0_i_11__14/O
                         net (fo=8, routed)           0.221     6.837    system_i/aes_ctr_axis_0/inst/u_aes/round_keys[764]
    SLICE_X29Y289        LUT3 (Prop_H6LUT_SLICEM_I1_O)
                                                      0.039     6.876 r  system_i/aes_ctr_axis_0/inst/u_aes/g0_b0_i_5__32/O
                         net (fo=34, routed)          0.296     7.171    system_i/aes_ctr_axis_0/inst/u_aes/round_keys[668]
    SLICE_X31Y286        LUT6 (Prop_C6LUT_SLICEM_I4_O)
                                                      0.145     7.316 r  system_i/aes_ctr_axis_0/inst/u_aes/g1_b3__19/O
                         net (fo=1, routed)           0.021     7.337    system_i/aes_ctr_axis_0/inst/u_key_expansion/aes_sbox_inferred__19/g0_b0_i_16_1
    SLICE_X31Y286        MUXF7 (Prop_F7MUX_CD_SLICEM_I1_O)
                                                      0.061     7.398 r  system_i/aes_ctr_axis_0/inst/u_key_expansion/aes_sbox_inferred__19/g0_b0_i_25/O
                         net (fo=1, routed)           0.000     7.398    system_i/aes_ctr_axis_0/inst/u_key_expansion/aes_sbox_inferred__19/g0_b0_i_25_n_0
    SLICE_X31Y286        MUXF8 (Prop_F8MUX_BOT_SLICEM_I0_O)
                                                      0.030     7.428 r  system_i/aes_ctr_axis_0/inst/u_key_expansion/aes_sbox_inferred__19/g0_b0_i_16/O
                         net (fo=4, routed)           0.193     7.621    system_i/aes_ctr_axis_0/inst/u_aes/state6_reg[35]_0
    SLICE_X34Y286        LUT6 (Prop_H6LUT_SLICEL_I3_O)
                                                      0.051     7.672 r  system_i/aes_ctr_axis_0/inst/u_aes/g0_b0_i_10__0/O
                         net (fo=6, routed)           0.146     7.818    system_i/aes_ctr_axis_0/inst/u_aes/round_keys[611]
    SLICE_X35Y284        LUT4 (Prop_H6LUT_SLICEM_I2_O)
                                                      0.053     7.871 r  system_i/aes_ctr_axis_0/inst/u_aes/g0_b0_i_4__24/O
                         net (fo=35, routed)          0.257     8.129    system_i/aes_ctr_axis_0/inst/u_aes/round_keys[515]
    SLICE_X35Y282        LUT6 (Prop_D6LUT_SLICEM_I3_O)
                                                      0.145     8.274 r  system_i/aes_ctr_axis_0/inst/u_aes/g0_b0__24/O
                         net (fo=1, routed)           0.025     8.299    system_i/aes_ctr_axis_0/inst/u_key_expansion/aes_sbox_inferred__24/g0_b0_i_22_2
    SLICE_X35Y282        MUXF7 (Prop_F7MUX_CD_SLICEM_I0_O)
                                                      0.062     8.361 r  system_i/aes_ctr_axis_0/inst/u_key_expansion/aes_sbox_inferred__24/g0_b0_i_49/O
                         net (fo=1, routed)           0.000     8.361    system_i/aes_ctr_axis_0/inst/u_key_expansion/aes_sbox_inferred__24/g0_b0_i_49_n_0
    SLICE_X35Y282        MUXF8 (Prop_F8MUX_BOT_SLICEM_I0_O)
                                                      0.030     8.391 r  system_i/aes_ctr_axis_0/inst/u_key_expansion/aes_sbox_inferred__24/g0_b0_i_22/O
                         net (fo=4, routed)           0.163     8.553    system_i/aes_ctr_axis_0/inst/u_aes/state9_reg[40]_0
    SLICE_X35Y280        LUT6 (Prop_D6LUT_SLICEM_I3_O)
                                                      0.122     8.675 r  system_i/aes_ctr_axis_0/inst/u_aes/state7[104]_i_2/O
                         net (fo=4, routed)           0.093     8.768    system_i/aes_ctr_axis_0/inst/u_aes/round_keys[488]
    SLICE_X35Y280        LUT3 (Prop_F6LUT_SLICEM_I2_O)
                                                      0.088     8.856 r  system_i/aes_ctr_axis_0/inst/u_aes/g0_b0_i_7__24/O
                         net (fo=5, routed)           0.274     9.130    system_i/aes_ctr_axis_0/inst/u_aes/round_keys[424]
    SLICE_X34Y273        LUT2 (Prop_H5LUT_SLICEL_I0_O)
                                                      0.096     9.226 r  system_i/aes_ctr_axis_0/inst/u_aes/g0_b0_i_1__7/O
                         net (fo=35, routed)          0.566     9.792    system_i/aes_ctr_axis_0/inst/u_aes/round_keys[392]
    SLICE_X31Y264        LUT6 (Prop_F6LUT_SLICEM_I0_O)
                                                      0.098     9.890 r  system_i/aes_ctr_axis_0/inst/u_aes/g3_b2__29/O
                         net (fo=1, routed)           0.042     9.932    system_i/aes_ctr_axis_0/inst/u_key_expansion/state8[114]_i_4
    SLICE_X31Y264        LUT6 (Prop_E6LUT_SLICEM_I0_O)
                                                      0.091    10.023 r  system_i/aes_ctr_axis_0/inst/u_key_expansion/aes_sbox_inferred__29/g0_b0_i_33/O
                         net (fo=4, routed)           0.208    10.231    system_i/aes_ctr_axis_0/inst/u_aes/ciphertext_reg[50]_1
    SLICE_X30Y269        LUT6 (Prop_B6LUT_SLICEL_I3_O)
                                                      0.098    10.329 r  system_i/aes_ctr_axis_0/inst/u_aes/state8[114]_i_4/O
                         net (fo=2, routed)           0.235    10.564    system_i/aes_ctr_axis_0/inst/u_aes/round_keys[370]
    SLICE_X29Y272        LUT5 (Prop_G6LUT_SLICEM_I4_O)
                                                      0.100    10.664 r  system_i/aes_ctr_axis_0/inst/u_aes/g0_b0_i_12__23/O
                         net (fo=4, routed)           0.225    10.889    system_i/aes_ctr_axis_0/inst/u_aes/round_keys[338]
    SLICE_X28Y271        LUT2 (Prop_A5LUT_SLICEL_I0_O)
                                                      0.069    10.958 r  system_i/aes_ctr_axis_0/inst/u_aes/g0_b0_i_9__5/O
                         net (fo=4, routed)           0.182    11.140    system_i/aes_ctr_axis_0/inst/u_aes/round_keys[306]
    SLICE_X27Y270        LUT2 (Prop_B6LUT_SLICEL_I0_O)
                                                      0.148    11.288 r  system_i/aes_ctr_axis_0/inst/u_aes/g0_b0_i_3__8/O
                         net (fo=33, routed)          0.322    11.611    system_i/aes_ctr_axis_0/inst/u_aes/round_keys[274]
    SLICE_X22Y266        LUT6 (Prop_G6LUT_SLICEL_I2_O)
                                                      0.097    11.708 r  system_i/aes_ctr_axis_0/inst/u_aes/g1_b3__34/O
                         net (fo=1, routed)           0.103    11.811    system_i/aes_ctr_axis_0/inst/u_key_expansion/state9[123]_i_4_1
    SLICE_X22Y266        LUT6 (Prop_E6LUT_SLICEL_I3_O)
                                                      0.147    11.958 r  system_i/aes_ctr_axis_0/inst/u_key_expansion/aes_sbox_inferred__34/g0_b0_i_36/O
                         net (fo=3, routed)           0.295    12.253    system_i/aes_ctr_axis_0/inst/u_aes/ciphertext_reg[59]_0
    SLICE_X22Y274        LUT6 (Prop_G6LUT_SLICEL_I2_O)
                                                      0.050    12.303 r  system_i/aes_ctr_axis_0/inst/u_aes/g0_b0_i_13__1/O
                         net (fo=3, routed)           0.150    12.453    system_i/aes_ctr_axis_0/inst/u_aes/g0_b0_i_13__1_n_0
    SLICE_X24Y275        LUT6 (Prop_C6LUT_SLICEL_I0_O)
                                                      0.096    12.549 r  system_i/aes_ctr_axis_0/inst/u_aes/g0_b0_i_4__9/O
                         net (fo=33, routed)          0.349    12.898    system_i/aes_ctr_axis_0/inst/u_aes/round_keys[155]
    SLICE_X27Y280        LUT6 (Prop_C6LUT_SLICEL_I3_O)
                                                      0.146    13.044 r  system_i/aes_ctr_axis_0/inst/u_aes/g1_b4__35/O
                         net (fo=1, routed)           0.010    13.054    system_i/aes_ctr_axis_0/inst/u_key_expansion/ciphertext[36]_i_3_0
    SLICE_X27Y280        MUXF7 (Prop_F7MUX_CD_SLICEL_I1_O)
                                                      0.064    13.118 r  system_i/aes_ctr_axis_0/inst/u_key_expansion/aes_sbox_inferred__35/ciphertext_reg[36]_i_8/O
                         net (fo=1, routed)           0.175    13.293    system_i/aes_ctr_axis_0/inst/u_aes/ciphertext_reg[36]_2
    SLICE_X28Y281        LUT6 (Prop_F6LUT_SLICEL_I5_O)
                                                      0.123    13.416 r  system_i/aes_ctr_axis_0/inst/u_aes/ciphertext[36]_i_3/O
                         net (fo=4, routed)           0.198    13.614    system_i/aes_ctr_axis_0/inst/u_aes/ciphertext[36]_i_3_n_0
    SLICE_X29Y283        LUT6 (Prop_G6LUT_SLICEM_I2_O)
                                                      0.052    13.666 r  system_i/aes_ctr_axis_0/inst/u_aes/ciphertext[68]_i_2/O
                         net (fo=1, routed)           0.050    13.716    system_i/aes_ctr_axis_0/inst/u_aes/round_keys[68]
    SLICE_X29Y283        LUT2 (Prop_B6LUT_SLICEM_I0_O)
                                                      0.125    13.841 r  system_i/aes_ctr_axis_0/inst/u_aes/ciphertext[68]_i_1/O
                         net (fo=1, routed)           0.059    13.900    system_i/aes_ctr_axis_0/inst/u_aes/rk10[68]
    SLICE_X29Y283        FDCE                                         r  system_i/aes_ctr_axis_0/inst/u_aes/ciphertext_reg[68]/D
  -------------------------------------------------------------------    -------------------

                         (clock clk_pl_0 rise edge)
                                                     13.333    13.333 r  <hidden>
    PS8_X0Y0             PS8                          0.000    13.333 r  system_i/zynq_ultra_ps_e_0/inst/PS8_i/PLCLK[0]
                         net (fo=1, routed)           0.143    13.476    system_i/zynq_ultra_ps_e_0/inst/pl_clk_unbuffered[0]
    BUFG_PS_X0Y80        BUFG_PS (Prop_BUFG_PS_I_O)
                                                      0.025    13.501 r  system_i/zynq_ultra_ps_e_0/inst/buffer_pl_clk_0.PL_CLK_0_BUFG/O
    X1Y2 (CLOCK_ROOT)    net (fo=12466, routed)       1.692    15.193    system_i/aes_ctr_axis_0/inst/u_aes/aclk
    SLICE_X29Y283        FDCE                                         r  system_i/aes_ctr_axis_0/inst/u_aes/ciphertext_reg[68]/C
                         clock pessimism              0.176    15.369    <hidden>
                         clock uncertainty           -0.141    15.228    <hidden>
    SLICE_X29Y283        FDCE (Setup_BFF_SLICEM_C_D)
                                                      0.025    15.253    system_i/aes_ctr_axis_0/inst/u_aes/ciphertext_reg[68]
  -------------------------------------------------------------------
                         required time                         15.253    <hidden>
                         arrival time                         -13.900    <hidden>
  -------------------------------------------------------------------
                         slack                                  1.353    <hidden>

Slack (MET) :             1.370ns  (required time - arrival time)
  Source:                 system_i/aes_ctr_axis_0/inst/key_reg3_reg[5]/C
                            (rising edge-triggered cell FDRE clocked by clk_pl_0  {rise@0.000ns fall@6.667ns period=13.333ns})
  Destination:            system_i/aes_ctr_axis_0/inst/u_aes/ciphertext_reg[19]/D
                            (rising edge-triggered cell FDCE clocked by clk_pl_0  {rise@0.000ns fall@6.667ns period=13.333ns})
  Path Group:             clk_pl_0
  Path Type:              Setup (Max at Slow Process Corner)
  Requirement:            13.333ns  (clk_pl_0 rise@13.333ns - clk_pl_0 rise@0.000ns)
  Data Path Delay:        11.686ns  (logic 3.528ns (30.191%)  route 8.158ns (69.810%))
  Logic Levels:           46  (LUT2=5 LUT3=3 LUT4=3 LUT5=2 LUT6=20 MUXF7=7 MUXF8=6)
  Clock Path Skew:        -0.161ns (DCD - SCD + CPR)
    Destination Clock Delay (DCD):    1.857ns = ( 15.190 - 13.333 ) 
    Source Clock Delay      (SCD):    2.141ns
    Clock Pessimism Removal (CPR):    0.123ns
  Clock Uncertainty:      0.141ns  ((TSJ^2 + DJ^2)^1/2) / 2 + PE
    Total System Jitter     (TSJ):    0.071ns
    Discrete Jitter          (DJ):    0.273ns
    Phase Error              (PE):    0.000ns
  Clock Net Delay (Source):      1.933ns (routing 0.569ns, distribution 1.364ns)
  Clock Net Delay (Destination): 1.689ns (routing 0.512ns, distribution 1.177ns)

    Location             Delay type                Incr(ns)  Path(ns)    Netlist Resource(s)
  -------------------------------------------------------------------    -------------------
                         (clock clk_pl_0 rise edge)
                                                      0.000     0.000 r  <hidden>
    PS8_X0Y0             PS8                          0.000     0.000 r  system_i/zynq_ultra_ps_e_0/inst/PS8_i/PLCLK[0]
                         net (fo=1, routed)           0.180     0.180    system_i/zynq_ultra_ps_e_0/inst/pl_clk_unbuffered[0]
    BUFG_PS_X0Y80        BUFG_PS (Prop_BUFG_PS_I_O)
                                                      0.028     0.208 r  system_i/zynq_ultra_ps_e_0/inst/buffer_pl_clk_0.PL_CLK_0_BUFG/O
    X1Y2 (CLOCK_ROOT)    net (fo=12466, routed)       1.933     2.141    system_i/aes_ctr_axis_0/inst/aclk
    SLICE_X37Y301        FDRE                                         r  system_i/aes_ctr_axis_0/inst/key_reg3_reg[5]/C
  -------------------------------------------------------------------    -------------------
    SLICE_X37Y301        FDRE (Prop_EFF2_SLICEM_C_Q)
                                                      0.079     2.220 r  system_i/aes_ctr_axis_0/inst/key_reg3_reg[5]/Q
                         net (fo=36, routed)          0.309     2.529    system_i/aes_ctr_axis_0/inst/u_aes/key_value[5]
    SLICE_X35Y298        LUT6 (Prop_G6LUT_SLICEM_I5_O)
                                                      0.150     2.679 r  system_i/aes_ctr_axis_0/inst/u_aes/g1_b3__0/O
                         net (fo=1, routed)           0.017     2.696    system_i/aes_ctr_axis_0/inst/u_key_expansion/aes_sbox_inferred__0/g0_b0_i_10_1
    SLICE_X35Y298        MUXF7 (Prop_F7MUX_GH_SLICEM_I1_O)
                                                      0.060     2.756 r  system_i/aes_ctr_axis_0/inst/u_key_expansion/aes_sbox_inferred__0/g0_b0_i_19/O
                         net (fo=1, routed)           0.000     2.756    system_i/aes_ctr_axis_0/inst/u_key_expansion/aes_sbox_inferred__0/g0_b0_i_19_n_0
    SLICE_X35Y298        MUXF8 (Prop_F8MUX_TOP_SLICEM_I0_O)
                                                      0.028     2.784 r  system_i/aes_ctr_axis_0/inst/u_key_expansion/aes_sbox_inferred__0/g0_b0_i_10/O
                         net (fo=20, routed)          0.165     2.949    system_i/aes_ctr_axis_0/inst/u_aes/SubWord_return[11]
    SLICE_X33Y298        LUT5 (Prop_E6LUT_SLICEL_I2_O)
                                                      0.035     2.984 r  system_i/aes_ctr_axis_0/inst/u_aes/g0_b0_i_4__15/O
                         net (fo=33, routed)          0.347     3.332    system_i/aes_ctr_axis_0/inst/u_aes/round_keys[1163]
    SLICE_X31Y303        LUT6 (Prop_D6LUT_SLICEM_I3_O)
                                                      0.145     3.477 r  system_i/aes_ctr_axis_0/inst/u_aes/g0_b4__5/O
                         net (fo=1, routed)           0.025     3.502    system_i/aes_ctr_axis_0/inst/u_key_expansion/aes_sbox_inferred__5/g0_b0_i_11_0
    SLICE_X31Y303        MUXF7 (Prop_F7MUX_CD_SLICEM_I0_O)
                                                      0.062     3.564 r  system_i/aes_ctr_axis_0/inst/u_key_expansion/aes_sbox_inferred__5/g0_b0_i_21/O
                         net (fo=1, routed)           0.000     3.564    system_i/aes_ctr_axis_0/inst/u_key_expansion/aes_sbox_inferred__5/g0_b0_i_21_n_0
    SLICE_X31Y303        MUXF8 (Prop_F8MUX_BOT_SLICEM_I0_O)
                                                      0.030     3.594 r  system_i/aes_ctr_axis_0/inst/u_key_expansion/aes_sbox_inferred__5/g0_b0_i_11/O
                         net (fo=18, routed)          0.294     3.888    system_i/aes_ctr_axis_0/inst/u_aes/state4_reg[116]_1
    SLICE_X30Y302        LUT3 (Prop_B6LUT_SLICEL_I0_O)
                                                      0.036     3.924 r  system_i/aes_ctr_axis_0/inst/u_aes/g0_b0_i_5__19/O
                         net (fo=34, routed)          0.268     4.191    system_i/aes_ctr_axis_0/inst/u_aes/round_keys[1044]
    SLICE_X29Y299        LUT6 (Prop_B6LUT_SLICEM_I4_O)
                                                      0.100     4.291 r  system_i/aes_ctr_axis_0/inst/u_aes/g2_b5__10/O
                         net (fo=1, routed)           0.017     4.308    system_i/aes_ctr_axis_0/inst/u_key_expansion/aes_sbox_inferred__10/state4_reg[125]_i_3_2
    SLICE_X29Y299        MUXF7 (Prop_F7MUX_AB_SLICEM_I0_O)
                                                      0.060     4.368 r  system_i/aes_ctr_axis_0/inst/u_key_expansion/aes_sbox_inferred__10/state4_reg[125]_i_8/O
                         net (fo=1, routed)           0.000     4.368    system_i/aes_ctr_axis_0/inst/u_key_expansion/aes_sbox_inferred__10/state4_reg[125]_i_8_n_0
    SLICE_X29Y299        MUXF8 (Prop_F8MUX_BOT_SLICEM_I1_O)
                                                      0.028     4.396 r  system_i/aes_ctr_axis_0/inst/u_key_expansion/aes_sbox_inferred__10/state4_reg[125]_i_3/O
                         net (fo=10, routed)          0.303     4.700    system_i/aes_ctr_axis_0/inst/u_aes/state4_reg[125]_2
    SLICE_X32Y296        LUT4 (Prop_C6LUT_SLICEL_I0_O)
                                                      0.035     4.735 r  system_i/aes_ctr_axis_0/inst/u_aes/g0_b0_i_12__11/O
                         net (fo=9, routed)           0.174     4.909    system_i/aes_ctr_axis_0/inst/u_aes/round_keys[957]
    SLICE_X33Y296        LUT2 (Prop_C6LUT_SLICEL_I0_O)
                                                      0.088     4.997 r  system_i/aes_ctr_axis_0/inst/u_aes/g0_b0_i_6__16/O
                         net (fo=34, routed)          0.508     5.504    system_i/aes_ctr_axis_0/inst/u_aes/round_keys[925]
    SLICE_X39Y302        LUT6 (Prop_A6LUT_SLICEM_I5_O)
                                                      0.150     5.654 r  system_i/aes_ctr_axis_0/inst/u_aes/g1_b7__11/O
                         net (fo=2, routed)           0.011     5.665    system_i/aes_ctr_axis_0/inst/u_key_expansion/state4[103]_i_3_1
    SLICE_X39Y302        MUXF7 (Prop_F7MUX_AB_SLICEM_I1_O)
                                                      0.065     5.730 r  system_i/aes_ctr_axis_0/inst/u_key_expansion/aes_sbox_inferred__11/state4_reg[103]_i_6/O
                         net (fo=1, routed)           0.134     5.864    system_i/aes_ctr_axis_0/inst/u_aes/state4_reg[103]_0
    SLICE_X39Y300        LUT6 (Prop_G6LUT_SLICEM_I1_O)
                                                      0.090     5.954 r  system_i/aes_ctr_axis_0/inst/u_aes/state4[103]_i_3/O
                         net (fo=2, routed)           0.099     6.053    system_i/aes_ctr_axis_0/inst/u_aes/round_keys[871]
    SLICE_X39Y298        LUT4 (Prop_G6LUT_SLICEM_I0_O)
                                                      0.037     6.090 r  system_i/aes_ctr_axis_0/inst/u_aes/state4[7]_i_2/O
                         net (fo=12, routed)          0.449     6.539    system_i/aes_ctr_axis_0/inst/u_key_expansion/state4_reg[96][65]
    SLICE_X40Y288        MUXF8 (Prop_F8MUX_BOT_SLICEL_S_O)
                                                      0.069     6.608 r  system_i/aes_ctr_axis_0/inst/u_key_expansion/aes_sbox_inferred__16/g0_b0_i_15/O
                         net (fo=4, routed)           0.313     6.921    system_i/aes_ctr_axis_0/inst/u_aes/state9_reg[106]_1
    SLICE_X36Y287        LUT6 (Prop_H6LUT_SLICEL_I2_O)
                                                      0.124     7.045 r  system_i/aes_ctr_axis_0/inst/u_aes/g0_b0_i_9__10/O
                         net (fo=8, routed)           0.149     7.194    system_i/aes_ctr_axis_0/inst/u_aes/round_keys[746]
    SLICE_X35Y286        LUT3 (Prop_H6LUT_SLICEM_I1_O)
                                                      0.039     7.233 r  system_i/aes_ctr_axis_0/inst/u_aes/g0_b0_i_3__26/O
                         net (fo=34, routed)          0.379     7.612    system_i/aes_ctr_axis_0/inst/u_aes/round_keys[650]
    SLICE_X30Y279        LUT6 (Prop_A6LUT_SLICEL_I2_O)
                                                      0.090     7.702 r  system_i/aes_ctr_axis_0/inst/u_aes/g3_b2__21/O
                         net (fo=1, routed)           0.009     7.711    system_i/aes_ctr_axis_0/inst/u_key_expansion/aes_sbox_inferred__21/g0_b0_i_15_3
    SLICE_X30Y279        MUXF7 (Prop_F7MUX_AB_SLICEL_I1_O)
                                                      0.057     7.768 r  system_i/aes_ctr_axis_0/inst/u_key_expansion/aes_sbox_inferred__21/g0_b0_i_24/O
                         net (fo=1, routed)           0.000     7.768    system_i/aes_ctr_axis_0/inst/u_key_expansion/aes_sbox_inferred__21/g0_b0_i_24_n_0
    SLICE_X30Y279        MUXF8 (Prop_F8MUX_BOT_SLICEL_I1_O)
                                                      0.026     7.794 r  system_i/aes_ctr_axis_0/inst/u_key_expansion/aes_sbox_inferred__21/g0_b0_i_15/O
                         net (fo=4, routed)           0.154     7.948    system_i/aes_ctr_axis_0/inst/u_aes/state9_reg[114]_0
    SLICE_X30Y279        LUT6 (Prop_H6LUT_SLICEL_I3_O)
                                                      0.150     8.098 r  system_i/aes_ctr_axis_0/inst/u_aes/g0_b0_i_9__11/O
                         net (fo=6, routed)           0.294     8.392    system_i/aes_ctr_axis_0/inst/u_aes/round_keys[626]
    SLICE_X27Y282        LUT4 (Prop_A6LUT_SLICEL_I2_O)
                                                      0.050     8.442 r  system_i/aes_ctr_axis_0/inst/u_aes/g0_b0_i_3__30/O
                         net (fo=35, routed)          0.345     8.787    system_i/aes_ctr_axis_0/inst/u_aes/round_keys[530]
    SLICE_X21Y276        LUT6 (Prop_B6LUT_SLICEM_I2_O)
                                                      0.100     8.887 r  system_i/aes_ctr_axis_0/inst/u_aes/g2_b5__26/O
                         net (fo=1, routed)           0.017     8.904    system_i/aes_ctr_axis_0/inst/u_key_expansion/aes_sbox_inferred__26/g0_b0_i_47_2
    SLICE_X21Y276        MUXF7 (Prop_F7MUX_AB_SLICEM_I0_O)
                                                      0.060     8.964 r  system_i/aes_ctr_axis_0/inst/u_key_expansion/aes_sbox_inferred__26/g0_b0_i_60/O
                         net (fo=1, routed)           0.000     8.964    system_i/aes_ctr_axis_0/inst/u_key_expansion/aes_sbox_inferred__26/g0_b0_i_60_n_0
    SLICE_X21Y276        MUXF8 (Prop_F8MUX_BOT_SLICEM_I1_O)
                                                      0.028     8.992 r  system_i/aes_ctr_axis_0/inst/u_key_expansion/aes_sbox_inferred__26/g0_b0_i_47/O
                         net (fo=4, routed)           0.206     9.198    system_i/aes_ctr_axis_0/inst/u_aes/state9_reg[61]_0
    SLICE_X21Y276        LUT6 (Prop_H6LUT_SLICEM_I3_O)
                                                      0.039     9.237 r  system_i/aes_ctr_axis_0/inst/u_aes/state7[125]_i_6/O
                         net (fo=4, routed)           0.239     9.476    system_i/aes_ctr_axis_0/inst/u_aes/round_keys[509]
    SLICE_X23Y279        LUT3 (Prop_B6LUT_SLICEM_I2_O)
                                                      0.089     9.565 r  system_i/aes_ctr_axis_0/inst/u_aes/g0_b0_i_12__26/O
                         net (fo=5, routed)           0.156     9.721    system_i/aes_ctr_axis_0/inst/u_aes/round_keys[445]
    SLICE_X23Y282        LUT2 (Prop_E6LUT_SLICEM_I0_O)
                                                      0.124     9.845 r  system_i/aes_ctr_axis_0/inst/u_aes/g0_b0_i_6__12/O
                         net (fo=35, routed)          0.204    10.049    system_i/aes_ctr_axis_0/inst/u_aes/round_keys[413]
    SLICE_X23Y283        LUT6 (Prop_G6LUT_SLICEM_I5_O)
                                                      0.150    10.199 r  system_i/aes_ctr_axis_0/inst/u_aes/g2_b1__27/O
                         net (fo=1, routed)           0.048    10.247    system_i/aes_ctr_axis_0/inst/u_key_expansion/state9[97]_i_4_0
    SLICE_X23Y283        LUT6 (Prop_E6LUT_SLICEM_I1_O)
                                                      0.100    10.347 r  system_i/aes_ctr_axis_0/inst/u_key_expansion/aes_sbox_inferred__27/g0_b0_i_28/O
                         net (fo=4, routed)           0.219    10.566    system_i/aes_ctr_axis_0/inst/u_aes/state8_reg[97]_0
    SLICE_X28Y283        LUT6 (Prop_F6LUT_SLICEL_I3_O)
                                                      0.035    10.601 r  system_i/aes_ctr_axis_0/inst/u_aes/state8[97]_i_2/O
                         net (fo=2, routed)           0.213    10.814    system_i/aes_ctr_axis_0/inst/u_aes/round_keys[353]
    SLICE_X31Y283        LUT5 (Prop_C6LUT_SLICEM_I4_O)
                                                      0.037    10.851 r  system_i/aes_ctr_axis_0/inst/u_aes/g0_b0_i_10__19/O
                         net (fo=4, routed)           0.190    11.041    system_i/aes_ctr_axis_0/inst/u_aes/round_keys[321]
    SLICE_X32Y282        LUT2 (Prop_F6LUT_SLICEL_I0_O)
                                                      0.089    11.130 r  system_i/aes_ctr_axis_0/inst/u_aes/g0_b0_i_8/O
                         net (fo=4, routed)           0.178    11.308    system_i/aes_ctr_axis_0/inst/u_aes/round_keys[289]
    SLICE_X33Y280        LUT2 (Prop_E6LUT_SLICEL_I0_O)
                                                      0.090    11.398 r  system_i/aes_ctr_axis_0/inst/u_aes/g0_b0_i_2__0/O
                         net (fo=33, routed)          0.225    11.623    system_i/aes_ctr_axis_0/inst/u_aes/round_keys[257]
    SLICE_X35Y279        LUT6 (Prop_H6LUT_SLICEM_I1_O)
                                                      0.125    11.748 r  system_i/aes_ctr_axis_0/inst/u_aes/g0_b3__32/O
                         net (fo=1, routed)           0.145    11.893    system_i/aes_ctr_axis_0/inst/u_key_expansion/state9[107]_i_4_2
    SLICE_X35Y279        LUT6 (Prop_E6LUT_SLICEM_I5_O)
                                                      0.052    11.945 r  system_i/aes_ctr_axis_0/inst/u_key_expansion/aes_sbox_inferred__32/g0_b0_i_36/O
                         net (fo=3, routed)           0.150    12.095    system_i/aes_ctr_axis_0/inst/u_aes/ciphertext_reg[43]_0
    SLICE_X36Y280        LUT6 (Prop_H6LUT_SLICEL_I2_O)
                                                      0.099    12.194 r  system_i/aes_ctr_axis_0/inst/u_aes/g0_b0_i_13/O
                         net (fo=3, routed)           0.248    12.442    system_i/aes_ctr_axis_0/inst/u_aes/g0_b0_i_13_n_0
    SLICE_X35Y276        LUT6 (Prop_B6LUT_SLICEM_I0_O)
                                                      0.037    12.479 r  system_i/aes_ctr_axis_0/inst/u_aes/g0_b0_i_4__4/O
                         net (fo=33, routed)          0.375    12.854    system_i/aes_ctr_axis_0/inst/u_aes/round_keys[139]
    SLICE_X31Y268        LUT6 (Prop_D6LUT_SLICEM_I3_O)
                                                      0.145    12.999 r  system_i/aes_ctr_axis_0/inst/u_aes/g0_b3__37/O
                         net (fo=1, routed)           0.025    13.024    system_i/aes_ctr_axis_0/inst/u_key_expansion/ciphertext[51]_i_3
    SLICE_X31Y268        MUXF7 (Prop_F7MUX_CD_SLICEM_I0_O)
                                                      0.069    13.093 r  system_i/aes_ctr_axis_0/inst/u_key_expansion/aes_sbox_inferred__37/ciphertext_reg[51]_i_8/O
                         net (fo=1, routed)           0.236    13.329    system_i/aes_ctr_axis_0/inst/u_aes/ciphertext_reg[51]_3
    SLICE_X29Y264        LUT6 (Prop_B6LUT_SLICEM_I5_O)
                                                      0.052    13.381 r  system_i/aes_ctr_axis_0/inst/u_aes/ciphertext[51]_i_3/O
                         net (fo=4, routed)           0.190    13.571    system_i/aes_ctr_axis_0/inst/u_aes/ciphertext[51]_i_3_n_0
    SLICE_X27Y265        LUT6 (Prop_D6LUT_SLICEL_I1_O)
                                                      0.036    13.607 r  system_i/aes_ctr_axis_0/inst/u_aes/ciphertext[19]_i_2/O
                         net (fo=1, routed)           0.083    13.690    system_i/aes_ctr_axis_0/inst/u_aes/round_keys[19]
    SLICE_X28Y265        LUT2 (Prop_G6LUT_SLICEL_I0_O)
                                                      0.089    13.779 r  system_i/aes_ctr_axis_0/inst/u_aes/ciphertext[19]_i_1/O
                         net (fo=1, routed)           0.048    13.827    system_i/aes_ctr_axis_0/inst/u_aes/rk10[19]
    SLICE_X28Y265        FDCE                                         r  system_i/aes_ctr_axis_0/inst/u_aes/ciphertext_reg[19]/D
  -------------------------------------------------------------------    -------------------

                         (clock clk_pl_0 rise edge)
                                                     13.333    13.333 r  <hidden>
    PS8_X0Y0             PS8                          0.000    13.333 r  system_i/zynq_ultra_ps_e_0/inst/PS8_i/PLCLK[0]
                         net (fo=1, routed)           0.143    13.476    system_i/zynq_ultra_ps_e_0/inst/pl_clk_unbuffered[0]
    BUFG_PS_X0Y80        BUFG_PS (Prop_BUFG_PS_I_O)
                                                      0.025    13.501 r  system_i/zynq_ultra_ps_e_0/inst/buffer_pl_clk_0.PL_CLK_0_BUFG/O
    X1Y2 (CLOCK_ROOT)    net (fo=12466, routed)       1.689    15.190    system_i/aes_ctr_axis_0/inst/u_aes/aclk
    SLICE_X28Y265        FDCE                                         r  system_i/aes_ctr_axis_0/inst/u_aes/ciphertext_reg[19]/C
                         clock pessimism              0.123    15.313    <hidden>
                         clock uncertainty           -0.141    15.172    <hidden>
    SLICE_X28Y265        FDCE (Setup_GFF_SLICEL_C_D)
                                                      0.025    15.197    system_i/aes_ctr_axis_0/inst/u_aes/ciphertext_reg[19]
  -------------------------------------------------------------------
                         required time                         15.197    <hidden>
                         arrival time                         -13.827    <hidden>
  -------------------------------------------------------------------
                         slack                                  1.370    <hidden>

Slack (MET) :             1.373ns  (required time - arrival time)
  Source:                 system_i/aes_ctr_axis_0/inst/key_reg3_reg[9]/C
                            (rising edge-triggered cell FDRE clocked by clk_pl_0  {rise@0.000ns fall@6.667ns period=13.333ns})
  Destination:            system_i/aes_ctr_axis_0/inst/u_aes/ciphertext_reg[90]/D
                            (rising edge-triggered cell FDCE clocked by clk_pl_0  {rise@0.000ns fall@6.667ns period=13.333ns})
  Path Group:             clk_pl_0
  Path Type:              Setup (Max at Slow Process Corner)
  Requirement:            13.333ns  (clk_pl_0 rise@13.333ns - clk_pl_0 rise@0.000ns)
  Data Path Delay:        11.660ns  (logic 3.681ns (31.571%)  route 7.979ns (68.429%))
  Logic Levels:           46  (LUT2=5 LUT3=3 LUT4=3 LUT5=2 LUT6=20 MUXF7=7 MUXF8=6)
  Clock Path Skew:        -0.185ns (DCD - SCD + CPR)
    Destination Clock Delay (DCD):    1.872ns = ( 15.205 - 13.333 ) 
    Source Clock Delay      (SCD):    2.180ns
    Clock Pessimism Removal (CPR):    0.123ns
  Clock Uncertainty:      0.141ns  ((TSJ^2 + DJ^2)^1/2) / 2 + PE
    Total System Jitter     (TSJ):    0.071ns
    Discrete Jitter          (DJ):    0.273ns
    Phase Error              (PE):    0.000ns
  Clock Net Delay (Source):      1.972ns (routing 0.569ns, distribution 1.403ns)
  Clock Net Delay (Destination): 1.704ns (routing 0.512ns, distribution 1.192ns)

    Location             Delay type                Incr(ns)  Path(ns)    Netlist Resource(s)
  -------------------------------------------------------------------    -------------------
                         (clock clk_pl_0 rise edge)
                                                      0.000     0.000 r  <hidden>
    PS8_X0Y0             PS8                          0.000     0.000 r  system_i/zynq_ultra_ps_e_0/inst/PS8_i/PLCLK[0]
                         net (fo=1, routed)           0.180     0.180    system_i/zynq_ultra_ps_e_0/inst/pl_clk_unbuffered[0]
    BUFG_PS_X0Y80        BUFG_PS (Prop_BUFG_PS_I_O)
                                                      0.028     0.208 r  system_i/zynq_ultra_ps_e_0/inst/buffer_pl_clk_0.PL_CLK_0_BUFG/O
    X1Y2 (CLOCK_ROOT)    net (fo=12466, routed)       1.972     2.180    system_i/aes_ctr_axis_0/inst/aclk
    SLICE_X29Y301        FDRE                                         r  system_i/aes_ctr_axis_0/inst/key_reg3_reg[9]/C
  -------------------------------------------------------------------    -------------------
    SLICE_X29Y301        FDRE (Prop_HFF_SLICEM_C_Q)
                                                      0.079     2.259 r  system_i/aes_ctr_axis_0/inst/key_reg3_reg[9]/Q
                         net (fo=36, routed)          0.306     2.565    system_i/aes_ctr_axis_0/inst/u_aes/key_value[9]
    SLICE_X30Y302        LUT6 (Prop_F6LUT_SLICEL_I1_O)
                                                      0.089     2.654 r  system_i/aes_ctr_axis_0/inst/u_aes/g2_b5__1/O
                         net (fo=1, routed)           0.011     2.665    system_i/aes_ctr_axis_0/inst/u_key_expansion/aes_sbox_inferred__1/g0_b0_i_12_2
    SLICE_X30Y302        MUXF7 (Prop_F7MUX_EF_SLICEL_I0_O)
                                                      0.057     2.722 r  system_i/aes_ctr_axis_0/inst/u_key_expansion/aes_sbox_inferred__1/g0_b0_i_24/O
                         net (fo=1, routed)           0.000     2.722    system_i/aes_ctr_axis_0/inst/u_key_expansion/aes_sbox_inferred__1/g0_b0_i_24_n_0
    SLICE_X30Y302        MUXF8 (Prop_F8MUX_TOP_SLICEL_I1_O)
                                                      0.026     2.748 r  system_i/aes_ctr_axis_0/inst/u_key_expansion/aes_sbox_inferred__1/g0_b0_i_12/O
                         net (fo=20, routed)          0.236     2.983    system_i/aes_ctr_axis_0/inst/u_aes/SubWord_return[21]
    SLICE_X29Y301        LUT5 (Prop_H6LUT_SLICEM_I2_O)
                                                      0.053     3.036 r  system_i/aes_ctr_axis_0/inst/u_aes/g0_b0_i_6__17/O
                         net (fo=33, routed)          0.205     3.242    system_i/aes_ctr_axis_0/inst/u_aes/round_keys[1173]
    SLICE_X30Y301        LUT6 (Prop_B6LUT_SLICEL_I5_O)
                                                      0.148     3.390 r  system_i/aes_ctr_axis_0/inst/u_aes/g2_b0__6/O
                         net (fo=1, routed)           0.009     3.399    system_i/aes_ctr_axis_0/inst/u_key_expansion/aes_sbox_inferred__6/g0_b0_i_7_0
    SLICE_X30Y301        MUXF7 (Prop_F7MUX_AB_SLICEL_I0_O)
                                                      0.056     3.455 r  system_i/aes_ctr_axis_0/inst/u_key_expansion/aes_sbox_inferred__6/g0_b0_i_14/O
                         net (fo=1, routed)           0.000     3.455    system_i/aes_ctr_axis_0/inst/u_key_expansion/aes_sbox_inferred__6/g0_b0_i_14_n_0
    SLICE_X30Y301        MUXF8 (Prop_F8MUX_BOT_SLICEL_I1_O)
                                                      0.026     3.481 r  system_i/aes_ctr_axis_0/inst/u_key_expansion/aes_sbox_inferred__6/g0_b0_i_7/O
                         net (fo=18, routed)          0.284     3.764    system_i/aes_ctr_axis_0/inst/u_aes/state4_reg[120]_1
    SLICE_X33Y300        LUT3 (Prop_H6LUT_SLICEL_I0_O)
                                                      0.150     3.914 r  system_i/aes_ctr_axis_0/inst/u_aes/g0_b0_i_1__20/O
                         net (fo=34, routed)          0.382     4.296    system_i/aes_ctr_axis_0/inst/u_aes/round_keys[1048]
    SLICE_X36Y297        LUT6 (Prop_E6LUT_SLICEL_I0_O)
                                                      0.147     4.443 r  system_i/aes_ctr_axis_0/inst/u_aes/g3_b2__7/O
                         net (fo=1, routed)           0.007     4.450    system_i/aes_ctr_axis_0/inst/u_key_expansion/aes_sbox_inferred__7/state4_reg[98]_i_3_3
    SLICE_X36Y297        MUXF7 (Prop_F7MUX_EF_SLICEL_I1_O)
                                                      0.056     4.506 r  system_i/aes_ctr_axis_0/inst/u_key_expansion/aes_sbox_inferred__7/state4_reg[98]_i_8/O
                         net (fo=1, routed)           0.000     4.506    system_i/aes_ctr_axis_0/inst/u_key_expansion/aes_sbox_inferred__7/state4_reg[98]_i_8_n_0
    SLICE_X36Y297        MUXF8 (Prop_F8MUX_TOP_SLICEL_I1_O)
                                                      0.026     4.532 r  system_i/aes_ctr_axis_0/inst/u_key_expansion/aes_sbox_inferred__7/state4_reg[98]_i_3/O
                         net (fo=10, routed)          0.295     4.827    system_i/aes_ctr_axis_0/inst/u_aes/state4_reg[98]_2
    SLICE_X39Y293        LUT4 (Prop_E6LUT_SLICEM_I0_O)
                                                      0.037     4.864 r  system_i/aes_ctr_axis_0/inst/u_aes/g0_b0_i_9__20/O
                         net (fo=9, routed)           0.152     5.016    system_i/aes_ctr_axis_0/inst/u_aes/round_keys[930]
    SLICE_X38Y295        LUT2 (Prop_C6LUT_SLICEL_I0_O)
                                                      0.035     5.051 r  system_i/aes_ctr_axis_0/inst/u_aes/g0_b0_i_3__2/O
                         net (fo=34, routed)          0.415     5.467    system_i/aes_ctr_axis_0/inst/u_aes/round_keys[898]
    SLICE_X39Y303        LUT6 (Prop_B6LUT_SLICEM_I2_O)
                                                      0.089     5.556 r  system_i/aes_ctr_axis_0/inst/u_aes/g2_b7__12/O
                         net (fo=2, routed)           0.017     5.573    system_i/aes_ctr_axis_0/inst/u_key_expansion/state4[111]_i_3_0
    SLICE_X39Y303        MUXF7 (Prop_F7MUX_AB_SLICEM_I0_O)
                                                      0.067     5.640 r  system_i/aes_ctr_axis_0/inst/u_key_expansion/aes_sbox_inferred__12/state4_reg[111]_i_7/O
                         net (fo=1, routed)           0.195     5.835    system_i/aes_ctr_axis_0/inst/u_aes/state4_reg[111]_1
    SLICE_X39Y303        LUT6 (Prop_H6LUT_SLICEM_I3_O)
                                                      0.101     5.936 r  system_i/aes_ctr_axis_0/inst/u_aes/state4[111]_i_3/O
                         net (fo=2, routed)           0.193     6.129    system_i/aes_ctr_axis_0/inst/u_aes/round_keys[879]
    SLICE_X37Y300        LUT4 (Prop_G6LUT_SLICEM_I0_O)
                                                      0.052     6.181 r  system_i/aes_ctr_axis_0/inst/u_aes/state4[15]_i_2/O
                         net (fo=12, routed)          0.531     6.712    system_i/aes_ctr_axis_0/inst/u_key_expansion/state4_reg[96][67]
    SLICE_X30Y289        MUXF8 (Prop_F8MUX_BOT_SLICEL_S_O)
                                                      0.069     6.781 r  system_i/aes_ctr_axis_0/inst/u_key_expansion/aes_sbox_inferred__17/g0_b0_i_17/O
                         net (fo=4, routed)           0.159     6.940    system_i/aes_ctr_axis_0/inst/u_aes/state9_reg[116]_1
    SLICE_X30Y289        LUT6 (Prop_G6LUT_SLICEL_I2_O)
                                                      0.149     7.089 r  system_i/aes_ctr_axis_0/inst/u_aes/g0_b0_i_11__12/O
                         net (fo=8, routed)           0.104     7.193    system_i/aes_ctr_axis_0/inst/u_aes/round_keys[756]
    SLICE_X28Y289        LUT3 (Prop_G6LUT_SLICEL_I1_O)
                                                      0.050     7.243 r  system_i/aes_ctr_axis_0/inst/u_aes/g0_b0_i_5__29/O
                         net (fo=34, routed)          0.262     7.505    system_i/aes_ctr_axis_0/inst/u_aes/round_keys[660]
    SLICE_X24Y288        LUT6 (Prop_D6LUT_SLICEL_I4_O)
                                                      0.122     7.627 r  system_i/aes_ctr_axis_0/inst/u_aes/g0_b5__22/O
                         net (fo=1, routed)           0.009     7.636    system_i/aes_ctr_axis_0/inst/u_key_expansion/aes_sbox_inferred__22/g0_b0_i_18_0
    SLICE_X24Y288        MUXF7 (Prop_F7MUX_CD_SLICEL_I0_O)
                                                      0.056     7.692 r  system_i/aes_ctr_axis_0/inst/u_key_expansion/aes_sbox_inferred__22/g0_b0_i_29/O
                         net (fo=1, routed)           0.000     7.692    system_i/aes_ctr_axis_0/inst/u_key_expansion/aes_sbox_inferred__22/g0_b0_i_29_n_0
    SLICE_X24Y288        MUXF8 (Prop_F8MUX_BOT_SLICEL_I0_O)
                                                      0.026     7.718 r  system_i/aes_ctr_axis_0/inst/u_key_expansion/aes_sbox_inferred__22/g0_b0_i_18/O
                         net (fo=4, routed)           0.190     7.908    system_i/aes_ctr_axis_0/inst/u_aes/state9_reg[125]_0
    SLICE_X24Y288        LUT6 (Prop_H6LUT_SLICEL_I3_O)
                                                      0.036     7.944 r  system_i/aes_ctr_axis_0/inst/u_aes/g0_b0_i_12__9/O
                         net (fo=6, routed)           0.270     8.214    system_i/aes_ctr_axis_0/inst/u_aes/round_keys[637]
    SLICE_X27Y286        LUT4 (Prop_B6LUT_SLICEL_I2_O)
                                                      0.090     8.304 r  system_i/aes_ctr_axis_0/inst/u_aes/g0_b0_i_6__33/O
                         net (fo=35, routed)          0.425     8.728    system_i/aes_ctr_axis_0/inst/u_aes/round_keys[541]
    SLICE_X30Y284        LUT6 (Prop_A6LUT_SLICEL_I5_O)
                                                      0.035     8.763 r  system_i/aes_ctr_axis_0/inst/u_aes/g3_b5__23/O
                         net (fo=1, routed)           0.009     8.772    system_i/aes_ctr_axis_0/inst/u_key_expansion/aes_sbox_inferred__23/g0_b0_i_47_3
    SLICE_X30Y284        MUXF7 (Prop_F7MUX_AB_SLICEL_I1_O)
                                                      0.057     8.829 r  system_i/aes_ctr_axis_0/inst/u_key_expansion/aes_sbox_inferred__23/g0_b0_i_60/O
                         net (fo=1, routed)           0.000     8.829    system_i/aes_ctr_axis_0/inst/u_key_expansion/aes_sbox_inferred__23/g0_b0_i_60_n_0
    SLICE_X30Y284        MUXF8 (Prop_F8MUX_BOT_SLICEL_I1_O)
                                                      0.026     8.855 r  system_i/aes_ctr_axis_0/inst/u_key_expansion/aes_sbox_inferred__23/g0_b0_i_47/O
                         net (fo=4, routed)           0.247     9.102    system_i/aes_ctr_axis_0/inst/u_aes/state7_reg[101]_0
    SLICE_X31Y284        LUT6 (Prop_C6LUT_SLICEM_I3_O)
                                                      0.123     9.225 r  system_i/aes_ctr_axis_0/inst/u_aes/state7[101]_i_2/O
                         net (fo=4, routed)           0.266     9.491    system_i/aes_ctr_axis_0/inst/u_aes/round_keys[485]
    SLICE_X37Y284        LUT3 (Prop_G6LUT_SLICEM_I2_O)
                                                      0.037     9.528 r  system_i/aes_ctr_axis_0/inst/u_aes/g0_b0_i_12__20/O
                         net (fo=5, routed)           0.097     9.625    system_i/aes_ctr_axis_0/inst/u_aes/round_keys[421]
    SLICE_X37Y283        LUT2 (Prop_G6LUT_SLICEM_I0_O)
                                                      0.090     9.715 r  system_i/aes_ctr_axis_0/inst/u_aes/g0_b0_i_6__1/O
                         net (fo=35, routed)          0.277     9.992    system_i/aes_ctr_axis_0/inst/u_aes/round_keys[389]
    SLICE_X36Y281        LUT6 (Prop_C6LUT_SLICEL_I5_O)
                                                      0.146    10.138 r  system_i/aes_ctr_axis_0/inst/u_aes/g2_b4__28/O
                         net (fo=1, routed)           0.064    10.202    system_i/aes_ctr_axis_0/inst/u_key_expansion/state8[108]_i_2_0
    SLICE_X36Y281        LUT6 (Prop_G6LUT_SLICEL_I1_O)
                                                      0.149    10.351 r  system_i/aes_ctr_axis_0/inst/u_key_expansion/aes_sbox_inferred__28/g0_b0_i_43/O
                         net (fo=4, routed)           0.099    10.451    system_i/aes_ctr_axis_0/inst/u_aes/ciphertext_reg[44]_1
    SLICE_X37Y281        LUT6 (Prop_D6LUT_SLICEM_I3_O)
                                                      0.088    10.539 r  system_i/aes_ctr_axis_0/inst/u_aes/state8[108]_i_2/O
                         net (fo=2, routed)           0.093    10.632    system_i/aes_ctr_axis_0/inst/u_aes/round_keys[364]
    SLICE_X37Y280        LUT5 (Prop_G6LUT_SLICEM_I4_O)
                                                      0.052    10.684 r  system_i/aes_ctr_axis_0/inst/u_aes/g0_b0_i_16__0/O
                         net (fo=4, routed)           0.220    10.904    system_i/aes_ctr_axis_0/inst/u_aes/round_keys[332]
    SLICE_X36Y275        LUT2 (Prop_E5LUT_SLICEL_I0_O)
                                                      0.114    11.018 r  system_i/aes_ctr_axis_0/inst/u_aes/g0_b0_i_11__3/O
                         net (fo=4, routed)           0.233    11.251    system_i/aes_ctr_axis_0/inst/u_aes/round_keys[300]
    SLICE_X35Y270        LUT2 (Prop_F6LUT_SLICEM_I0_O)
                                                      0.098    11.349 r  system_i/aes_ctr_axis_0/inst/u_aes/g0_b0_i_5__5/O
                         net (fo=33, routed)          0.358    11.708    system_i/aes_ctr_axis_0/inst/u_aes/round_keys[268]
    SLICE_X32Y266        LUT6 (Prop_C6LUT_SLICEL_I4_O)
                                                      0.146    11.854 r  system_i/aes_ctr_axis_0/inst/u_aes/g3_b4__33/O
                         net (fo=1, routed)           0.139    11.993    system_i/aes_ctr_axis_0/inst/u_key_expansion/state9[116]_i_4
    SLICE_X33Y266        LUT6 (Prop_G6LUT_SLICEL_I0_O)
                                                      0.097    12.090 r  system_i/aes_ctr_axis_0/inst/u_key_expansion/aes_sbox_inferred__33/g0_b0_i_41/O
                         net (fo=3, routed)           0.197    12.286    system_i/aes_ctr_axis_0/inst/u_aes/ciphertext_reg[52]_0
    SLICE_X31Y267        LUT6 (Prop_D6LUT_SLICEM_I2_O)
                                                      0.051    12.337 r  system_i/aes_ctr_axis_0/inst/u_aes/g0_b0_i_15__0/O
                         net (fo=3, routed)           0.107    12.444    system_i/aes_ctr_axis_0/inst/u_aes/g0_b0_i_15__0_n_0
    SLICE_X29Y267        LUT6 (Prop_F6LUT_SLICEM_I0_O)
                                                      0.037    12.481 r  system_i/aes_ctr_axis_0/inst/u_aes/g0_b0_i_5__6/O
                         net (fo=33, routed)          0.385    12.866    system_i/aes_ctr_axis_0/inst/u_aes/round_keys[148]
    SLICE_X24Y269        LUT6 (Prop_C6LUT_SLICEL_I4_O)
                                                      0.088    12.954 r  system_i/aes_ctr_axis_0/inst/u_aes/g1_b2__38/O
                         net (fo=1, routed)           0.010    12.964    system_i/aes_ctr_axis_0/inst/u_key_expansion/ciphertext[58]_i_3_0
    SLICE_X24Y269        MUXF7 (Prop_F7MUX_CD_SLICEL_I1_O)
                                                      0.064    13.028 r  system_i/aes_ctr_axis_0/inst/u_key_expansion/aes_sbox_inferred__38/ciphertext_reg[58]_i_8/O
                         net (fo=1, routed)           0.233    13.261    system_i/aes_ctr_axis_0/inst/u_aes/ciphertext_reg[58]_3
    SLICE_X23Y270        LUT6 (Prop_H6LUT_SLICEM_I5_O)
                                                      0.152    13.413 r  system_i/aes_ctr_axis_0/inst/u_aes/ciphertext[58]_i_3/O
                         net (fo=4, routed)           0.152    13.565    system_i/aes_ctr_axis_0/inst/u_aes/ciphertext[58]_i_3_n_0
    SLICE_X22Y271        LUT6 (Prop_F6LUT_SLICEL_I2_O)
                                                      0.089    13.654 r  system_i/aes_ctr_axis_0/inst/u_aes/ciphertext[90]_i_2/O
                         net (fo=1, routed)           0.088    13.742    system_i/aes_ctr_axis_0/inst/u_aes/round_keys[90]
    SLICE_X22Y271        LUT2 (Prop_A6LUT_SLICEL_I0_O)
                                                      0.050    13.792 r  system_i/aes_ctr_axis_0/inst/u_aes/ciphertext[90]_i_1/O
                         net (fo=1, routed)           0.048    13.840    system_i/aes_ctr_axis_0/inst/u_aes/rk10[90]
    SLICE_X22Y271        FDCE                                         r  system_i/aes_ctr_axis_0/inst/u_aes/ciphertext_reg[90]/D
  -------------------------------------------------------------------    -------------------

                         (clock clk_pl_0 rise edge)
                                                     13.333    13.333 r  <hidden>
    PS8_X0Y0             PS8                          0.000    13.333 r  system_i/zynq_ultra_ps_e_0/inst/PS8_i/PLCLK[0]
                         net (fo=1, routed)           0.143    13.476    system_i/zynq_ultra_ps_e_0/inst/pl_clk_unbuffered[0]
    BUFG_PS_X0Y80        BUFG_PS (Prop_BUFG_PS_I_O)
                                                      0.025    13.501 r  system_i/zynq_ultra_ps_e_0/inst/buffer_pl_clk_0.PL_CLK_0_BUFG/O
    X1Y2 (CLOCK_ROOT)    net (fo=12466, routed)       1.704    15.205    system_i/aes_ctr_axis_0/inst/u_aes/aclk
    SLICE_X22Y271        FDCE                                         r  system_i/aes_ctr_axis_0/inst/u_aes/ciphertext_reg[90]/C
                         clock pessimism              0.123    15.328    <hidden>
                         clock uncertainty           -0.141    15.187    <hidden>
    SLICE_X22Y271        FDCE (Setup_AFF_SLICEL_C_D)
                                                      0.025    15.212    system_i/aes_ctr_axis_0/inst/u_aes/ciphertext_reg[90]
  -------------------------------------------------------------------
                         required time                         15.212    <hidden>
                         arrival time                         -13.840    <hidden>
  -------------------------------------------------------------------
                         slack                                  1.373    <hidden>

Slack (MET) :             1.374ns  (required time - arrival time)
  Source:                 system_i/aes_ctr_axis_0/inst/key_reg3_reg[9]/C
                            (rising edge-triggered cell FDRE clocked by clk_pl_0  {rise@0.000ns fall@6.667ns period=13.333ns})
  Destination:            system_i/aes_ctr_axis_0/inst/u_aes/ciphertext_reg[26]/D
                            (rising edge-triggered cell FDCE clocked by clk_pl_0  {rise@0.000ns fall@6.667ns period=13.333ns})
  Path Group:             clk_pl_0
  Path Type:              Setup (Max at Slow Process Corner)
  Requirement:            13.333ns  (clk_pl_0 rise@13.333ns - clk_pl_0 rise@0.000ns)
  Data Path Delay:        11.659ns  (logic 3.627ns (31.109%)  route 8.032ns (68.891%))
  Logic Levels:           46  (LUT2=5 LUT3=3 LUT4=3 LUT5=2 LUT6=20 MUXF7=7 MUXF8=6)
  Clock Path Skew:        -0.184ns (DCD - SCD + CPR)
    Destination Clock Delay (DCD):    1.873ns = ( 15.206 - 13.333 ) 
    Source Clock Delay      (SCD):    2.180ns
    Clock Pessimism Removal (CPR):    0.123ns
  Clock Uncertainty:      0.141ns  ((TSJ^2 + DJ^2)^1/2) / 2 + PE
    Total System Jitter     (TSJ):    0.071ns
    Discrete Jitter          (DJ):    0.273ns
    Phase Error              (PE):    0.000ns
  Clock Net Delay (Source):      1.972ns (routing 0.569ns, distribution 1.403ns)
  Clock Net Delay (Destination): 1.705ns (routing 0.512ns, distribution 1.193ns)

    Location             Delay type                Incr(ns)  Path(ns)    Netlist Resource(s)
  -------------------------------------------------------------------    -------------------
                         (clock clk_pl_0 rise edge)
                                                      0.000     0.000 r  <hidden>
    PS8_X0Y0             PS8                          0.000     0.000 r  system_i/zynq_ultra_ps_e_0/inst/PS8_i/PLCLK[0]
                         net (fo=1, routed)           0.180     0.180    system_i/zynq_ultra_ps_e_0/inst/pl_clk_unbuffered[0]
    BUFG_PS_X0Y80        BUFG_PS (Prop_BUFG_PS_I_O)
                                                      0.028     0.208 r  system_i/zynq_ultra_ps_e_0/inst/buffer_pl_clk_0.PL_CLK_0_BUFG/O
    X1Y2 (CLOCK_ROOT)    net (fo=12466, routed)       1.972     2.180    system_i/aes_ctr_axis_0/inst/aclk
    SLICE_X29Y301        FDRE                                         r  system_i/aes_ctr_axis_0/inst/key_reg3_reg[9]/C
  -------------------------------------------------------------------    -------------------
    SLICE_X29Y301        FDRE (Prop_HFF_SLICEM_C_Q)
                                                      0.079     2.259 r  system_i/aes_ctr_axis_0/inst/key_reg3_reg[9]/Q
                         net (fo=36, routed)          0.306     2.565    system_i/aes_ctr_axis_0/inst/u_aes/key_value[9]
    SLICE_X30Y302        LUT6 (Prop_F6LUT_SLICEL_I1_O)
                                                      0.089     2.654 r  system_i/aes_ctr_axis_0/inst/u_aes/g2_b5__1/O
                         net (fo=1, routed)           0.011     2.665    system_i/aes_ctr_axis_0/inst/u_key_expansion/aes_sbox_inferred__1/g0_b0_i_12_2
    SLICE_X30Y302        MUXF7 (Prop_F7MUX_EF_SLICEL_I0_O)
                                                      0.057     2.722 r  system_i/aes_ctr_axis_0/inst/u_key_expansion/aes_sbox_inferred__1/g0_b0_i_24/O
                         net (fo=1, routed)           0.000     2.722    system_i/aes_ctr_axis_0/inst/u_key_expansion/aes_sbox_inferred__1/g0_b0_i_24_n_0
    SLICE_X30Y302        MUXF8 (Prop_F8MUX_TOP_SLICEL_I1_O)
                                                      0.026     2.748 r  system_i/aes_ctr_axis_0/inst/u_key_expansion/aes_sbox_inferred__1/g0_b0_i_12/O
                         net (fo=20, routed)          0.236     2.983    system_i/aes_ctr_axis_0/inst/u_aes/SubWord_return[21]
    SLICE_X29Y301        LUT5 (Prop_H6LUT_SLICEM_I2_O)
                                                      0.053     3.036 r  system_i/aes_ctr_axis_0/inst/u_aes/g0_b0_i_6__17/O
                         net (fo=33, routed)          0.205     3.242    system_i/aes_ctr_axis_0/inst/u_aes/round_keys[1173]
    SLICE_X30Y301        LUT6 (Prop_B6LUT_SLICEL_I5_O)
                                                      0.148     3.390 r  system_i/aes_ctr_axis_0/inst/u_aes/g2_b0__6/O
                         net (fo=1, routed)           0.009     3.399    system_i/aes_ctr_axis_0/inst/u_key_expansion/aes_sbox_inferred__6/g0_b0_i_7_0
    SLICE_X30Y301        MUXF7 (Prop_F7MUX_AB_SLICEL_I0_O)
                                                      0.056     3.455 r  system_i/aes_ctr_axis_0/inst/u_key_expansion/aes_sbox_inferred__6/g0_b0_i_14/O
                         net (fo=1, routed)           0.000     3.455    system_i/aes_ctr_axis_0/inst/u_key_expansion/aes_sbox_inferred__6/g0_b0_i_14_n_0
    SLICE_X30Y301        MUXF8 (Prop_F8MUX_BOT_SLICEL_I1_O)
                                                      0.026     3.481 r  system_i/aes_ctr_axis_0/inst/u_key_expansion/aes_sbox_inferred__6/g0_b0_i_7/O
                         net (fo=18, routed)          0.284     3.764    system_i/aes_ctr_axis_0/inst/u_aes/state4_reg[120]_1
    SLICE_X33Y300        LUT3 (Prop_H6LUT_SLICEL_I0_O)
                                                      0.150     3.914 r  system_i/aes_ctr_axis_0/inst/u_aes/g0_b0_i_1__20/O
                         net (fo=34, routed)          0.382     4.296    system_i/aes_ctr_axis_0/inst/u_aes/round_keys[1048]
    SLICE_X36Y297        LUT6 (Prop_E6LUT_SLICEL_I0_O)
                                                      0.147     4.443 r  system_i/aes_ctr_axis_0/inst/u_aes/g3_b2__7/O
                         net (fo=1, routed)           0.007     4.450    system_i/aes_ctr_axis_0/inst/u_key_expansion/aes_sbox_inferred__7/state4_reg[98]_i_3_3
    SLICE_X36Y297        MUXF7 (Prop_F7MUX_EF_SLICEL_I1_O)
                                                      0.056     4.506 r  system_i/aes_ctr_axis_0/inst/u_key_expansion/aes_sbox_inferred__7/state4_reg[98]_i_8/O
                         net (fo=1, routed)           0.000     4.506    system_i/aes_ctr_axis_0/inst/u_key_expansion/aes_sbox_inferred__7/state4_reg[98]_i_8_n_0
    SLICE_X36Y297        MUXF8 (Prop_F8MUX_TOP_SLICEL_I1_O)
                                                      0.026     4.532 r  system_i/aes_ctr_axis_0/inst/u_key_expansion/aes_sbox_inferred__7/state4_reg[98]_i_3/O
                         net (fo=10, routed)          0.295     4.827    system_i/aes_ctr_axis_0/inst/u_aes/state4_reg[98]_2
    SLICE_X39Y293        LUT4 (Prop_E6LUT_SLICEM_I0_O)
                                                      0.037     4.864 r  system_i/aes_ctr_axis_0/inst/u_aes/g0_b0_i_9__20/O
                         net (fo=9, routed)           0.152     5.016    system_i/aes_ctr_axis_0/inst/u_aes/round_keys[930]
    SLICE_X38Y295        LUT2 (Prop_C6LUT_SLICEL_I0_O)
                                                      0.035     5.051 r  system_i/aes_ctr_axis_0/inst/u_aes/g0_b0_i_3__2/O
                         net (fo=34, routed)          0.415     5.467    system_i/aes_ctr_axis_0/inst/u_aes/round_keys[898]
    SLICE_X39Y303        LUT6 (Prop_B6LUT_SLICEM_I2_O)
                                                      0.089     5.556 r  system_i/aes_ctr_axis_0/inst/u_aes/g2_b7__12/O
                         net (fo=2, routed)           0.017     5.573    system_i/aes_ctr_axis_0/inst/u_key_expansion/state4[111]_i_3_0
    SLICE_X39Y303        MUXF7 (Prop_F7MUX_AB_SLICEM_I0_O)
                                                      0.067     5.640 r  system_i/aes_ctr_axis_0/inst/u_key_expansion/aes_sbox_inferred__12/state4_reg[111]_i_7/O
                         net (fo=1, routed)           0.195     5.835    system_i/aes_ctr_axis_0/inst/u_aes/state4_reg[111]_1
    SLICE_X39Y303        LUT6 (Prop_H6LUT_SLICEM_I3_O)
                                                      0.101     5.936 r  system_i/aes_ctr_axis_0/inst/u_aes/state4[111]_i_3/O
                         net (fo=2, routed)           0.193     6.129    system_i/aes_ctr_axis_0/inst/u_aes/round_keys[879]
    SLICE_X37Y300        LUT4 (Prop_G6LUT_SLICEM_I0_O)
                                                      0.052     6.181 r  system_i/aes_ctr_axis_0/inst/u_aes/state4[15]_i_2/O
                         net (fo=12, routed)          0.531     6.712    system_i/aes_ctr_axis_0/inst/u_key_expansion/state4_reg[96][67]
    SLICE_X30Y289        MUXF8 (Prop_F8MUX_BOT_SLICEL_S_O)
                                                      0.069     6.781 r  system_i/aes_ctr_axis_0/inst/u_key_expansion/aes_sbox_inferred__17/g0_b0_i_17/O
                         net (fo=4, routed)           0.159     6.940    system_i/aes_ctr_axis_0/inst/u_aes/state9_reg[116]_1
    SLICE_X30Y289        LUT6 (Prop_G6LUT_SLICEL_I2_O)
                                                      0.149     7.089 r  system_i/aes_ctr_axis_0/inst/u_aes/g0_b0_i_11__12/O
                         net (fo=8, routed)           0.104     7.193    system_i/aes_ctr_axis_0/inst/u_aes/round_keys[756]
    SLICE_X28Y289        LUT3 (Prop_G6LUT_SLICEL_I1_O)
                                                      0.050     7.243 r  system_i/aes_ctr_axis_0/inst/u_aes/g0_b0_i_5__29/O
                         net (fo=34, routed)          0.262     7.505    system_i/aes_ctr_axis_0/inst/u_aes/round_keys[660]
    SLICE_X24Y288        LUT6 (Prop_D6LUT_SLICEL_I4_O)
                                                      0.122     7.627 r  system_i/aes_ctr_axis_0/inst/u_aes/g0_b5__22/O
                         net (fo=1, routed)           0.009     7.636    system_i/aes_ctr_axis_0/inst/u_key_expansion/aes_sbox_inferred__22/g0_b0_i_18_0
    SLICE_X24Y288        MUXF7 (Prop_F7MUX_CD_SLICEL_I0_O)
                                                      0.056     7.692 r  system_i/aes_ctr_axis_0/inst/u_key_expansion/aes_sbox_inferred__22/g0_b0_i_29/O
                         net (fo=1, routed)           0.000     7.692    system_i/aes_ctr_axis_0/inst/u_key_expansion/aes_sbox_inferred__22/g0_b0_i_29_n_0
    SLICE_X24Y288        MUXF8 (Prop_F8MUX_BOT_SLICEL_I0_O)
                                                      0.026     7.718 r  system_i/aes_ctr_axis_0/inst/u_key_expansion/aes_sbox_inferred__22/g0_b0_i_18/O
                         net (fo=4, routed)           0.190     7.908    system_i/aes_ctr_axis_0/inst/u_aes/state9_reg[125]_0
    SLICE_X24Y288        LUT6 (Prop_H6LUT_SLICEL_I3_O)
                                                      0.036     7.944 r  system_i/aes_ctr_axis_0/inst/u_aes/g0_b0_i_12__9/O
                         net (fo=6, routed)           0.270     8.214    system_i/aes_ctr_axis_0/inst/u_aes/round_keys[637]
    SLICE_X27Y286        LUT4 (Prop_B6LUT_SLICEL_I2_O)
                                                      0.090     8.304 r  system_i/aes_ctr_axis_0/inst/u_aes/g0_b0_i_6__33/O
                         net (fo=35, routed)          0.425     8.728    system_i/aes_ctr_axis_0/inst/u_aes/round_keys[541]
    SLICE_X30Y284        LUT6 (Prop_A6LUT_SLICEL_I5_O)
                                                      0.035     8.763 r  system_i/aes_ctr_axis_0/inst/u_aes/g3_b5__23/O
                         net (fo=1, routed)           0.009     8.772    system_i/aes_ctr_axis_0/inst/u_key_expansion/aes_sbox_inferred__23/g0_b0_i_47_3
    SLICE_X30Y284        MUXF7 (Prop_F7MUX_AB_SLICEL_I1_O)
                                                      0.057     8.829 r  system_i/aes_ctr_axis_0/inst/u_key_expansion/aes_sbox_inferred__23/g0_b0_i_60/O
                         net (fo=1, routed)           0.000     8.829    system_i/aes_ctr_axis_0/inst/u_key_expansion/aes_sbox_inferred__23/g0_b0_i_60_n_0
    SLICE_X30Y284        MUXF8 (Prop_F8MUX_BOT_SLICEL_I1_O)
                                                      0.026     8.855 r  system_i/aes_ctr_axis_0/inst/u_key_expansion/aes_sbox_inferred__23/g0_b0_i_47/O
                         net (fo=4, routed)           0.247     9.102    system_i/aes_ctr_axis_0/inst/u_aes/state7_reg[101]_0
    SLICE_X31Y284        LUT6 (Prop_C6LUT_SLICEM_I3_O)
                                                      0.123     9.225 r  system_i/aes_ctr_axis_0/inst/u_aes/state7[101]_i_2/O
                         net (fo=4, routed)           0.266     9.491    system_i/aes_ctr_axis_0/inst/u_aes/round_keys[485]
    SLICE_X37Y284        LUT3 (Prop_G6LUT_SLICEM_I2_O)
                                                      0.037     9.528 r  system_i/aes_ctr_axis_0/inst/u_aes/g0_b0_i_12__20/O
                         net (fo=5, routed)           0.097     9.625    system_i/aes_ctr_axis_0/inst/u_aes/round_keys[421]
    SLICE_X37Y283        LUT2 (Prop_G6LUT_SLICEM_I0_O)
                                                      0.090     9.715 r  system_i/aes_ctr_axis_0/inst/u_aes/g0_b0_i_6__1/O
                         net (fo=35, routed)          0.277     9.992    system_i/aes_ctr_axis_0/inst/u_aes/round_keys[389]
    SLICE_X36Y281        LUT6 (Prop_C6LUT_SLICEL_I5_O)
                                                      0.146    10.138 r  system_i/aes_ctr_axis_0/inst/u_aes/g2_b4__28/O
                         net (fo=1, routed)           0.064    10.202    system_i/aes_ctr_axis_0/inst/u_key_expansion/state8[108]_i_2_0
    SLICE_X36Y281        LUT6 (Prop_G6LUT_SLICEL_I1_O)
                                                      0.149    10.351 r  system_i/aes_ctr_axis_0/inst/u_key_expansion/aes_sbox_inferred__28/g0_b0_i_43/O
                         net (fo=4, routed)           0.099    10.451    system_i/aes_ctr_axis_0/inst/u_aes/ciphertext_reg[44]_1
    SLICE_X37Y281        LUT6 (Prop_D6LUT_SLICEM_I3_O)
                                                      0.088    10.539 r  system_i/aes_ctr_axis_0/inst/u_aes/state8[108]_i_2/O
                         net (fo=2, routed)           0.093    10.632    system_i/aes_ctr_axis_0/inst/u_aes/round_keys[364]
    SLICE_X37Y280        LUT5 (Prop_G6LUT_SLICEM_I4_O)
                                                      0.052    10.684 r  system_i/aes_ctr_axis_0/inst/u_aes/g0_b0_i_16__0/O
                         net (fo=4, routed)           0.220    10.904    system_i/aes_ctr_axis_0/inst/u_aes/round_keys[332]
    SLICE_X36Y275        LUT2 (Prop_E5LUT_SLICEL_I0_O)
                                                      0.114    11.018 r  system_i/aes_ctr_axis_0/inst/u_aes/g0_b0_i_11__3/O
                         net (fo=4, routed)           0.233    11.251    system_i/aes_ctr_axis_0/inst/u_aes/round_keys[300]
    SLICE_X35Y270        LUT2 (Prop_F6LUT_SLICEM_I0_O)
                                                      0.098    11.349 r  system_i/aes_ctr_axis_0/inst/u_aes/g0_b0_i_5__5/O
                         net (fo=33, routed)          0.358    11.708    system_i/aes_ctr_axis_0/inst/u_aes/round_keys[268]
    SLICE_X32Y266        LUT6 (Prop_C6LUT_SLICEL_I4_O)
                                                      0.146    11.854 r  system_i/aes_ctr_axis_0/inst/u_aes/g3_b4__33/O
                         net (fo=1, routed)           0.139    11.993    system_i/aes_ctr_axis_0/inst/u_key_expansion/state9[116]_i_4
    SLICE_X33Y266        LUT6 (Prop_G6LUT_SLICEL_I0_O)
                                                      0.097    12.090 r  system_i/aes_ctr_axis_0/inst/u_key_expansion/aes_sbox_inferred__33/g0_b0_i_41/O
                         net (fo=3, routed)           0.197    12.286    system_i/aes_ctr_axis_0/inst/u_aes/ciphertext_reg[52]_0
    SLICE_X31Y267        LUT6 (Prop_D6LUT_SLICEM_I2_O)
                                                      0.051    12.337 r  system_i/aes_ctr_axis_0/inst/u_aes/g0_b0_i_15__0/O
                         net (fo=3, routed)           0.107    12.444    system_i/aes_ctr_axis_0/inst/u_aes/g0_b0_i_15__0_n_0
    SLICE_X29Y267        LUT6 (Prop_F6LUT_SLICEM_I0_O)
                                                      0.037    12.481 r  system_i/aes_ctr_axis_0/inst/u_aes/g0_b0_i_5__6/O
                         net (fo=33, routed)          0.385    12.866    system_i/aes_ctr_axis_0/inst/u_aes/round_keys[148]
    SLICE_X24Y269        LUT6 (Prop_C6LUT_SLICEL_I4_O)
                                                      0.088    12.954 r  system_i/aes_ctr_axis_0/inst/u_aes/g1_b2__38/O
                         net (fo=1, routed)           0.010    12.964    system_i/aes_ctr_axis_0/inst/u_key_expansion/ciphertext[58]_i_3_0
    SLICE_X24Y269        MUXF7 (Prop_F7MUX_CD_SLICEL_I1_O)
                                                      0.064    13.028 r  system_i/aes_ctr_axis_0/inst/u_key_expansion/aes_sbox_inferred__38/ciphertext_reg[58]_i_8/O
                         net (fo=1, routed)           0.233    13.261    system_i/aes_ctr_axis_0/inst/u_aes/ciphertext_reg[58]_3
    SLICE_X23Y270        LUT6 (Prop_H6LUT_SLICEM_I5_O)
                                                      0.152    13.413 r  system_i/aes_ctr_axis_0/inst/u_aes/ciphertext[58]_i_3/O
                         net (fo=4, routed)           0.203    13.616    system_i/aes_ctr_axis_0/inst/u_aes/ciphertext[58]_i_3_n_0
    SLICE_X24Y272        LUT6 (Prop_G6LUT_SLICEL_I1_O)
                                                      0.035    13.651 r  system_i/aes_ctr_axis_0/inst/u_aes/ciphertext[26]_i_2/O
                         net (fo=1, routed)           0.089    13.740    system_i/aes_ctr_axis_0/inst/u_aes/round_keys[26]
    SLICE_X24Y272        LUT2 (Prop_D6LUT_SLICEL_I0_O)
                                                      0.050    13.790 r  system_i/aes_ctr_axis_0/inst/u_aes/ciphertext[26]_i_1/O
                         net (fo=1, routed)           0.049    13.839    system_i/aes_ctr_axis_0/inst/u_aes/rk10[26]
    SLICE_X24Y272        FDCE                                         r  system_i/aes_ctr_axis_0/inst/u_aes/ciphertext_reg[26]/D
  -------------------------------------------------------------------    -------------------

                         (clock clk_pl_0 rise edge)
                                                     13.333    13.333 r  <hidden>
    PS8_X0Y0             PS8                          0.000    13.333 r  system_i/zynq_ultra_ps_e_0/inst/PS8_i/PLCLK[0]
                         net (fo=1, routed)           0.143    13.476    system_i/zynq_ultra_ps_e_0/inst/pl_clk_unbuffered[0]
    BUFG_PS_X0Y80        BUFG_PS (Prop_BUFG_PS_I_O)
                                                      0.025    13.501 r  system_i/zynq_ultra_ps_e_0/inst/buffer_pl_clk_0.PL_CLK_0_BUFG/O
    X1Y2 (CLOCK_ROOT)    net (fo=12466, routed)       1.705    15.206    system_i/aes_ctr_axis_0/inst/u_aes/aclk
    SLICE_X24Y272        FDCE                                         r  system_i/aes_ctr_axis_0/inst/u_aes/ciphertext_reg[26]/C
                         clock pessimism              0.123    15.329    <hidden>
                         clock uncertainty           -0.141    15.188    <hidden>
    SLICE_X24Y272        FDCE (Setup_DFF_SLICEL_C_D)
                                                      0.025    15.213    system_i/aes_ctr_axis_0/inst/u_aes/ciphertext_reg[26]
  -------------------------------------------------------------------
                         required time                         15.213    <hidden>
                         arrival time                         -13.839    <hidden>
  -------------------------------------------------------------------
                         slack                                  1.374    <hidden>





Min Delay Paths
--------------------------------------------------------------------------------------
Slack (MET) :             0.011ns  (arrival time - required time)
  Source:                 system_i/mem_smc/inst/switchboards/aw_switchboard/inst/gen_mi[0].inst_opipe_payld/gen_pipe[1].pipe_reg[1][113]/C
                            (rising edge-triggered cell FDRE clocked by clk_pl_0  {rise@0.000ns fall@6.667ns period=13.333ns})
  Destination:            system_i/mem_smc/inst/m00_nodes/m00_aw_node/inst/inst_mi_handler/gen_normal_area.inst_fifo_node_payld/gen_xpm_memory_fifo.inst_fifo/gen_mem_rep[0].inst_xpm_memory/xpm_memory_base_inst/gen_wr_a.gen_word_narrow.mem_reg_0_31_112_125/RAMA_D1/I
                            (rising edge-triggered cell RAMD32 clocked by clk_pl_0  {rise@0.000ns fall@6.667ns period=13.333ns})
  Path Group:             clk_pl_0
  Path Type:              Hold (Min at Slow Process Corner)
  Requirement:            0.000ns  (clk_pl_0 rise@0.000ns - clk_pl_0 rise@0.000ns)
  Data Path Delay:        0.213ns  (logic 0.058ns (27.230%)  route 0.155ns (72.770%))
  Logic Levels:           0  
  Clock Path Skew:        0.144ns (DCD - SCD - CPR)
    Destination Clock Delay (DCD):    2.028ns
    Source Clock Delay      (SCD):    1.720ns
    Clock Pessimism Removal (CPR):    0.164ns
  Clock Net Delay (Source):      1.552ns (routing 0.512ns, distribution 1.040ns)
  Clock Net Delay (Destination): 1.820ns (routing 0.569ns, distribution 1.251ns)

    Location             Delay type                Incr(ns)  Path(ns)    Netlist Resource(s)
  -------------------------------------------------------------------    -------------------
                         (clock clk_pl_0 rise edge)
                                                      0.000     0.000 r  <hidden>
    PS8_X0Y0             PS8                          0.000     0.000 r  system_i/zynq_ultra_ps_e_0/inst/PS8_i/PLCLK[0]
                         net (fo=1, routed)           0.143     0.143    system_i/zynq_ultra_ps_e_0/inst/pl_clk_unbuffered[0]
    BUFG_PS_X0Y80        BUFG_PS (Prop_BUFG_PS_I_O)
                                                      0.025     0.168 r  system_i/zynq_ultra_ps_e_0/inst/buffer_pl_clk_0.PL_CLK_0_BUFG/O
    X1Y2 (CLOCK_ROOT)    net (fo=12466, routed)       1.552     1.720    system_i/mem_smc/inst/switchboards/aw_switchboard/inst/gen_mi[0].inst_opipe_payld/aclk
    SLICE_X56Y87         FDRE                                         r  system_i/mem_smc/inst/switchboards/aw_switchboard/inst/gen_mi[0].inst_opipe_payld/gen_pipe[1].pipe_reg[1][113]/C
  -------------------------------------------------------------------    -------------------
    SLICE_X56Y87         FDRE (Prop_EFF_SLICEM_C_Q)
                                                      0.058     1.778 r  system_i/mem_smc/inst/switchboards/aw_switchboard/inst/gen_mi[0].inst_opipe_payld/gen_pipe[1].pipe_reg[1][113]/Q
                         net (fo=1, routed)           0.155     1.933    system_i/mem_smc/inst/m00_nodes/m00_aw_node/inst/inst_mi_handler/gen_normal_area.inst_fifo_node_payld/gen_xpm_memory_fifo.inst_fifo/gen_mem_rep[0].inst_xpm_memory/xpm_memory_base_inst/gen_wr_a.gen_word_narrow.mem_reg_0_31_112_125/DIA1
    SLICE_X54Y88         RAMD32                                       r  system_i/mem_smc/inst/m00_nodes/m00_aw_node/inst/inst_mi_handler/gen_normal_area.inst_fifo_node_payld/gen_xpm_memory_fifo.inst_fifo/gen_mem_rep[0].inst_xpm_memory/xpm_memory_base_inst/gen_wr_a.gen_word_narrow.mem_reg_0_31_112_125/RAMA_D1/I
  -------------------------------------------------------------------    -------------------

                         (clock clk_pl_0 rise edge)
                                                      0.000     0.000 r  <hidden>
    PS8_X0Y0             PS8                          0.000     0.000 r  system_i/zynq_ultra_ps_e_0/inst/PS8_i/PLCLK[0]
                         net (fo=1, routed)           0.180     0.180    system_i/zynq_ultra_ps_e_0/inst/pl_clk_unbuffered[0]
    BUFG_PS_X0Y80        BUFG_PS (Prop_BUFG_PS_I_O)
                                                      0.028     0.208 r  system_i/zynq_ultra_ps_e_0/inst/buffer_pl_clk_0.PL_CLK_0_BUFG/O
    X1Y2 (CLOCK_ROOT)    net (fo=12466, routed)       1.820     2.028    system_i/mem_smc/inst/m00_nodes/m00_aw_node/inst/inst_mi_handler/gen_normal_area.inst_fifo_node_payld/gen_xpm_memory_fifo.inst_fifo/gen_mem_rep[0].inst_xpm_memory/xpm_memory_base_inst/gen_wr_a.gen_word_narrow.mem_reg_0_31_112_125/WCLK
    SLICE_X54Y88         RAMD32                                       r  system_i/mem_smc/inst/m00_nodes/m00_aw_node/inst/inst_mi_handler/gen_normal_area.inst_fifo_node_payld/gen_xpm_memory_fifo.inst_fifo/gen_mem_rep[0].inst_xpm_memory/xpm_memory_base_inst/gen_wr_a.gen_word_narrow.mem_reg_0_31_112_125/RAMA_D1/CLK
                         clock pessimism             -0.164     1.864    <hidden>
    SLICE_X54Y88         RAMD32 (Hold_A6LUT_SLICEM_CLK_I)
                                                      0.058     1.922    system_i/mem_smc/inst/m00_nodes/m00_aw_node/inst/inst_mi_handler/gen_normal_area.inst_fifo_node_payld/gen_xpm_memory_fifo.inst_fifo/gen_mem_rep[0].inst_xpm_memory/xpm_memory_base_inst/gen_wr_a.gen_word_narrow.mem_reg_0_31_112_125/RAMA_D1
  -------------------------------------------------------------------
                         required time                         -1.922    <hidden>
                         arrival time                           1.933    <hidden>
  -------------------------------------------------------------------
                         slack                                  0.011    <hidden>

Slack (MET) :             0.012ns  (arrival time - required time)
  Source:                 system_i/mem_smc/inst/s00_entry_pipeline/s00_mmu/inst/r_sreg/m_vector_i_reg[1087]/C
                            (rising edge-triggered cell FDRE clocked by clk_pl_0  {rise@0.000ns fall@6.667ns period=13.333ns})
  Destination:            system_i/axi_dma_0/U0/I_PRMRY_DATAMOVER/GEN_MM2S_FULL.I_MM2S_FULL_WRAPPER/GEN_INCLUDE_MM2S_SF.I_RD_SF/I_DATA_FIFO/BLK_MEM.I_SYNC_FIFOGEN_FIFO/xpm_fifo_base_inst/gen_sdpram.xpm_memory_base_inst/gen_wr_a.gen_word_narrow.mem_reg_0/DINADIN[28]
                            (rising edge-triggered cell RAMB36E2 clocked by clk_pl_0  {rise@0.000ns fall@6.667ns period=13.333ns})
  Path Group:             clk_pl_0
  Path Type:              Hold (Min at Slow Process Corner)
  Requirement:            0.000ns  (clk_pl_0 rise@0.000ns - clk_pl_0 rise@0.000ns)
  Data Path Delay:        0.253ns  (logic 0.058ns (22.925%)  route 0.195ns (77.075%))
  Logic Levels:           0  
  Clock Path Skew:        0.269ns (DCD - SCD - CPR)
    Destination Clock Delay (DCD):    2.084ns
    Source Clock Delay      (SCD):    1.714ns
    Clock Pessimism Removal (CPR):    0.101ns
  Clock Net Delay (Source):      1.546ns (routing 0.512ns, distribution 1.034ns)
  Clock Net Delay (Destination): 1.876ns (routing 0.569ns, distribution 1.307ns)

    Location             Delay type                Incr(ns)  Path(ns)    Netlist Resource(s)
  -------------------------------------------------------------------    -------------------
                         (clock clk_pl_0 rise edge)
                                                      0.000     0.000 r  <hidden>
    PS8_X0Y0             PS8                          0.000     0.000 r  system_i/zynq_ultra_ps_e_0/inst/PS8_i/PLCLK[0]
                         net (fo=1, routed)           0.143     0.143    system_i/zynq_ultra_ps_e_0/inst/pl_clk_unbuffered[0]
    BUFG_PS_X0Y80        BUFG_PS (Prop_BUFG_PS_I_O)
                                                      0.025     0.168 r  system_i/zynq_ultra_ps_e_0/inst/buffer_pl_clk_0.PL_CLK_0_BUFG/O
    X1Y2 (CLOCK_ROOT)    net (fo=12466, routed)       1.546     1.714    system_i/mem_smc/inst/s00_entry_pipeline/s00_mmu/inst/r_sreg/aclk
    SLICE_X52Y106        FDRE                                         r  system_i/mem_smc/inst/s00_entry_pipeline/s00_mmu/inst/r_sreg/m_vector_i_reg[1087]/C
  -------------------------------------------------------------------    -------------------
    SLICE_X52Y106        FDRE (Prop_CFF_SLICEL_C_Q)
                                                      0.058     1.772 r  system_i/mem_smc/inst/s00_entry_pipeline/s00_mmu/inst/r_sreg/m_vector_i_reg[1087]/Q
                         net (fo=1, routed)           0.195     1.967    system_i/axi_dma_0/U0/I_PRMRY_DATAMOVER/GEN_MM2S_FULL.I_MM2S_FULL_WRAPPER/GEN_INCLUDE_MM2S_SF.I_RD_SF/I_DATA_FIFO/BLK_MEM.I_SYNC_FIFOGEN_FIFO/xpm_fifo_base_inst/gen_sdpram.xpm_memory_base_inst/dina[28]
    RAMB36_X1Y24         RAMB36E2                                     r  system_i/axi_dma_0/U0/I_PRMRY_DATAMOVER/GEN_MM2S_FULL.I_MM2S_FULL_WRAPPER/GEN_INCLUDE_MM2S_SF.I_RD_SF/I_DATA_FIFO/BLK_MEM.I_SYNC_FIFOGEN_FIFO/xpm_fifo_base_inst/gen_sdpram.xpm_memory_base_inst/gen_wr_a.gen_word_narrow.mem_reg_0/DINADIN[28]
  -------------------------------------------------------------------    -------------------

                         (clock clk_pl_0 rise edge)
                                                      0.000     0.000 r  <hidden>
    PS8_X0Y0             PS8                          0.000     0.000 r  system_i/zynq_ultra_ps_e_0/inst/PS8_i/PLCLK[0]
                         net (fo=1, routed)           0.180     0.180    system_i/zynq_ultra_ps_e_0/inst/pl_clk_unbuffered[0]
    BUFG_PS_X0Y80        BUFG_PS (Prop_BUFG_PS_I_O)
                                                      0.028     0.208 r  system_i/zynq_ultra_ps_e_0/inst/buffer_pl_clk_0.PL_CLK_0_BUFG/O
    X1Y2 (CLOCK_ROOT)    net (fo=12466, routed)       1.876     2.084    system_i/axi_dma_0/U0/I_PRMRY_DATAMOVER/GEN_MM2S_FULL.I_MM2S_FULL_WRAPPER/GEN_INCLUDE_MM2S_SF.I_RD_SF/I_DATA_FIFO/BLK_MEM.I_SYNC_FIFOGEN_FIFO/xpm_fifo_base_inst/gen_sdpram.xpm_memory_base_inst/clka
    RAMB36_X1Y24         RAMB36E2                                     r  system_i/axi_dma_0/U0/I_PRMRY_DATAMOVER/GEN_MM2S_FULL.I_MM2S_FULL_WRAPPER/GEN_INCLUDE_MM2S_SF.I_RD_SF/I_DATA_FIFO/BLK_MEM.I_SYNC_FIFOGEN_FIFO/xpm_fifo_base_inst/gen_sdpram.xpm_memory_base_inst/gen_wr_a.gen_word_narrow.mem_reg_0/CLKBWRCLK
                         clock pessimism             -0.101     1.983    <hidden>
    RAMB36_X1Y24         RAMB36E2 (Hold_RAMB36E2_RAMB36_CLKBWRCLK_DINADIN[28])
                                                     -0.028     1.955    system_i/axi_dma_0/U0/I_PRMRY_DATAMOVER/GEN_MM2S_FULL.I_MM2S_FULL_WRAPPER/GEN_INCLUDE_MM2S_SF.I_RD_SF/I_DATA_FIFO/BLK_MEM.I_SYNC_FIFOGEN_FIFO/xpm_fifo_base_inst/gen_sdpram.xpm_memory_base_inst/gen_wr_a.gen_word_narrow.mem_reg_0
  -------------------------------------------------------------------
                         required time                         -1.955    <hidden>
                         arrival time                           1.967    <hidden>
  -------------------------------------------------------------------
                         slack                                  0.012    <hidden>

Slack (MET) :             0.012ns  (arrival time - required time)
  Source:                 system_i/axi_dma_0/U0/I_PRMRY_DATAMOVER/GEN_MM2S_FULL.I_MM2S_FULL_WRAPPER/ENABLE_AXIS_SKID.I_MM2S_SKID_BUF/sig_strb_reg_out_reg[7]/C
                            (rising edge-triggered cell FDRE clocked by clk_pl_0  {rise@0.000ns fall@6.667ns period=13.333ns})
  Destination:            system_i/aes_ctr_axis_0/inst/keep_hold_reg[7]/D
                            (rising edge-triggered cell FDRE clocked by clk_pl_0  {rise@0.000ns fall@6.667ns period=13.333ns})
  Path Group:             clk_pl_0
  Path Type:              Hold (Min at Slow Process Corner)
  Requirement:            0.000ns  (clk_pl_0 rise@0.000ns - clk_pl_0 rise@0.000ns)
  Data Path Delay:        0.128ns  (logic 0.059ns (46.094%)  route 0.069ns (53.906%))
  Logic Levels:           0  
  Clock Path Skew:        0.054ns (DCD - SCD - CPR)
    Destination Clock Delay (DCD):    1.983ns
    Source Clock Delay      (SCD):    1.722ns
    Clock Pessimism Removal (CPR):    0.207ns
  Clock Net Delay (Source):      1.554ns (routing 0.512ns, distribution 1.042ns)
  Clock Net Delay (Destination): 1.775ns (routing 0.569ns, distribution 1.206ns)

    Location             Delay type                Incr(ns)  Path(ns)    Netlist Resource(s)
  -------------------------------------------------------------------    -------------------
                         (clock clk_pl_0 rise edge)
                                                      0.000     0.000 r  <hidden>
    PS8_X0Y0             PS8                          0.000     0.000 r  system_i/zynq_ultra_ps_e_0/inst/PS8_i/PLCLK[0]
                         net (fo=1, routed)           0.143     0.143    system_i/zynq_ultra_ps_e_0/inst/pl_clk_unbuffered[0]
    BUFG_PS_X0Y80        BUFG_PS (Prop_BUFG_PS_I_O)
                                                      0.025     0.168 r  system_i/zynq_ultra_ps_e_0/inst/buffer_pl_clk_0.PL_CLK_0_BUFG/O
    X1Y2 (CLOCK_ROOT)    net (fo=12466, routed)       1.554     1.722    system_i/axi_dma_0/U0/I_PRMRY_DATAMOVER/GEN_MM2S_FULL.I_MM2S_FULL_WRAPPER/ENABLE_AXIS_SKID.I_MM2S_SKID_BUF/m_axi_mm2s_aclk
    SLICE_X59Y132        FDRE                                         r  system_i/axi_dma_0/U0/I_PRMRY_DATAMOVER/GEN_MM2S_FULL.I_MM2S_FULL_WRAPPER/ENABLE_AXIS_SKID.I_MM2S_SKID_BUF/sig_strb_reg_out_reg[7]/C
  -------------------------------------------------------------------    -------------------
    SLICE_X59Y132        FDRE (Prop_BFF_SLICEL_C_Q)
                                                      0.059     1.781 r  system_i/axi_dma_0/U0/I_PRMRY_DATAMOVER/GEN_MM2S_FULL.I_MM2S_FULL_WRAPPER/ENABLE_AXIS_SKID.I_MM2S_SKID_BUF/sig_strb_reg_out_reg[7]/Q
                         net (fo=1, routed)           0.069     1.850    system_i/aes_ctr_axis_0/inst/s_axis_tkeep[7]
    SLICE_X59Y131        FDRE                                         r  system_i/aes_ctr_axis_0/inst/keep_hold_reg[7]/D
  -------------------------------------------------------------------    -------------------

                         (clock clk_pl_0 rise edge)
                                                      0.000     0.000 r  <hidden>
    PS8_X0Y0             PS8                          0.000     0.000 r  system_i/zynq_ultra_ps_e_0/inst/PS8_i/PLCLK[0]
                         net (fo=1, routed)           0.180     0.180    system_i/zynq_ultra_ps_e_0/inst/pl_clk_unbuffered[0]
    BUFG_PS_X0Y80        BUFG_PS (Prop_BUFG_PS_I_O)
                                                      0.028     0.208 r  system_i/zynq_ultra_ps_e_0/inst/buffer_pl_clk_0.PL_CLK_0_BUFG/O
    X1Y2 (CLOCK_ROOT)    net (fo=12466, routed)       1.775     1.983    system_i/aes_ctr_axis_0/inst/aclk
    SLICE_X59Y131        FDRE                                         r  system_i/aes_ctr_axis_0/inst/keep_hold_reg[7]/C
                         clock pessimism             -0.207     1.776    <hidden>
    SLICE_X59Y131        FDRE (Hold_AFF2_SLICEL_C_D)
                                                      0.062     1.838    system_i/aes_ctr_axis_0/inst/keep_hold_reg[7]
  -------------------------------------------------------------------
                         required time                         -1.838    <hidden>
                         arrival time                           1.850    <hidden>
  -------------------------------------------------------------------
                         slack                                  0.012    <hidden>

Slack (MET) :             0.012ns  (arrival time - required time)
  Source:                 system_i/mem_smc/inst/s01_nodes/s01_aw_node/inst/inst_mi_handler/gen_normal_area.inst_fifo_node_payld/gen_xpm_memory_fifo.inst_fifo/gen_mem_rep[0].inst_xpm_memory/xpm_memory_base_inst/gen_rd_b.gen_rd_b_synth_template.gen_rf_narrow_reg.doutb_reg_reg[127]/C
                            (rising edge-triggered cell FDRE clocked by clk_pl_0  {rise@0.000ns fall@6.667ns period=13.333ns})
  Destination:            system_i/mem_smc/inst/switchboards/aw_switchboard/inst/gen_mi[0].inst_opipe_payld/gen_pipe[1].pipe_reg[1][127]/D
                            (rising edge-triggered cell FDRE clocked by clk_pl_0  {rise@0.000ns fall@6.667ns period=13.333ns})
  Path Group:             clk_pl_0
  Path Type:              Hold (Min at Slow Process Corner)
  Requirement:            0.000ns  (clk_pl_0 rise@0.000ns - clk_pl_0 rise@0.000ns)
  Data Path Delay:        0.167ns  (logic 0.058ns (34.731%)  route 0.109ns (65.269%))
  Logic Levels:           0  
  Clock Path Skew:        0.093ns (DCD - SCD - CPR)
    Destination Clock Delay (DCD):    1.986ns
    Source Clock Delay      (SCD):    1.729ns
    Clock Pessimism Removal (CPR):    0.164ns
  Clock Net Delay (Source):      1.561ns (routing 0.512ns, distribution 1.049ns)
  Clock Net Delay (Destination): 1.778ns (routing 0.569ns, distribution 1.209ns)

    Location             Delay type                Incr(ns)  Path(ns)    Netlist Resource(s)
  -------------------------------------------------------------------    -------------------
                         (clock clk_pl_0 rise edge)
                                                      0.000     0.000 r  <hidden>
    PS8_X0Y0             PS8                          0.000     0.000 r  system_i/zynq_ultra_ps_e_0/inst/PS8_i/PLCLK[0]
                         net (fo=1, routed)           0.143     0.143    system_i/zynq_ultra_ps_e_0/inst/pl_clk_unbuffered[0]
    BUFG_PS_X0Y80        BUFG_PS (Prop_BUFG_PS_I_O)
                                                      0.025     0.168 r  system_i/zynq_ultra_ps_e_0/inst/buffer_pl_clk_0.PL_CLK_0_BUFG/O
    X1Y2 (CLOCK_ROOT)    net (fo=12466, routed)       1.561     1.729    system_i/mem_smc/inst/s01_nodes/s01_aw_node/inst/inst_mi_handler/gen_normal_area.inst_fifo_node_payld/gen_xpm_memory_fifo.inst_fifo/gen_mem_rep[0].inst_xpm_memory/xpm_memory_base_inst/clka
    SLICE_X56Y85         FDRE                                         r  system_i/mem_smc/inst/s01_nodes/s01_aw_node/inst/inst_mi_handler/gen_normal_area.inst_fifo_node_payld/gen_xpm_memory_fifo.inst_fifo/gen_mem_rep[0].inst_xpm_memory/xpm_memory_base_inst/gen_rd_b.gen_rd_b_synth_template.gen_rf_narrow_reg.doutb_reg_reg[127]/C
  -------------------------------------------------------------------    -------------------
    SLICE_X56Y85         FDRE (Prop_AFF_SLICEM_C_Q)
                                                      0.058     1.787 r  system_i/mem_smc/inst/s01_nodes/s01_aw_node/inst/inst_mi_handler/gen_normal_area.inst_fifo_node_payld/gen_xpm_memory_fifo.inst_fifo/gen_mem_rep[0].inst_xpm_memory/xpm_memory_base_inst/gen_rd_b.gen_rd_b_synth_template.gen_rf_narrow_reg.doutb_reg_reg[127]/Q
                         net (fo=1, routed)           0.109     1.896    system_i/mem_smc/inst/switchboards/aw_switchboard/inst/gen_mi[0].inst_opipe_payld/s_sc_payld[70]
    SLICE_X55Y84         FDRE                                         r  system_i/mem_smc/inst/switchboards/aw_switchboard/inst/gen_mi[0].inst_opipe_payld/gen_pipe[1].pipe_reg[1][127]/D
  -------------------------------------------------------------------    -------------------

                         (clock clk_pl_0 rise edge)
                                                      0.000     0.000 r  <hidden>
    PS8_X0Y0             PS8                          0.000     0.000 r  system_i/zynq_ultra_ps_e_0/inst/PS8_i/PLCLK[0]
                         net (fo=1, routed)           0.180     0.180    system_i/zynq_ultra_ps_e_0/inst/pl_clk_unbuffered[0]
    BUFG_PS_X0Y80        BUFG_PS (Prop_BUFG_PS_I_O)
                                                      0.028     0.208 r  system_i/zynq_ultra_ps_e_0/inst/buffer_pl_clk_0.PL_CLK_0_BUFG/O
    X1Y2 (CLOCK_ROOT)    net (fo=12466, routed)       1.778     1.986    system_i/mem_smc/inst/switchboards/aw_switchboard/inst/gen_mi[0].inst_opipe_payld/aclk
    SLICE_X55Y84         FDRE                                         r  system_i/mem_smc/inst/switchboards/aw_switchboard/inst/gen_mi[0].inst_opipe_payld/gen_pipe[1].pipe_reg[1][127]/C
                         clock pessimism             -0.164     1.822    <hidden>
    SLICE_X55Y84         FDRE (Hold_EFF2_SLICEL_C_D)
                                                      0.062     1.884    system_i/mem_smc/inst/switchboards/aw_switchboard/inst/gen_mi[0].inst_opipe_payld/gen_pipe[1].pipe_reg[1][127]
  -------------------------------------------------------------------
                         required time                         -1.884    <hidden>
                         arrival time                           1.896    <hidden>
  -------------------------------------------------------------------
                         slack                                  0.012    <hidden>

Slack (MET) :             0.012ns  (arrival time - required time)
  Source:                 system_i/mem_smc/inst/s01_entry_pipeline/s01_mmu/inst/w_sreg/m_vector_i_reg[1145]/C
                            (rising edge-triggered cell FDRE clocked by clk_pl_0  {rise@0.000ns fall@6.667ns period=13.333ns})
  Destination:            system_i/mem_smc/inst/s01_nodes/s01_w_node/inst/inst_mi_handler/gen_normal_area.inst_fifo_node_payld/gen_xpm_memory_fifo.inst_fifo/gen_mem_rep[0].inst_xpm_memory/xpm_memory_base_inst/gen_wr_a.gen_word_narrow.mem_reg_0_31_140_153/RAMG/I
                            (rising edge-triggered cell RAMD32 clocked by clk_pl_0  {rise@0.000ns fall@6.667ns period=13.333ns})
  Path Group:             clk_pl_0
  Path Type:              Hold (Min at Slow Process Corner)
  Requirement:            0.000ns  (clk_pl_0 rise@0.000ns - clk_pl_0 rise@0.000ns)
  Data Path Delay:        0.195ns  (logic 0.059ns (30.256%)  route 0.136ns (69.744%))
  Logic Levels:           0  
  Clock Path Skew:        0.105ns (DCD - SCD - CPR)
    Destination Clock Delay (DCD):    1.996ns
    Source Clock Delay      (SCD):    1.727ns
    Clock Pessimism Removal (CPR):    0.165ns
  Clock Net Delay (Source):      1.559ns (routing 0.512ns, distribution 1.047ns)
  Clock Net Delay (Destination): 1.788ns (routing 0.569ns, distribution 1.219ns)

    Location             Delay type                Incr(ns)  Path(ns)    Netlist Resource(s)
  -------------------------------------------------------------------    -------------------
                         (clock clk_pl_0 rise edge)
                                                      0.000     0.000 r  <hidden>
    PS8_X0Y0             PS8                          0.000     0.000 r  system_i/zynq_ultra_ps_e_0/inst/PS8_i/PLCLK[0]
                         net (fo=1, routed)           0.143     0.143    system_i/zynq_ultra_ps_e_0/inst/pl_clk_unbuffered[0]
    BUFG_PS_X0Y80        BUFG_PS (Prop_BUFG_PS_I_O)
                                                      0.025     0.168 r  system_i/zynq_ultra_ps_e_0/inst/buffer_pl_clk_0.PL_CLK_0_BUFG/O
    X1Y2 (CLOCK_ROOT)    net (fo=12466, routed)       1.559     1.727    system_i/mem_smc/inst/s01_entry_pipeline/s01_mmu/inst/w_sreg/aclk
    SLICE_X59Y92         FDRE                                         r  system_i/mem_smc/inst/s01_entry_pipeline/s01_mmu/inst/w_sreg/m_vector_i_reg[1145]/C
  -------------------------------------------------------------------    -------------------
    SLICE_X59Y92         FDRE (Prop_CFF2_SLICEL_C_Q)
                                                      0.059     1.786 r  system_i/mem_smc/inst/s01_entry_pipeline/s01_mmu/inst/w_sreg/m_vector_i_reg[1145]/Q
                         net (fo=1, routed)           0.136     1.922    system_i/mem_smc/inst/s01_nodes/s01_w_node/inst/inst_mi_handler/gen_normal_area.inst_fifo_node_payld/gen_xpm_memory_fifo.inst_fifo/gen_mem_rep[0].inst_xpm_memory/xpm_memory_base_inst/gen_wr_a.gen_word_narrow.mem_reg_0_31_140_153/DIG0
    SLICE_X61Y92         RAMD32                                       r  system_i/mem_smc/inst/s01_nodes/s01_w_node/inst/inst_mi_handler/gen_normal_area.inst_fifo_node_payld/gen_xpm_memory_fifo.inst_fifo/gen_mem_rep[0].inst_xpm_memory/xpm_memory_base_inst/gen_wr_a.gen_word_narrow.mem_reg_0_31_140_153/RAMG/I
  -------------------------------------------------------------------    -------------------

                         (clock clk_pl_0 rise edge)
                                                      0.000     0.000 r  <hidden>
    PS8_X0Y0             PS8                          0.000     0.000 r  system_i/zynq_ultra_ps_e_0/inst/PS8_i/PLCLK[0]
                         net (fo=1, routed)           0.180     0.180    system_i/zynq_ultra_ps_e_0/inst/pl_clk_unbuffered[0]
    BUFG_PS_X0Y80        BUFG_PS (Prop_BUFG_PS_I_O)
                                                      0.028     0.208 r  system_i/zynq_ultra_ps_e_0/inst/buffer_pl_clk_0.PL_CLK_0_BUFG/O
    X1Y2 (CLOCK_ROOT)    net (fo=12466, routed)       1.788     1.996    system_i/mem_smc/inst/s01_nodes/s01_w_node/inst/inst_mi_handler/gen_normal_area.inst_fifo_node_payld/gen_xpm_memory_fifo.inst_fifo/gen_mem_rep[0].inst_xpm_memory/xpm_memory_base_inst/gen_wr_a.gen_word_narrow.mem_reg_0_31_140_153/WCLK
    SLICE_X61Y92         RAMD32                                       r  system_i/mem_smc/inst/s01_nodes/s01_w_node/inst/inst_mi_handler/gen_normal_area.inst_fifo_node_payld/gen_xpm_memory_fifo.inst_fifo/gen_mem_rep[0].inst_xpm_memory/xpm_memory_base_inst/gen_wr_a.gen_word_narrow.mem_reg_0_31_140_153/RAMG/CLK
                         clock pessimism             -0.165     1.831    <hidden>
    SLICE_X61Y92         RAMD32 (Hold_G5LUT_SLICEM_CLK_I)
                                                      0.078     1.909    system_i/mem_smc/inst/s01_nodes/s01_w_node/inst/inst_mi_handler/gen_normal_area.inst_fifo_node_payld/gen_xpm_memory_fifo.inst_fifo/gen_mem_rep[0].inst_xpm_memory/xpm_memory_base_inst/gen_wr_a.gen_word_narrow.mem_reg_0_31_140_153/RAMG
  -------------------------------------------------------------------
                         required time                         -1.909    <hidden>
                         arrival time                           1.922    <hidden>
  -------------------------------------------------------------------
                         slack                                  0.012    <hidden>

Slack (MET) :             0.014ns  (arrival time - required time)
  Source:                 system_i/mem_smc/inst/s00_nodes/s00_ar_node/inst/inst_mi_handler/gen_normal_area.inst_fifo_node_payld/gen_xpm_memory_fifo.inst_fifo/gen_mem_rep[0].inst_xpm_memory/xpm_memory_base_inst/gen_rd_b.gen_rd_b_synth_template.gen_rf_narrow_reg.doutb_reg_reg[7]/C
                            (rising edge-triggered cell FDRE clocked by clk_pl_0  {rise@0.000ns fall@6.667ns period=13.333ns})
  Destination:            system_i/mem_smc/inst/switchboards/ar_switchboard/inst/gen_mi[0].inst_opipe_payld/gen_pipe[1].pipe_reg[1][7]/D
                            (rising edge-triggered cell FDRE clocked by clk_pl_0  {rise@0.000ns fall@6.667ns period=13.333ns})
  Path Group:             clk_pl_0
  Path Type:              Hold (Min at Slow Process Corner)
  Requirement:            0.000ns  (clk_pl_0 rise@0.000ns - clk_pl_0 rise@0.000ns)
  Data Path Delay:        0.175ns  (logic 0.058ns (33.143%)  route 0.117ns (66.857%))
  Logic Levels:           0  
  Clock Path Skew:        0.099ns (DCD - SCD - CPR)
    Destination Clock Delay (DCD):    2.008ns
    Source Clock Delay      (SCD):    1.745ns
    Clock Pessimism Removal (CPR):    0.164ns
  Clock Net Delay (Source):      1.577ns (routing 0.512ns, distribution 1.065ns)
  Clock Net Delay (Destination): 1.800ns (routing 0.569ns, distribution 1.231ns)

    Location             Delay type                Incr(ns)  Path(ns)    Netlist Resource(s)
  -------------------------------------------------------------------    -------------------
                         (clock clk_pl_0 rise edge)
                                                      0.000     0.000 r  <hidden>
    PS8_X0Y0             PS8                          0.000     0.000 r  system_i/zynq_ultra_ps_e_0/inst/PS8_i/PLCLK[0]
                         net (fo=1, routed)           0.143     0.143    system_i/zynq_ultra_ps_e_0/inst/pl_clk_unbuffered[0]
    BUFG_PS_X0Y80        BUFG_PS (Prop_BUFG_PS_I_O)
                                                      0.025     0.168 r  system_i/zynq_ultra_ps_e_0/inst/buffer_pl_clk_0.PL_CLK_0_BUFG/O
    X1Y2 (CLOCK_ROOT)    net (fo=12466, routed)       1.577     1.745    system_i/mem_smc/inst/s00_nodes/s00_ar_node/inst/inst_mi_handler/gen_normal_area.inst_fifo_node_payld/gen_xpm_memory_fifo.inst_fifo/gen_mem_rep[0].inst_xpm_memory/xpm_memory_base_inst/clka
    SLICE_X56Y64         FDRE                                         r  system_i/mem_smc/inst/s00_nodes/s00_ar_node/inst/inst_mi_handler/gen_normal_area.inst_fifo_node_payld/gen_xpm_memory_fifo.inst_fifo/gen_mem_rep[0].inst_xpm_memory/xpm_memory_base_inst/gen_rd_b.gen_rd_b_synth_template.gen_rf_narrow_reg.doutb_reg_reg[7]/C
  -------------------------------------------------------------------    -------------------
    SLICE_X56Y64         FDRE (Prop_DFF_SLICEM_C_Q)
                                                      0.058     1.803 r  system_i/mem_smc/inst/s00_nodes/s00_ar_node/inst/inst_mi_handler/gen_normal_area.inst_fifo_node_payld/gen_xpm_memory_fifo.inst_fifo/gen_mem_rep[0].inst_xpm_memory/xpm_memory_base_inst/gen_rd_b.gen_rd_b_synth_template.gen_rf_narrow_reg.doutb_reg_reg[7]/Q
                         net (fo=1, routed)           0.117     1.920    system_i/mem_smc/inst/switchboards/ar_switchboard/inst/gen_mi[0].inst_opipe_payld/s_sc_payld[6]
    SLICE_X54Y63         FDRE                                         r  system_i/mem_smc/inst/switchboards/ar_switchboard/inst/gen_mi[0].inst_opipe_payld/gen_pipe[1].pipe_reg[1][7]/D
  -------------------------------------------------------------------    -------------------

                         (clock clk_pl_0 rise edge)
                                                      0.000     0.000 r  <hidden>
    PS8_X0Y0             PS8                          0.000     0.000 r  system_i/zynq_ultra_ps_e_0/inst/PS8_i/PLCLK[0]
                         net (fo=1, routed)           0.180     0.180    system_i/zynq_ultra_ps_e_0/inst/pl_clk_unbuffered[0]
    BUFG_PS_X0Y80        BUFG_PS (Prop_BUFG_PS_I_O)
                                                      0.028     0.208 r  system_i/zynq_ultra_ps_e_0/inst/buffer_pl_clk_0.PL_CLK_0_BUFG/O
    X1Y2 (CLOCK_ROOT)    net (fo=12466, routed)       1.800     2.008    system_i/mem_smc/inst/switchboards/ar_switchboard/inst/gen_mi[0].inst_opipe_payld/aclk
    SLICE_X54Y63         FDRE                                         r  system_i/mem_smc/inst/switchboards/ar_switchboard/inst/gen_mi[0].inst_opipe_payld/gen_pipe[1].pipe_reg[1][7]/C
                         clock pessimism             -0.164     1.844    <hidden>
    SLICE_X54Y63         FDRE (Hold_CFF2_SLICEM_C_D)
                                                      0.062     1.906    system_i/mem_smc/inst/switchboards/ar_switchboard/inst/gen_mi[0].inst_opipe_payld/gen_pipe[1].pipe_reg[1][7]
  -------------------------------------------------------------------
                         required time                         -1.906    <hidden>
                         arrival time                           1.920    <hidden>
  -------------------------------------------------------------------
                         slack                                  0.014    <hidden>

Slack (MET) :             0.014ns  (arrival time - required time)
  Source:                 system_i/mem_smc/inst/s00_entry_pipeline/s00_transaction_regulator/inst/gen_endpoint.gen_r_singleorder.r_singleorder/gen_cmd_reg.cmd_reg/m_vector_i_reg[1077]/C
                            (rising edge-triggered cell FDRE clocked by clk_pl_0  {rise@0.000ns fall@6.667ns period=13.333ns})
  Destination:            system_i/mem_smc/inst/s00_nodes/s00_ar_node/inst/inst_mi_handler/gen_normal_area.inst_fifo_node_payld/gen_xpm_memory_fifo.inst_fifo/gen_mem_rep[0].inst_xpm_memory/xpm_memory_base_inst/gen_wr_a.gen_word_narrow.mem_reg_0_31_112_125/RAMA/I
                            (rising edge-triggered cell RAMD32 clocked by clk_pl_0  {rise@0.000ns fall@6.667ns period=13.333ns})
  Path Group:             clk_pl_0
  Path Type:              Hold (Min at Slow Process Corner)
  Requirement:            0.000ns  (clk_pl_0 rise@0.000ns - clk_pl_0 rise@0.000ns)
  Data Path Delay:        0.171ns  (logic 0.058ns (33.918%)  route 0.113ns (66.082%))
  Logic Levels:           0  
  Clock Path Skew:        0.082ns (DCD - SCD - CPR)
    Destination Clock Delay (DCD):    2.020ns
    Source Clock Delay      (SCD):    1.726ns
    Clock Pessimism Removal (CPR):    0.212ns
  Clock Net Delay (Source):      1.558ns (routing 0.512ns, distribution 1.046ns)
  Clock Net Delay (Destination): 1.812ns (routing 0.569ns, distribution 1.243ns)

    Location             Delay type                Incr(ns)  Path(ns)    Netlist Resource(s)
  -------------------------------------------------------------------    -------------------
                         (clock clk_pl_0 rise edge)
                                                      0.000     0.000 r  <hidden>
    PS8_X0Y0             PS8                          0.000     0.000 r  system_i/zynq_ultra_ps_e_0/inst/PS8_i/PLCLK[0]
                         net (fo=1, routed)           0.143     0.143    system_i/zynq_ultra_ps_e_0/inst/pl_clk_unbuffered[0]
    BUFG_PS_X0Y80        BUFG_PS (Prop_BUFG_PS_I_O)
                                                      0.025     0.168 r  system_i/zynq_ultra_ps_e_0/inst/buffer_pl_clk_0.PL_CLK_0_BUFG/O
    X1Y2 (CLOCK_ROOT)    net (fo=12466, routed)       1.558     1.726    system_i/mem_smc/inst/s00_entry_pipeline/s00_transaction_regulator/inst/gen_endpoint.gen_r_singleorder.r_singleorder/gen_cmd_reg.cmd_reg/aclk
    SLICE_X53Y74         FDRE                                         r  system_i/mem_smc/inst/s00_entry_pipeline/s00_transaction_regulator/inst/gen_endpoint.gen_r_singleorder.r_singleorder/gen_cmd_reg.cmd_reg/m_vector_i_reg[1077]/C
  -------------------------------------------------------------------    -------------------
    SLICE_X53Y74         FDRE (Prop_CFF_SLICEM_C_Q)
                                                      0.058     1.784 r  system_i/mem_smc/inst/s00_entry_pipeline/s00_transaction_regulator/inst/gen_endpoint.gen_r_singleorder.r_singleorder/gen_cmd_reg.cmd_reg/m_vector_i_reg[1077]/Q
                         net (fo=1, routed)           0.113     1.897    system_i/mem_smc/inst/s00_nodes/s00_ar_node/inst/inst_mi_handler/gen_normal_area.inst_fifo_node_payld/gen_xpm_memory_fifo.inst_fifo/gen_mem_rep[0].inst_xpm_memory/xpm_memory_base_inst/gen_wr_a.gen_word_narrow.mem_reg_0_31_112_125/DIA0
    SLICE_X53Y69         RAMD32                                       r  system_i/mem_smc/inst/s00_nodes/s00_ar_node/inst/inst_mi_handler/gen_normal_area.inst_fifo_node_payld/gen_xpm_memory_fifo.inst_fifo/gen_mem_rep[0].inst_xpm_memory/xpm_memory_base_inst/gen_wr_a.gen_word_narrow.mem_reg_0_31_112_125/RAMA/I
  -------------------------------------------------------------------    -------------------

                         (clock clk_pl_0 rise edge)
                                                      0.000     0.000 r  <hidden>
    PS8_X0Y0             PS8                          0.000     0.000 r  system_i/zynq_ultra_ps_e_0/inst/PS8_i/PLCLK[0]
                         net (fo=1, routed)           0.180     0.180    system_i/zynq_ultra_ps_e_0/inst/pl_clk_unbuffered[0]
    BUFG_PS_X0Y80        BUFG_PS (Prop_BUFG_PS_I_O)
                                                      0.028     0.208 r  system_i/zynq_ultra_ps_e_0/inst/buffer_pl_clk_0.PL_CLK_0_BUFG/O
    X1Y2 (CLOCK_ROOT)    net (fo=12466, routed)       1.812     2.020    system_i/mem_smc/inst/s00_nodes/s00_ar_node/inst/inst_mi_handler/gen_normal_area.inst_fifo_node_payld/gen_xpm_memory_fifo.inst_fifo/gen_mem_rep[0].inst_xpm_memory/xpm_memory_base_inst/gen_wr_a.gen_word_narrow.mem_reg_0_31_112_125/WCLK
    SLICE_X53Y69         RAMD32                                       r  system_i/mem_smc/inst/s00_nodes/s00_ar_node/inst/inst_mi_handler/gen_normal_area.inst_fifo_node_payld/gen_xpm_memory_fifo.inst_fifo/gen_mem_rep[0].inst_xpm_memory/xpm_memory_base_inst/gen_wr_a.gen_word_narrow.mem_reg_0_31_112_125/RAMA/CLK
                         clock pessimism             -0.212     1.808    <hidden>
    SLICE_X53Y69         RAMD32 (Hold_A5LUT_SLICEM_CLK_I)
                                                      0.075     1.883    system_i/mem_smc/inst/s00_nodes/s00_ar_node/inst/inst_mi_handler/gen_normal_area.inst_fifo_node_payld/gen_xpm_memory_fifo.inst_fifo/gen_mem_rep[0].inst_xpm_memory/xpm_memory_base_inst/gen_wr_a.gen_word_narrow.mem_reg_0_31_112_125/RAMA
  -------------------------------------------------------------------
                         required time                         -1.883    <hidden>
                         arrival time                           1.897    <hidden>
  -------------------------------------------------------------------
                         slack                                  0.014    <hidden>

Slack (MET) :             0.016ns  (arrival time - required time)
  Source:                 system_i/mem_smc/inst/s00_entry_pipeline/s00_mmu/inst/r_sreg/m_vector_i_reg[1107]/C
                            (rising edge-triggered cell FDRE clocked by clk_pl_0  {rise@0.000ns fall@6.667ns period=13.333ns})
  Destination:            system_i/axi_dma_0/U0/I_PRMRY_DATAMOVER/GEN_MM2S_FULL.I_MM2S_FULL_WRAPPER/GEN_INCLUDE_MM2S_SF.I_RD_SF/I_DATA_FIFO/BLK_MEM.I_SYNC_FIFOGEN_FIFO/xpm_fifo_base_inst/gen_sdpram.xpm_memory_base_inst/gen_wr_a.gen_word_narrow.mem_reg_0/DINBDIN[16]
                            (rising edge-triggered cell RAMB36E2 clocked by clk_pl_0  {rise@0.000ns fall@6.667ns period=13.333ns})
  Path Group:             clk_pl_0
  Path Type:              Hold (Min at Slow Process Corner)
  Requirement:            0.000ns  (clk_pl_0 rise@0.000ns - clk_pl_0 rise@0.000ns)
  Data Path Delay:        0.249ns  (logic 0.058ns (23.293%)  route 0.191ns (76.707%))
  Logic Levels:           0  
  Clock Path Skew:        0.261ns (DCD - SCD - CPR)
    Destination Clock Delay (DCD):    2.084ns
    Source Clock Delay      (SCD):    1.722ns
    Clock Pessimism Removal (CPR):    0.101ns
  Clock Net Delay (Source):      1.554ns (routing 0.512ns, distribution 1.042ns)
  Clock Net Delay (Destination): 1.876ns (routing 0.569ns, distribution 1.307ns)

    Location             Delay type                Incr(ns)  Path(ns)    Netlist Resource(s)
  -------------------------------------------------------------------    -------------------
                         (clock clk_pl_0 rise edge)
                                                      0.000     0.000 r  <hidden>
    PS8_X0Y0             PS8                          0.000     0.000 r  system_i/zynq_ultra_ps_e_0/inst/PS8_i/PLCLK[0]
                         net (fo=1, routed)           0.143     0.143    system_i/zynq_ultra_ps_e_0/inst/pl_clk_unbuffered[0]
    BUFG_PS_X0Y80        BUFG_PS (Prop_BUFG_PS_I_O)
                                                      0.025     0.168 r  system_i/zynq_ultra_ps_e_0/inst/buffer_pl_clk_0.PL_CLK_0_BUFG/O
    X1Y2 (CLOCK_ROOT)    net (fo=12466, routed)       1.554     1.722    system_i/mem_smc/inst/s00_entry_pipeline/s00_mmu/inst/r_sreg/aclk
    SLICE_X53Y110        FDRE                                         r  system_i/mem_smc/inst/s00_entry_pipeline/s00_mmu/inst/r_sreg/m_vector_i_reg[1107]/C
  -------------------------------------------------------------------    -------------------
    SLICE_X53Y110        FDRE (Prop_DFF_SLICEM_C_Q)
                                                      0.058     1.780 r  system_i/mem_smc/inst/s00_entry_pipeline/s00_mmu/inst/r_sreg/m_vector_i_reg[1107]/Q
                         net (fo=1, routed)           0.191     1.971    system_i/axi_dma_0/U0/I_PRMRY_DATAMOVER/GEN_MM2S_FULL.I_MM2S_FULL_WRAPPER/GEN_INCLUDE_MM2S_SF.I_RD_SF/I_DATA_FIFO/BLK_MEM.I_SYNC_FIFOGEN_FIFO/xpm_fifo_base_inst/gen_sdpram.xpm_memory_base_inst/dina[48]
    RAMB36_X1Y24         RAMB36E2                                     r  system_i/axi_dma_0/U0/I_PRMRY_DATAMOVER/GEN_MM2S_FULL.I_MM2S_FULL_WRAPPER/GEN_INCLUDE_MM2S_SF.I_RD_SF/I_DATA_FIFO/BLK_MEM.I_SYNC_FIFOGEN_FIFO/xpm_fifo_base_inst/gen_sdpram.xpm_memory_base_inst/gen_wr_a.gen_word_narrow.mem_reg_0/DINBDIN[16]
  -------------------------------------------------------------------    -------------------

                         (clock clk_pl_0 rise edge)
                                                      0.000     0.000 r  <hidden>
    PS8_X0Y0             PS8                          0.000     0.000 r  system_i/zynq_ultra_ps_e_0/inst/PS8_i/PLCLK[0]
                         net (fo=1, routed)           0.180     0.180    system_i/zynq_ultra_ps_e_0/inst/pl_clk_unbuffered[0]
    BUFG_PS_X0Y80        BUFG_PS (Prop_BUFG_PS_I_O)
                                                      0.028     0.208 r  system_i/zynq_ultra_ps_e_0/inst/buffer_pl_clk_0.PL_CLK_0_BUFG/O
    X1Y2 (CLOCK_ROOT)    net (fo=12466, routed)       1.876     2.084    system_i/axi_dma_0/U0/I_PRMRY_DATAMOVER/GEN_MM2S_FULL.I_MM2S_FULL_WRAPPER/GEN_INCLUDE_MM2S_SF.I_RD_SF/I_DATA_FIFO/BLK_MEM.I_SYNC_FIFOGEN_FIFO/xpm_fifo_base_inst/gen_sdpram.xpm_memory_base_inst/clka
    RAMB36_X1Y24         RAMB36E2                                     r  system_i/axi_dma_0/U0/I_PRMRY_DATAMOVER/GEN_MM2S_FULL.I_MM2S_FULL_WRAPPER/GEN_INCLUDE_MM2S_SF.I_RD_SF/I_DATA_FIFO/BLK_MEM.I_SYNC_FIFOGEN_FIFO/xpm_fifo_base_inst/gen_sdpram.xpm_memory_base_inst/gen_wr_a.gen_word_narrow.mem_reg_0/CLKBWRCLK
                         clock pessimism             -0.101     1.983    <hidden>
    RAMB36_X1Y24         RAMB36E2 (Hold_RAMB36E2_RAMB36_CLKBWRCLK_DINBDIN[16])
                                                     -0.028     1.955    system_i/axi_dma_0/U0/I_PRMRY_DATAMOVER/GEN_MM2S_FULL.I_MM2S_FULL_WRAPPER/GEN_INCLUDE_MM2S_SF.I_RD_SF/I_DATA_FIFO/BLK_MEM.I_SYNC_FIFOGEN_FIFO/xpm_fifo_base_inst/gen_sdpram.xpm_memory_base_inst/gen_wr_a.gen_word_narrow.mem_reg_0
  -------------------------------------------------------------------
                         required time                         -1.955    <hidden>
                         arrival time                           1.971    <hidden>
  -------------------------------------------------------------------
                         slack                                  0.016    <hidden>

Slack (MET) :             0.016ns  (arrival time - required time)
  Source:                 system_i/axi_dma_0/U0/I_PRMRY_DATAMOVER/GEN_S2MM_FULL.I_S2MM_FULL_WRAPPER/I_WR_STATUS_CNTLR/GEN_ENABLE_INDET_BTT.sig_coelsc_slverr_reg_reg/C
                            (rising edge-triggered cell FDRE clocked by clk_pl_0  {rise@0.000ns fall@6.667ns period=13.333ns})
  Destination:            system_i/axi_dma_0/U0/I_PRMRY_DATAMOVER/GEN_S2MM_FULL.I_S2MM_FULL_WRAPPER/I_CMD_STATUS/GEN_INCLUDE_STATUS_FIFO.I_STS_FIFO/USE_SINGLE_REG.sig_regfifo_dout_reg_reg[6]/D
                            (rising edge-triggered cell FDRE clocked by clk_pl_0  {rise@0.000ns fall@6.667ns period=13.333ns})
  Path Group:             clk_pl_0
  Path Type:              Hold (Min at Slow Process Corner)
  Requirement:            0.000ns  (clk_pl_0 rise@0.000ns - clk_pl_0 rise@0.000ns)
  Data Path Delay:        0.136ns  (logic 0.060ns (43.987%)  route 0.076ns (56.013%))
  Logic Levels:           0  
  Clock Path Skew:        0.061ns (DCD - SCD - CPR)
    Destination Clock Delay (DCD):    1.960ns
    Source Clock Delay      (SCD):    1.694ns
    Clock Pessimism Removal (CPR):    0.206ns
  Clock Net Delay (Source):      1.526ns (routing 0.512ns, distribution 1.014ns)
  Clock Net Delay (Destination): 1.752ns (routing 0.569ns, distribution 1.183ns)

    Location             Delay type                Incr(ns)  Path(ns)    Netlist Resource(s)
  -------------------------------------------------------------------    -------------------
                         (clock clk_pl_0 rise edge)
                                                      0.000     0.000 r  <hidden>
    PS8_X0Y0             PS8                          0.000     0.000 r  system_i/zynq_ultra_ps_e_0/inst/PS8_i/PLCLK[0]
                         net (fo=1, routed)           0.143     0.143    system_i/zynq_ultra_ps_e_0/inst/pl_clk_unbuffered[0]
    BUFG_PS_X0Y80        BUFG_PS (Prop_BUFG_PS_I_O)
                                                      0.025     0.168 r  system_i/zynq_ultra_ps_e_0/inst/buffer_pl_clk_0.PL_CLK_0_BUFG/O
    X1Y2 (CLOCK_ROOT)    net (fo=12466, routed)       1.526     1.694    system_i/axi_dma_0/U0/I_PRMRY_DATAMOVER/GEN_S2MM_FULL.I_S2MM_FULL_WRAPPER/I_WR_STATUS_CNTLR/m_axi_s2mm_aclk
    SLICE_X55Y155        FDRE                                         r  system_i/axi_dma_0/U0/I_PRMRY_DATAMOVER/GEN_S2MM_FULL.I_S2MM_FULL_WRAPPER/I_WR_STATUS_CNTLR/GEN_ENABLE_INDET_BTT.sig_coelsc_slverr_reg_reg/C
  -------------------------------------------------------------------    -------------------
    SLICE_X55Y155        FDRE (Prop_BFF2_SLICEL_C_Q)
                                                      0.060     1.754 r  system_i/axi_dma_0/U0/I_PRMRY_DATAMOVER/GEN_S2MM_FULL.I_S2MM_FULL_WRAPPER/I_WR_STATUS_CNTLR/GEN_ENABLE_INDET_BTT.sig_coelsc_slverr_reg_reg/Q
                         net (fo=3, routed)           0.076     1.830    system_i/axi_dma_0/U0/I_PRMRY_DATAMOVER/GEN_S2MM_FULL.I_S2MM_FULL_WRAPPER/I_CMD_STATUS/GEN_INCLUDE_STATUS_FIFO.I_STS_FIFO/D[2]
    SLICE_X55Y156        FDRE                                         r  system_i/axi_dma_0/U0/I_PRMRY_DATAMOVER/GEN_S2MM_FULL.I_S2MM_FULL_WRAPPER/I_CMD_STATUS/GEN_INCLUDE_STATUS_FIFO.I_STS_FIFO/USE_SINGLE_REG.sig_regfifo_dout_reg_reg[6]/D
  -------------------------------------------------------------------    -------------------

                         (clock clk_pl_0 rise edge)
                                                      0.000     0.000 r  <hidden>
    PS8_X0Y0             PS8                          0.000     0.000 r  system_i/zynq_ultra_ps_e_0/inst/PS8_i/PLCLK[0]
                         net (fo=1, routed)           0.180     0.180    system_i/zynq_ultra_ps_e_0/inst/pl_clk_unbuffered[0]
    BUFG_PS_X0Y80        BUFG_PS (Prop_BUFG_PS_I_O)
                                                      0.028     0.208 r  system_i/zynq_ultra_ps_e_0/inst/buffer_pl_clk_0.PL_CLK_0_BUFG/O
    X1Y2 (CLOCK_ROOT)    net (fo=12466, routed)       1.752     1.960    system_i/axi_dma_0/U0/I_PRMRY_DATAMOVER/GEN_S2MM_FULL.I_S2MM_FULL_WRAPPER/I_CMD_STATUS/GEN_INCLUDE_STATUS_FIFO.I_STS_FIFO/m_axi_s2mm_aclk
    SLICE_X55Y156        FDRE                                         r  system_i/axi_dma_0/U0/I_PRMRY_DATAMOVER/GEN_S2MM_FULL.I_S2MM_FULL_WRAPPER/I_CMD_STATUS/GEN_INCLUDE_STATUS_FIFO.I_STS_FIFO/USE_SINGLE_REG.sig_regfifo_dout_reg_reg[6]/C
                         clock pessimism             -0.206     1.754    <hidden>
    SLICE_X55Y156        FDRE (Hold_HFF_SLICEL_C_D)
                                                      0.060     1.814    system_i/axi_dma_0/U0/I_PRMRY_DATAMOVER/GEN_S2MM_FULL.I_S2MM_FULL_WRAPPER/I_CMD_STATUS/GEN_INCLUDE_STATUS_FIFO.I_STS_FIFO/USE_SINGLE_REG.sig_regfifo_dout_reg_reg[6]
  -------------------------------------------------------------------
                         required time                         -1.814    <hidden>
                         arrival time                           1.830    <hidden>
  -------------------------------------------------------------------
                         slack                                  0.016    <hidden>

Slack (MET) :             0.016ns  (arrival time - required time)
  Source:                 system_i/axi_dma_0/U0/I_PRMRY_DATAMOVER/GEN_MM2S_FULL.I_MM2S_FULL_WRAPPER/GEN_INCLUDE_MM2S_DRE.I_DRE_16_to_64/GEN_DELAY_REG[4].sig_delay_data_reg_reg[4][7]/C
                            (rising edge-triggered cell FDRE clocked by clk_pl_0  {rise@0.000ns fall@6.667ns period=13.333ns})
  Destination:            system_i/axi_dma_0/U0/I_PRMRY_DATAMOVER/GEN_MM2S_FULL.I_MM2S_FULL_WRAPPER/GEN_INCLUDE_MM2S_DRE.I_DRE_16_to_64/GEN_OUTPUT_REG[4].sig_output_data_reg_reg[4][7]/D
                            (rising edge-triggered cell FDRE clocked by clk_pl_0  {rise@0.000ns fall@6.667ns period=13.333ns})
  Path Group:             clk_pl_0
  Path Type:              Hold (Min at Slow Process Corner)
  Requirement:            0.000ns  (clk_pl_0 rise@0.000ns - clk_pl_0 rise@0.000ns)
  Data Path Delay:        0.186ns  (logic 0.080ns (43.011%)  route 0.106ns (56.989%))
  Logic Levels:           1  (LUT6=1)
  Clock Path Skew:        0.110ns (DCD - SCD - CPR)
    Destination Clock Delay (DCD):    2.003ns
    Source Clock Delay      (SCD):    1.735ns
    Clock Pessimism Removal (CPR):    0.158ns
  Clock Net Delay (Source):      1.567ns (routing 0.512ns, distribution 1.055ns)
  Clock Net Delay (Destination): 1.795ns (routing 0.569ns, distribution 1.226ns)

    Location             Delay type                Incr(ns)  Path(ns)    Netlist Resource(s)
  -------------------------------------------------------------------    -------------------
                         (clock clk_pl_0 rise edge)
                                                      0.000     0.000 r  <hidden>
    PS8_X0Y0             PS8                          0.000     0.000 r  system_i/zynq_ultra_ps_e_0/inst/PS8_i/PLCLK[0]
                         net (fo=1, routed)           0.143     0.143    system_i/zynq_ultra_ps_e_0/inst/pl_clk_unbuffered[0]
    BUFG_PS_X0Y80        BUFG_PS (Prop_BUFG_PS_I_O)
                                                      0.025     0.168 r  system_i/zynq_ultra_ps_e_0/inst/buffer_pl_clk_0.PL_CLK_0_BUFG/O
    X1Y2 (CLOCK_ROOT)    net (fo=12466, routed)       1.567     1.735    system_i/axi_dma_0/U0/I_PRMRY_DATAMOVER/GEN_MM2S_FULL.I_MM2S_FULL_WRAPPER/GEN_INCLUDE_MM2S_DRE.I_DRE_16_to_64/m_axi_mm2s_aclk
    SLICE_X63Y143        FDRE                                         r  system_i/axi_dma_0/U0/I_PRMRY_DATAMOVER/GEN_MM2S_FULL.I_MM2S_FULL_WRAPPER/GEN_INCLUDE_MM2S_DRE.I_DRE_16_to_64/GEN_DELAY_REG[4].sig_delay_data_reg_reg[4][7]/C
  -------------------------------------------------------------------    -------------------
    SLICE_X63Y143        FDRE (Prop_HFF_SLICEM_C_Q)
                                                      0.058     1.793 r  system_i/axi_dma_0/U0/I_PRMRY_DATAMOVER/GEN_MM2S_FULL.I_MM2S_FULL_WRAPPER/GEN_INCLUDE_MM2S_DRE.I_DRE_16_to_64/GEN_DELAY_REG[4].sig_delay_data_reg_reg[4][7]/Q
                         net (fo=1, routed)           0.071     1.864    system_i/axi_dma_0/U0/I_PRMRY_DATAMOVER/GEN_MM2S_FULL.I_MM2S_FULL_WRAPPER/GEN_INCLUDE_MM2S_DRE.I_DRE_16_to_64/GEN_DELAY_REG[4].sig_delay_data_reg_reg[4]_20[7]
    SLICE_X64Y143        LUT6 (Prop_F6LUT_SLICEM_I5_O)
                                                      0.022     1.886 r  system_i/axi_dma_0/U0/I_PRMRY_DATAMOVER/GEN_MM2S_FULL.I_MM2S_FULL_WRAPPER/GEN_INCLUDE_MM2S_DRE.I_DRE_16_to_64/GEN_OUTPUT_REG[4].sig_output_data_reg[4][7]_i_1/O
                         net (fo=1, routed)           0.035     1.921    system_i/axi_dma_0/U0/I_PRMRY_DATAMOVER/GEN_MM2S_FULL.I_MM2S_FULL_WRAPPER/GEN_INCLUDE_MM2S_DRE.I_DRE_16_to_64/sig_final_mux_bus[4]__0[7]
    SLICE_X64Y143        FDRE                                         r  system_i/axi_dma_0/U0/I_PRMRY_DATAMOVER/GEN_MM2S_FULL.I_MM2S_FULL_WRAPPER/GEN_INCLUDE_MM2S_DRE.I_DRE_16_to_64/GEN_OUTPUT_REG[4].sig_output_data_reg_reg[4][7]/D
  -------------------------------------------------------------------    -------------------

                         (clock clk_pl_0 rise edge)
                                                      0.000     0.000 r  <hidden>
    PS8_X0Y0             PS8                          0.000     0.000 r  system_i/zynq_ultra_ps_e_0/inst/PS8_i/PLCLK[0]
                         net (fo=1, routed)           0.180     0.180    system_i/zynq_ultra_ps_e_0/inst/pl_clk_unbuffered[0]
    BUFG_PS_X0Y80        BUFG_PS (Prop_BUFG_PS_I_O)
                                                      0.028     0.208 r  system_i/zynq_ultra_ps_e_0/inst/buffer_pl_clk_0.PL_CLK_0_BUFG/O
    X1Y2 (CLOCK_ROOT)    net (fo=12466, routed)       1.795     2.003    system_i/axi_dma_0/U0/I_PRMRY_DATAMOVER/GEN_MM2S_FULL.I_MM2S_FULL_WRAPPER/GEN_INCLUDE_MM2S_DRE.I_DRE_16_to_64/m_axi_mm2s_aclk
    SLICE_X64Y143        FDRE                                         r  system_i/axi_dma_0/U0/I_PRMRY_DATAMOVER/GEN_MM2S_FULL.I_MM2S_FULL_WRAPPER/GEN_INCLUDE_MM2S_DRE.I_DRE_16_to_64/GEN_OUTPUT_REG[4].sig_output_data_reg_reg[4][7]/C
                         clock pessimism             -0.158     1.845    <hidden>
    SLICE_X64Y143        FDRE (Hold_FFF_SLICEM_C_D)
                                                      0.060     1.905    system_i/axi_dma_0/U0/I_PRMRY_DATAMOVER/GEN_MM2S_FULL.I_MM2S_FULL_WRAPPER/GEN_INCLUDE_MM2S_DRE.I_DRE_16_to_64/GEN_OUTPUT_REG[4].sig_output_data_reg_reg[4][7]
  -------------------------------------------------------------------
                         required time                         -1.905    <hidden>
                         arrival time                           1.921    <hidden>
  -------------------------------------------------------------------
                         slack                                  0.016    <hidden>





Pulse Width Checks
--------------------------------------------------------------------------------------
Clock Name:         clk_pl_0
Waveform(ns):       { 0.000 6.667 }
Period(ns):         13.333
Sources:            { system_i/zynq_ultra_ps_e_0/inst/PS8_i/PLCLK[0] }

Check Type        Corner  Lib Pin             Reference Pin  Required(ns)  Actual(ns)  Slack(ns)  Location      Pin
Min Period        n/a     PS8/MAXIGP0ACLK     n/a            3.000         13.333      10.333     PS8_X0Y0      system_i/zynq_ultra_ps_e_0/inst/PS8_i/MAXIGP0ACLK
Min Period        n/a     PS8/SAXIGP2RCLK     n/a            3.000         13.333      10.333     PS8_X0Y0      system_i/zynq_ultra_ps_e_0/inst/PS8_i/SAXIGP2RCLK
Min Period        n/a     PS8/SAXIGP2WCLK     n/a            3.000         13.333      10.333     PS8_X0Y0      system_i/zynq_ultra_ps_e_0/inst/PS8_i/SAXIGP2WCLK
Min Period        n/a     RAMB36E2/CLKARDCLK  n/a            1.355         13.333      11.978     RAMB36_X1Y24  system_i/axi_dma_0/U0/I_PRMRY_DATAMOVER/GEN_MM2S_FULL.I_MM2S_FULL_WRAPPER/GEN_INCLUDE_MM2S_SF.I_RD_SF/I_DATA_FIFO/BLK_MEM.I_SYNC_FIFOGEN_FIFO/xpm_fifo_base_inst/gen_sdpram.xpm_memory_base_inst/gen_wr_a.gen_word_narrow.mem_reg_0/CLKARDCLK
Min Period        n/a     RAMB36E2/CLKBWRCLK  n/a            1.355         13.333      11.978     RAMB36_X1Y24  system_i/axi_dma_0/U0/I_PRMRY_DATAMOVER/GEN_MM2S_FULL.I_MM2S_FULL_WRAPPER/GEN_INCLUDE_MM2S_SF.I_RD_SF/I_DATA_FIFO/BLK_MEM.I_SYNC_FIFOGEN_FIFO/xpm_fifo_base_inst/gen_sdpram.xpm_memory_base_inst/gen_wr_a.gen_word_narrow.mem_reg_0/CLKBWRCLK
Min Period        n/a     RAMB36E2/CLKARDCLK  n/a            1.355         13.333      11.978     RAMB36_X1Y26  system_i/axi_dma_0/U0/I_PRMRY_DATAMOVER/GEN_MM2S_FULL.I_MM2S_FULL_WRAPPER/GEN_INCLUDE_MM2S_SF.I_RD_SF/I_DATA_FIFO/BLK_MEM.I_SYNC_FIFOGEN_FIFO/xpm_fifo_base_inst/gen_sdpram.xpm_memory_base_inst/gen_wr_a.gen_word_narrow.mem_reg_1/CLKARDCLK
Min Period        n/a     RAMB36E2/CLKBWRCLK  n/a            1.355         13.333      11.978     RAMB36_X1Y26  system_i/axi_dma_0/U0/I_PRMRY_DATAMOVER/GEN_MM2S_FULL.I_MM2S_FULL_WRAPPER/GEN_INCLUDE_MM2S_SF.I_RD_SF/I_DATA_FIFO/BLK_MEM.I_SYNC_FIFOGEN_FIFO/xpm_fifo_base_inst/gen_sdpram.xpm_memory_base_inst/gen_wr_a.gen_word_narrow.mem_reg_1/CLKBWRCLK
Min Period        n/a     RAMB18E2/CLKARDCLK  n/a            1.355         13.333      11.978     RAMB18_X1Y50  system_i/axi_dma_0/U0/I_PRMRY_DATAMOVER/GEN_MM2S_FULL.I_MM2S_FULL_WRAPPER/GEN_INCLUDE_MM2S_SF.I_RD_SF/I_DATA_FIFO/BLK_MEM.I_SYNC_FIFOGEN_FIFO/xpm_fifo_base_inst/gen_sdpram.xpm_memory_base_inst/gen_wr_a.gen_word_narrow.mem_reg_2/CLKARDCLK
Min Period        n/a     RAMB18E2/CLKBWRCLK  n/a            1.355         13.333      11.978     RAMB18_X1Y50  system_i/axi_dma_0/U0/I_PRMRY_DATAMOVER/GEN_MM2S_FULL.I_MM2S_FULL_WRAPPER/GEN_INCLUDE_MM2S_SF.I_RD_SF/I_DATA_FIFO/BLK_MEM.I_SYNC_FIFOGEN_FIFO/xpm_fifo_base_inst/gen_sdpram.xpm_memory_base_inst/gen_wr_a.gen_word_narrow.mem_reg_2/CLKBWRCLK
Min Period        n/a     RAMB36E2/CLKARDCLK  n/a            1.355         13.333      11.978     RAMB36_X2Y20  system_i/axi_dma_0/U0/I_PRMRY_DATAMOVER/GEN_S2MM_FULL.I_S2MM_FULL_WRAPPER/GEN_ENABLE_INDET_BTT_SF.I_INDET_BTT/I_DATA_FIFO/BLK_MEM.I_SYNC_FIFOGEN_FIFO/xpm_fifo_base_inst/gen_sdpram.xpm_memory_base_inst/gen_wr_a.gen_word_narrow.mem_reg_0/CLKARDCLK
Low Pulse Width   Slow    PS8/MAXIGP0ACLK     n/a            1.500         6.667       5.167      PS8_X0Y0      system_i/zynq_ultra_ps_e_0/inst/PS8_i/MAXIGP0ACLK
Low Pulse Width   Fast    PS8/MAXIGP0ACLK     n/a            1.500         6.667       5.167      PS8_X0Y0      system_i/zynq_ultra_ps_e_0/inst/PS8_i/MAXIGP0ACLK
Low Pulse Width   Slow    PS8/SAXIGP2RCLK     n/a            1.500         6.667       5.167      PS8_X0Y0      system_i/zynq_ultra_ps_e_0/inst/PS8_i/SAXIGP2RCLK
Low Pulse Width   Fast    PS8/SAXIGP2RCLK     n/a            1.500         6.667       5.167      PS8_X0Y0      system_i/zynq_ultra_ps_e_0/inst/PS8_i/SAXIGP2RCLK
Low Pulse Width   Slow    PS8/SAXIGP2WCLK     n/a            1.500         6.667       5.167      PS8_X0Y0      system_i/zynq_ultra_ps_e_0/inst/PS8_i/SAXIGP2WCLK
Low Pulse Width   Fast    PS8/SAXIGP2WCLK     n/a            1.500         6.667       5.167      PS8_X0Y0      system_i/zynq_ultra_ps_e_0/inst/PS8_i/SAXIGP2WCLK
Low Pulse Width   Slow    RAMB36E2/CLKARDCLK  n/a            0.542         6.666       6.125      RAMB36_X1Y24  system_i/axi_dma_0/U0/I_PRMRY_DATAMOVER/GEN_MM2S_FULL.I_MM2S_FULL_WRAPPER/GEN_INCLUDE_MM2S_SF.I_RD_SF/I_DATA_FIFO/BLK_MEM.I_SYNC_FIFOGEN_FIFO/xpm_fifo_base_inst/gen_sdpram.xpm_memory_base_inst/gen_wr_a.gen_word_narrow.mem_reg_0/CLKARDCLK
Low Pulse Width   Fast    RAMB36E2/CLKARDCLK  n/a            0.542         6.667       6.125      RAMB36_X1Y24  system_i/axi_dma_0/U0/I_PRMRY_DATAMOVER/GEN_MM2S_FULL.I_MM2S_FULL_WRAPPER/GEN_INCLUDE_MM2S_SF.I_RD_SF/I_DATA_FIFO/BLK_MEM.I_SYNC_FIFOGEN_FIFO/xpm_fifo_base_inst/gen_sdpram.xpm_memory_base_inst/gen_wr_a.gen_word_narrow.mem_reg_0/CLKARDCLK
Low Pulse Width   Slow    RAMB36E2/CLKBWRCLK  n/a            0.542         6.667       6.125      RAMB36_X1Y24  system_i/axi_dma_0/U0/I_PRMRY_DATAMOVER/GEN_MM2S_FULL.I_MM2S_FULL_WRAPPER/GEN_INCLUDE_MM2S_SF.I_RD_SF/I_DATA_FIFO/BLK_MEM.I_SYNC_FIFOGEN_FIFO/xpm_fifo_base_inst/gen_sdpram.xpm_memory_base_inst/gen_wr_a.gen_word_narrow.mem_reg_0/CLKBWRCLK
Low Pulse Width   Fast    RAMB36E2/CLKBWRCLK  n/a            0.542         6.667       6.125      RAMB36_X1Y24  system_i/axi_dma_0/U0/I_PRMRY_DATAMOVER/GEN_MM2S_FULL.I_MM2S_FULL_WRAPPER/GEN_INCLUDE_MM2S_SF.I_RD_SF/I_DATA_FIFO/BLK_MEM.I_SYNC_FIFOGEN_FIFO/xpm_fifo_base_inst/gen_sdpram.xpm_memory_base_inst/gen_wr_a.gen_word_narrow.mem_reg_0/CLKBWRCLK
High Pulse Width  Slow    PS8/MAXIGP0ACLK     n/a            1.500         6.666       5.166      PS8_X0Y0      system_i/zynq_ultra_ps_e_0/inst/PS8_i/MAXIGP0ACLK
High Pulse Width  Fast    PS8/MAXIGP0ACLK     n/a            1.500         6.667       5.167      PS8_X0Y0      system_i/zynq_ultra_ps_e_0/inst/PS8_i/MAXIGP0ACLK
High Pulse Width  Slow    PS8/SAXIGP2RCLK     n/a            1.500         6.667       5.167      PS8_X0Y0      system_i/zynq_ultra_ps_e_0/inst/PS8_i/SAXIGP2RCLK
High Pulse Width  Fast    PS8/SAXIGP2RCLK     n/a            1.500         6.666       5.166      PS8_X0Y0      system_i/zynq_ultra_ps_e_0/inst/PS8_i/SAXIGP2RCLK
High Pulse Width  Slow    PS8/SAXIGP2WCLK     n/a            1.500         6.667       5.167      PS8_X0Y0      system_i/zynq_ultra_ps_e_0/inst/PS8_i/SAXIGP2WCLK
High Pulse Width  Fast    PS8/SAXIGP2WCLK     n/a            1.500         6.666       5.166      PS8_X0Y0      system_i/zynq_ultra_ps_e_0/inst/PS8_i/SAXIGP2WCLK
High Pulse Width  Slow    RAMB36E2/CLKARDCLK  n/a            0.542         6.667       6.125      RAMB36_X1Y24  system_i/axi_dma_0/U0/I_PRMRY_DATAMOVER/GEN_MM2S_FULL.I_MM2S_FULL_WRAPPER/GEN_INCLUDE_MM2S_SF.I_RD_SF/I_DATA_FIFO/BLK_MEM.I_SYNC_FIFOGEN_FIFO/xpm_fifo_base_inst/gen_sdpram.xpm_memory_base_inst/gen_wr_a.gen_word_narrow.mem_reg_0/CLKARDCLK
High Pulse Width  Fast    RAMB36E2/CLKARDCLK  n/a            0.542         6.667       6.125      RAMB36_X1Y24  system_i/axi_dma_0/U0/I_PRMRY_DATAMOVER/GEN_MM2S_FULL.I_MM2S_FULL_WRAPPER/GEN_INCLUDE_MM2S_SF.I_RD_SF/I_DATA_FIFO/BLK_MEM.I_SYNC_FIFOGEN_FIFO/xpm_fifo_base_inst/gen_sdpram.xpm_memory_base_inst/gen_wr_a.gen_word_narrow.mem_reg_0/CLKARDCLK
High Pulse Width  Slow    RAMB36E2/CLKBWRCLK  n/a            0.542         6.667       6.125      RAMB36_X1Y24  system_i/axi_dma_0/U0/I_PRMRY_DATAMOVER/GEN_MM2S_FULL.I_MM2S_FULL_WRAPPER/GEN_INCLUDE_MM2S_SF.I_RD_SF/I_DATA_FIFO/BLK_MEM.I_SYNC_FIFOGEN_FIFO/xpm_fifo_base_inst/gen_sdpram.xpm_memory_base_inst/gen_wr_a.gen_word_narrow.mem_reg_0/CLKBWRCLK
High Pulse Width  Fast    RAMB36E2/CLKBWRCLK  n/a            0.542         6.667       6.125      RAMB36_X1Y24  system_i/axi_dma_0/U0/I_PRMRY_DATAMOVER/GEN_MM2S_FULL.I_MM2S_FULL_WRAPPER/GEN_INCLUDE_MM2S_SF.I_RD_SF/I_DATA_FIFO/BLK_MEM.I_SYNC_FIFOGEN_FIFO/xpm_fifo_base_inst/gen_sdpram.xpm_memory_base_inst/gen_wr_a.gen_word_narrow.mem_reg_0/CLKBWRCLK



---------------------------------------------------------------------------------------------------
Path Group:  **async_default**
From Clock:  clk_pl_0
  To Clock:  clk_pl_0

Setup :            0  Failing Endpoints,  Worst Slack        9.147ns,  Total Violation        0.000ns
Hold  :            0  Failing Endpoints,  Worst Slack        1.763ns,  Total Violation        0.000ns
---------------------------------------------------------------------------------------------------


Max Delay Paths
--------------------------------------------------------------------------------------
Slack (MET) :             9.147ns  (required time - arrival time)
  Source:                 system_i/proc_sys_reset_0/U0/ACTIVE_LOW_PR_OUT_DFF[0].FDRE_PER_N/C
                            (rising edge-triggered cell FDRE clocked by clk_pl_0  {rise@0.000ns fall@6.667ns period=13.333ns})
  Destination:            system_i/aes_ctr_axis_0/inst/u_aes/valid0_reg/CLR
                            (recovery check against rising-edge clock clk_pl_0  {rise@0.000ns fall@6.667ns period=13.333ns})
  Path Group:             **async_default**
  Path Type:              Recovery (Max at Slow Process Corner)
  Requirement:            13.333ns  (clk_pl_0 rise@13.333ns - clk_pl_0 rise@0.000ns)
  Data Path Delay:        3.775ns  (logic 0.197ns (5.218%)  route 3.578ns (94.782%))
  Logic Levels:           2  (BUFGCE=1 LUT2=1)
  Clock Path Skew:        -0.203ns (DCD - SCD + CPR)
    Destination Clock Delay (DCD):    1.743ns = ( 15.076 - 13.333 ) 
    Source Clock Delay      (SCD):    2.051ns
    Clock Pessimism Removal (CPR):    0.105ns
  Clock Uncertainty:      0.141ns  ((TSJ^2 + DJ^2)^1/2) / 2 + PE
    Total System Jitter     (TSJ):    0.071ns
    Discrete Jitter          (DJ):    0.273ns
    Phase Error              (PE):    0.000ns
  Clock Net Delay (Source):      1.843ns (routing 0.569ns, distribution 1.274ns)
  Clock Net Delay (Destination): 1.575ns (routing 0.512ns, distribution 1.063ns)

    Location             Delay type                Incr(ns)  Path(ns)    Netlist Resource(s)
  -------------------------------------------------------------------    -------------------
                         (clock clk_pl_0 rise edge)
                                                      0.000     0.000 r  <hidden>
    PS8_X0Y0             PS8                          0.000     0.000 r  system_i/zynq_ultra_ps_e_0/inst/PS8_i/PLCLK[0]
                         net (fo=1, routed)           0.180     0.180    system_i/zynq_ultra_ps_e_0/inst/pl_clk_unbuffered[0]
    BUFG_PS_X0Y80        BUFG_PS (Prop_BUFG_PS_I_O)
                                                      0.028     0.208 r  system_i/zynq_ultra_ps_e_0/inst/buffer_pl_clk_0.PL_CLK_0_BUFG/O
    X1Y2 (CLOCK_ROOT)    net (fo=12466, routed)       1.843     2.051    system_i/proc_sys_reset_0/U0/slowest_sync_clk
    SLICE_X51Y251        FDRE                                         r  system_i/proc_sys_reset_0/U0/ACTIVE_LOW_PR_OUT_DFF[0].FDRE_PER_N/C
  -------------------------------------------------------------------    -------------------
    SLICE_X51Y251        FDRE (Prop_EFF_SLICEL_C_Q)
                                                      0.079     2.130 r  system_i/proc_sys_reset_0/U0/ACTIVE_LOW_PR_OUT_DFF[0].FDRE_PER_N/Q
                         net (fo=473, routed)         0.971     3.101    system_i/aes_ctr_axis_0/inst/u_aes/aresetn
    SLICE_X47Y263        LUT2 (Prop_H6LUT_SLICEM_I1_O)
                                                      0.090     3.191 f  system_i/aes_ctr_axis_0/inst/u_aes/output_data[127]_i_1/O
                         net (fo=1, routed)           1.301     4.492    system_i/aes_ctr_axis_0/inst/u_aes/AR[0]_bufg_place
    BUFGCE_X1Y98         BUFGCE (Prop_BUFCE_BUFGCE_I_O)
                                                      0.028     4.520 f  system_i/aes_ctr_axis_0/inst/u_aes/output_data[127]_i_1_bufg_place/O
                         net (fo=1711, routed)        1.306     5.826    system_i/aes_ctr_axis_0/inst/u_aes/AR[0]
    SLICE_X48Y226        FDCE                                         f  system_i/aes_ctr_axis_0/inst/u_aes/valid0_reg/CLR
  -------------------------------------------------------------------    -------------------

                         (clock clk_pl_0 rise edge)
                                                     13.333    13.333 r  <hidden>
    PS8_X0Y0             PS8                          0.000    13.333 r  system_i/zynq_ultra_ps_e_0/inst/PS8_i/PLCLK[0]
                         net (fo=1, routed)           0.143    13.476    system_i/zynq_ultra_ps_e_0/inst/pl_clk_unbuffered[0]
    BUFG_PS_X0Y80        BUFG_PS (Prop_BUFG_PS_I_O)
                                                      0.025    13.501 r  system_i/zynq_ultra_ps_e_0/inst/buffer_pl_clk_0.PL_CLK_0_BUFG/O
    X1Y2 (CLOCK_ROOT)    net (fo=12466, routed)       1.575    15.076    system_i/aes_ctr_axis_0/inst/u_aes/aclk
    SLICE_X48Y226        FDCE                                         r  system_i/aes_ctr_axis_0/inst/u_aes/valid0_reg/C
                         clock pessimism              0.105    15.181    <hidden>
                         clock uncertainty           -0.141    15.040    <hidden>
    SLICE_X48Y226        FDCE (Recov_AFF_SLICEL_C_CLR)
                                                     -0.066    14.974    system_i/aes_ctr_axis_0/inst/u_aes/valid0_reg
  -------------------------------------------------------------------
                         required time                         14.974    <hidden>
                         arrival time                          -5.826    <hidden>
  -------------------------------------------------------------------
                         slack                                  9.147    <hidden>

Slack (MET) :             9.147ns  (required time - arrival time)
  Source:                 system_i/proc_sys_reset_0/U0/ACTIVE_LOW_PR_OUT_DFF[0].FDRE_PER_N/C
                            (rising edge-triggered cell FDRE clocked by clk_pl_0  {rise@0.000ns fall@6.667ns period=13.333ns})
  Destination:            system_i/aes_ctr_axis_0/inst/u_aes/valid1_reg/CLR
                            (recovery check against rising-edge clock clk_pl_0  {rise@0.000ns fall@6.667ns period=13.333ns})
  Path Group:             **async_default**
  Path Type:              Recovery (Max at Slow Process Corner)
  Requirement:            13.333ns  (clk_pl_0 rise@13.333ns - clk_pl_0 rise@0.000ns)
  Data Path Delay:        3.775ns  (logic 0.197ns (5.218%)  route 3.578ns (94.782%))
  Logic Levels:           2  (BUFGCE=1 LUT2=1)
  Clock Path Skew:        -0.203ns (DCD - SCD + CPR)
    Destination Clock Delay (DCD):    1.743ns = ( 15.076 - 13.333 ) 
    Source Clock Delay      (SCD):    2.051ns
    Clock Pessimism Removal (CPR):    0.105ns
  Clock Uncertainty:      0.141ns  ((TSJ^2 + DJ^2)^1/2) / 2 + PE
    Total System Jitter     (TSJ):    0.071ns
    Discrete Jitter          (DJ):    0.273ns
    Phase Error              (PE):    0.000ns
  Clock Net Delay (Source):      1.843ns (routing 0.569ns, distribution 1.274ns)
  Clock Net Delay (Destination): 1.575ns (routing 0.512ns, distribution 1.063ns)

    Location             Delay type                Incr(ns)  Path(ns)    Netlist Resource(s)
  -------------------------------------------------------------------    -------------------
                         (clock clk_pl_0 rise edge)
                                                      0.000     0.000 r  <hidden>
    PS8_X0Y0             PS8                          0.000     0.000 r  system_i/zynq_ultra_ps_e_0/inst/PS8_i/PLCLK[0]
                         net (fo=1, routed)           0.180     0.180    system_i/zynq_ultra_ps_e_0/inst/pl_clk_unbuffered[0]
    BUFG_PS_X0Y80        BUFG_PS (Prop_BUFG_PS_I_O)
                                                      0.028     0.208 r  system_i/zynq_ultra_ps_e_0/inst/buffer_pl_clk_0.PL_CLK_0_BUFG/O
    X1Y2 (CLOCK_ROOT)    net (fo=12466, routed)       1.843     2.051    system_i/proc_sys_reset_0/U0/slowest_sync_clk
    SLICE_X51Y251        FDRE                                         r  system_i/proc_sys_reset_0/U0/ACTIVE_LOW_PR_OUT_DFF[0].FDRE_PER_N/C
  -------------------------------------------------------------------    -------------------
    SLICE_X51Y251        FDRE (Prop_EFF_SLICEL_C_Q)
                                                      0.079     2.130 r  system_i/proc_sys_reset_0/U0/ACTIVE_LOW_PR_OUT_DFF[0].FDRE_PER_N/Q
                         net (fo=473, routed)         0.971     3.101    system_i/aes_ctr_axis_0/inst/u_aes/aresetn
    SLICE_X47Y263        LUT2 (Prop_H6LUT_SLICEM_I1_O)
                                                      0.090     3.191 f  system_i/aes_ctr_axis_0/inst/u_aes/output_data[127]_i_1/O
                         net (fo=1, routed)           1.301     4.492    system_i/aes_ctr_axis_0/inst/u_aes/AR[0]_bufg_place
    BUFGCE_X1Y98         BUFGCE (Prop_BUFCE_BUFGCE_I_O)
                                                      0.028     4.520 f  system_i/aes_ctr_axis_0/inst/u_aes/output_data[127]_i_1_bufg_place/O
                         net (fo=1711, routed)        1.306     5.826    system_i/aes_ctr_axis_0/inst/u_aes/AR[0]
    SLICE_X48Y226        FDCE                                         f  system_i/aes_ctr_axis_0/inst/u_aes/valid1_reg/CLR
  -------------------------------------------------------------------    -------------------

                         (clock clk_pl_0 rise edge)
                                                     13.333    13.333 r  <hidden>
    PS8_X0Y0             PS8                          0.000    13.333 r  system_i/zynq_ultra_ps_e_0/inst/PS8_i/PLCLK[0]
                         net (fo=1, routed)           0.143    13.476    system_i/zynq_ultra_ps_e_0/inst/pl_clk_unbuffered[0]
    BUFG_PS_X0Y80        BUFG_PS (Prop_BUFG_PS_I_O)
                                                      0.025    13.501 r  system_i/zynq_ultra_ps_e_0/inst/buffer_pl_clk_0.PL_CLK_0_BUFG/O
    X1Y2 (CLOCK_ROOT)    net (fo=12466, routed)       1.575    15.076    system_i/aes_ctr_axis_0/inst/u_aes/aclk
    SLICE_X48Y226        FDCE                                         r  system_i/aes_ctr_axis_0/inst/u_aes/valid1_reg/C
                         clock pessimism              0.105    15.181    <hidden>
                         clock uncertainty           -0.141    15.040    <hidden>
    SLICE_X48Y226        FDCE (Recov_AFF2_SLICEL_C_CLR)
                                                     -0.066    14.974    system_i/aes_ctr_axis_0/inst/u_aes/valid1_reg
  -------------------------------------------------------------------
                         required time                         14.974    <hidden>
                         arrival time                          -5.826    <hidden>
  -------------------------------------------------------------------
                         slack                                  9.147    <hidden>

Slack (MET) :             9.147ns  (required time - arrival time)
  Source:                 system_i/proc_sys_reset_0/U0/ACTIVE_LOW_PR_OUT_DFF[0].FDRE_PER_N/C
                            (rising edge-triggered cell FDRE clocked by clk_pl_0  {rise@0.000ns fall@6.667ns period=13.333ns})
  Destination:            system_i/aes_ctr_axis_0/inst/u_aes/valid2_reg/CLR
                            (recovery check against rising-edge clock clk_pl_0  {rise@0.000ns fall@6.667ns period=13.333ns})
  Path Group:             **async_default**
  Path Type:              Recovery (Max at Slow Process Corner)
  Requirement:            13.333ns  (clk_pl_0 rise@13.333ns - clk_pl_0 rise@0.000ns)
  Data Path Delay:        3.775ns  (logic 0.197ns (5.218%)  route 3.578ns (94.782%))
  Logic Levels:           2  (BUFGCE=1 LUT2=1)
  Clock Path Skew:        -0.203ns (DCD - SCD + CPR)
    Destination Clock Delay (DCD):    1.743ns = ( 15.076 - 13.333 ) 
    Source Clock Delay      (SCD):    2.051ns
    Clock Pessimism Removal (CPR):    0.105ns
  Clock Uncertainty:      0.141ns  ((TSJ^2 + DJ^2)^1/2) / 2 + PE
    Total System Jitter     (TSJ):    0.071ns
    Discrete Jitter          (DJ):    0.273ns
    Phase Error              (PE):    0.000ns
  Clock Net Delay (Source):      1.843ns (routing 0.569ns, distribution 1.274ns)
  Clock Net Delay (Destination): 1.575ns (routing 0.512ns, distribution 1.063ns)

    Location             Delay type                Incr(ns)  Path(ns)    Netlist Resource(s)
  -------------------------------------------------------------------    -------------------
                         (clock clk_pl_0 rise edge)
                                                      0.000     0.000 r  <hidden>
    PS8_X0Y0             PS8                          0.000     0.000 r  system_i/zynq_ultra_ps_e_0/inst/PS8_i/PLCLK[0]
                         net (fo=1, routed)           0.180     0.180    system_i/zynq_ultra_ps_e_0/inst/pl_clk_unbuffered[0]
    BUFG_PS_X0Y80        BUFG_PS (Prop_BUFG_PS_I_O)
                                                      0.028     0.208 r  system_i/zynq_ultra_ps_e_0/inst/buffer_pl_clk_0.PL_CLK_0_BUFG/O
    X1Y2 (CLOCK_ROOT)    net (fo=12466, routed)       1.843     2.051    system_i/proc_sys_reset_0/U0/slowest_sync_clk
    SLICE_X51Y251        FDRE                                         r  system_i/proc_sys_reset_0/U0/ACTIVE_LOW_PR_OUT_DFF[0].FDRE_PER_N/C
  -------------------------------------------------------------------    -------------------
    SLICE_X51Y251        FDRE (Prop_EFF_SLICEL_C_Q)
                                                      0.079     2.130 r  system_i/proc_sys_reset_0/U0/ACTIVE_LOW_PR_OUT_DFF[0].FDRE_PER_N/Q
                         net (fo=473, routed)         0.971     3.101    system_i/aes_ctr_axis_0/inst/u_aes/aresetn
    SLICE_X47Y263        LUT2 (Prop_H6LUT_SLICEM_I1_O)
                                                      0.090     3.191 f  system_i/aes_ctr_axis_0/inst/u_aes/output_data[127]_i_1/O
                         net (fo=1, routed)           1.301     4.492    system_i/aes_ctr_axis_0/inst/u_aes/AR[0]_bufg_place
    BUFGCE_X1Y98         BUFGCE (Prop_BUFCE_BUFGCE_I_O)
                                                      0.028     4.520 f  system_i/aes_ctr_axis_0/inst/u_aes/output_data[127]_i_1_bufg_place/O
                         net (fo=1711, routed)        1.306     5.826    system_i/aes_ctr_axis_0/inst/u_aes/AR[0]
    SLICE_X48Y226        FDCE                                         f  system_i/aes_ctr_axis_0/inst/u_aes/valid2_reg/CLR
  -------------------------------------------------------------------    -------------------

                         (clock clk_pl_0 rise edge)
                                                     13.333    13.333 r  <hidden>
    PS8_X0Y0             PS8                          0.000    13.333 r  system_i/zynq_ultra_ps_e_0/inst/PS8_i/PLCLK[0]
                         net (fo=1, routed)           0.143    13.476    system_i/zynq_ultra_ps_e_0/inst/pl_clk_unbuffered[0]
    BUFG_PS_X0Y80        BUFG_PS (Prop_BUFG_PS_I_O)
                                                      0.025    13.501 r  system_i/zynq_ultra_ps_e_0/inst/buffer_pl_clk_0.PL_CLK_0_BUFG/O
    X1Y2 (CLOCK_ROOT)    net (fo=12466, routed)       1.575    15.076    system_i/aes_ctr_axis_0/inst/u_aes/aclk
    SLICE_X48Y226        FDCE                                         r  system_i/aes_ctr_axis_0/inst/u_aes/valid2_reg/C
                         clock pessimism              0.105    15.181    <hidden>
                         clock uncertainty           -0.141    15.040    <hidden>
    SLICE_X48Y226        FDCE (Recov_BFF_SLICEL_C_CLR)
                                                     -0.066    14.974    system_i/aes_ctr_axis_0/inst/u_aes/valid2_reg
  -------------------------------------------------------------------
                         required time                         14.974    <hidden>
                         arrival time                          -5.826    <hidden>
  -------------------------------------------------------------------
                         slack                                  9.147    <hidden>

Slack (MET) :             9.147ns  (required time - arrival time)
  Source:                 system_i/proc_sys_reset_0/U0/ACTIVE_LOW_PR_OUT_DFF[0].FDRE_PER_N/C
                            (rising edge-triggered cell FDRE clocked by clk_pl_0  {rise@0.000ns fall@6.667ns period=13.333ns})
  Destination:            system_i/aes_ctr_axis_0/inst/u_aes/valid3_reg/CLR
                            (recovery check against rising-edge clock clk_pl_0  {rise@0.000ns fall@6.667ns period=13.333ns})
  Path Group:             **async_default**
  Path Type:              Recovery (Max at Slow Process Corner)
  Requirement:            13.333ns  (clk_pl_0 rise@13.333ns - clk_pl_0 rise@0.000ns)
  Data Path Delay:        3.775ns  (logic 0.197ns (5.218%)  route 3.578ns (94.782%))
  Logic Levels:           2  (BUFGCE=1 LUT2=1)
  Clock Path Skew:        -0.203ns (DCD - SCD + CPR)
    Destination Clock Delay (DCD):    1.743ns = ( 15.076 - 13.333 ) 
    Source Clock Delay      (SCD):    2.051ns
    Clock Pessimism Removal (CPR):    0.105ns
  Clock Uncertainty:      0.141ns  ((TSJ^2 + DJ^2)^1/2) / 2 + PE
    Total System Jitter     (TSJ):    0.071ns
    Discrete Jitter          (DJ):    0.273ns
    Phase Error              (PE):    0.000ns
  Clock Net Delay (Source):      1.843ns (routing 0.569ns, distribution 1.274ns)
  Clock Net Delay (Destination): 1.575ns (routing 0.512ns, distribution 1.063ns)

    Location             Delay type                Incr(ns)  Path(ns)    Netlist Resource(s)
  -------------------------------------------------------------------    -------------------
                         (clock clk_pl_0 rise edge)
                                                      0.000     0.000 r  <hidden>
    PS8_X0Y0             PS8                          0.000     0.000 r  system_i/zynq_ultra_ps_e_0/inst/PS8_i/PLCLK[0]
                         net (fo=1, routed)           0.180     0.180    system_i/zynq_ultra_ps_e_0/inst/pl_clk_unbuffered[0]
    BUFG_PS_X0Y80        BUFG_PS (Prop_BUFG_PS_I_O)
                                                      0.028     0.208 r  system_i/zynq_ultra_ps_e_0/inst/buffer_pl_clk_0.PL_CLK_0_BUFG/O
    X1Y2 (CLOCK_ROOT)    net (fo=12466, routed)       1.843     2.051    system_i/proc_sys_reset_0/U0/slowest_sync_clk
    SLICE_X51Y251        FDRE                                         r  system_i/proc_sys_reset_0/U0/ACTIVE_LOW_PR_OUT_DFF[0].FDRE_PER_N/C
  -------------------------------------------------------------------    -------------------
    SLICE_X51Y251        FDRE (Prop_EFF_SLICEL_C_Q)
                                                      0.079     2.130 r  system_i/proc_sys_reset_0/U0/ACTIVE_LOW_PR_OUT_DFF[0].FDRE_PER_N/Q
                         net (fo=473, routed)         0.971     3.101    system_i/aes_ctr_axis_0/inst/u_aes/aresetn
    SLICE_X47Y263        LUT2 (Prop_H6LUT_SLICEM_I1_O)
                                                      0.090     3.191 f  system_i/aes_ctr_axis_0/inst/u_aes/output_data[127]_i_1/O
                         net (fo=1, routed)           1.301     4.492    system_i/aes_ctr_axis_0/inst/u_aes/AR[0]_bufg_place
    BUFGCE_X1Y98         BUFGCE (Prop_BUFCE_BUFGCE_I_O)
                                                      0.028     4.520 f  system_i/aes_ctr_axis_0/inst/u_aes/output_data[127]_i_1_bufg_place/O
                         net (fo=1711, routed)        1.306     5.826    system_i/aes_ctr_axis_0/inst/u_aes/AR[0]
    SLICE_X48Y226        FDCE                                         f  system_i/aes_ctr_axis_0/inst/u_aes/valid3_reg/CLR
  -------------------------------------------------------------------    -------------------

                         (clock clk_pl_0 rise edge)
                                                     13.333    13.333 r  <hidden>
    PS8_X0Y0             PS8                          0.000    13.333 r  system_i/zynq_ultra_ps_e_0/inst/PS8_i/PLCLK[0]
                         net (fo=1, routed)           0.143    13.476    system_i/zynq_ultra_ps_e_0/inst/pl_clk_unbuffered[0]
    BUFG_PS_X0Y80        BUFG_PS (Prop_BUFG_PS_I_O)
                                                      0.025    13.501 r  system_i/zynq_ultra_ps_e_0/inst/buffer_pl_clk_0.PL_CLK_0_BUFG/O
    X1Y2 (CLOCK_ROOT)    net (fo=12466, routed)       1.575    15.076    system_i/aes_ctr_axis_0/inst/u_aes/aclk
    SLICE_X48Y226        FDCE                                         r  system_i/aes_ctr_axis_0/inst/u_aes/valid3_reg/C
                         clock pessimism              0.105    15.181    <hidden>
                         clock uncertainty           -0.141    15.040    <hidden>
    SLICE_X48Y226        FDCE (Recov_BFF2_SLICEL_C_CLR)
                                                     -0.066    14.974    system_i/aes_ctr_axis_0/inst/u_aes/valid3_reg
  -------------------------------------------------------------------
                         required time                         14.974    <hidden>
                         arrival time                          -5.826    <hidden>
  -------------------------------------------------------------------
                         slack                                  9.147    <hidden>

Slack (MET) :             9.150ns  (required time - arrival time)
  Source:                 system_i/proc_sys_reset_0/U0/ACTIVE_LOW_PR_OUT_DFF[0].FDRE_PER_N/C
                            (rising edge-triggered cell FDRE clocked by clk_pl_0  {rise@0.000ns fall@6.667ns period=13.333ns})
  Destination:            system_i/aes_ctr_axis_0/inst/u_aes/valid4_reg/CLR
                            (recovery check against rising-edge clock clk_pl_0  {rise@0.000ns fall@6.667ns period=13.333ns})
  Path Group:             **async_default**
  Path Type:              Recovery (Max at Slow Process Corner)
  Requirement:            13.333ns  (clk_pl_0 rise@13.333ns - clk_pl_0 rise@0.000ns)
  Data Path Delay:        3.774ns  (logic 0.197ns (5.219%)  route 3.577ns (94.781%))
  Logic Levels:           2  (BUFGCE=1 LUT2=1)
  Clock Path Skew:        -0.201ns (DCD - SCD + CPR)
    Destination Clock Delay (DCD):    1.745ns = ( 15.078 - 13.333 ) 
    Source Clock Delay      (SCD):    2.051ns
    Clock Pessimism Removal (CPR):    0.105ns
  Clock Uncertainty:      0.141ns  ((TSJ^2 + DJ^2)^1/2) / 2 + PE
    Total System Jitter     (TSJ):    0.071ns
    Discrete Jitter          (DJ):    0.273ns
    Phase Error              (PE):    0.000ns
  Clock Net Delay (Source):      1.843ns (routing 0.569ns, distribution 1.274ns)
  Clock Net Delay (Destination): 1.577ns (routing 0.512ns, distribution 1.065ns)

    Location             Delay type                Incr(ns)  Path(ns)    Netlist Resource(s)
  -------------------------------------------------------------------    -------------------
                         (clock clk_pl_0 rise edge)
                                                      0.000     0.000 r  <hidden>
    PS8_X0Y0             PS8                          0.000     0.000 r  system_i/zynq_ultra_ps_e_0/inst/PS8_i/PLCLK[0]
                         net (fo=1, routed)           0.180     0.180    system_i/zynq_ultra_ps_e_0/inst/pl_clk_unbuffered[0]
    BUFG_PS_X0Y80        BUFG_PS (Prop_BUFG_PS_I_O)
                                                      0.028     0.208 r  system_i/zynq_ultra_ps_e_0/inst/buffer_pl_clk_0.PL_CLK_0_BUFG/O
    X1Y2 (CLOCK_ROOT)    net (fo=12466, routed)       1.843     2.051    system_i/proc_sys_reset_0/U0/slowest_sync_clk
    SLICE_X51Y251        FDRE                                         r  system_i/proc_sys_reset_0/U0/ACTIVE_LOW_PR_OUT_DFF[0].FDRE_PER_N/C
  -------------------------------------------------------------------    -------------------
    SLICE_X51Y251        FDRE (Prop_EFF_SLICEL_C_Q)
                                                      0.079     2.130 r  system_i/proc_sys_reset_0/U0/ACTIVE_LOW_PR_OUT_DFF[0].FDRE_PER_N/Q
                         net (fo=473, routed)         0.971     3.101    system_i/aes_ctr_axis_0/inst/u_aes/aresetn
    SLICE_X47Y263        LUT2 (Prop_H6LUT_SLICEM_I1_O)
                                                      0.090     3.191 f  system_i/aes_ctr_axis_0/inst/u_aes/output_data[127]_i_1/O
                         net (fo=1, routed)           1.301     4.492    system_i/aes_ctr_axis_0/inst/u_aes/AR[0]_bufg_place
    BUFGCE_X1Y98         BUFGCE (Prop_BUFCE_BUFGCE_I_O)
                                                      0.028     4.520 f  system_i/aes_ctr_axis_0/inst/u_aes/output_data[127]_i_1_bufg_place/O
                         net (fo=1711, routed)        1.305     5.825    system_i/aes_ctr_axis_0/inst/u_aes/AR[0]
    SLICE_X48Y226        FDCE                                         f  system_i/aes_ctr_axis_0/inst/u_aes/valid4_reg/CLR
  -------------------------------------------------------------------    -------------------

                         (clock clk_pl_0 rise edge)
                                                     13.333    13.333 r  <hidden>
    PS8_X0Y0             PS8                          0.000    13.333 r  system_i/zynq_ultra_ps_e_0/inst/PS8_i/PLCLK[0]
                         net (fo=1, routed)           0.143    13.476    system_i/zynq_ultra_ps_e_0/inst/pl_clk_unbuffered[0]
    BUFG_PS_X0Y80        BUFG_PS (Prop_BUFG_PS_I_O)
                                                      0.025    13.501 r  system_i/zynq_ultra_ps_e_0/inst/buffer_pl_clk_0.PL_CLK_0_BUFG/O
    X1Y2 (CLOCK_ROOT)    net (fo=12466, routed)       1.577    15.078    system_i/aes_ctr_axis_0/inst/u_aes/aclk
    SLICE_X48Y226        FDCE                                         r  system_i/aes_ctr_axis_0/inst/u_aes/valid4_reg/C
                         clock pessimism              0.105    15.183    <hidden>
                         clock uncertainty           -0.141    15.042    <hidden>
    SLICE_X48Y226        FDCE (Recov_EFF_SLICEL_C_CLR)
                                                     -0.066    14.976    system_i/aes_ctr_axis_0/inst/u_aes/valid4_reg
  -------------------------------------------------------------------
                         required time                         14.976    <hidden>
                         arrival time                          -5.825    <hidden>
  -------------------------------------------------------------------
                         slack                                  9.150    <hidden>

Slack (MET) :             9.150ns  (required time - arrival time)
  Source:                 system_i/proc_sys_reset_0/U0/ACTIVE_LOW_PR_OUT_DFF[0].FDRE_PER_N/C
                            (rising edge-triggered cell FDRE clocked by clk_pl_0  {rise@0.000ns fall@6.667ns period=13.333ns})
  Destination:            system_i/aes_ctr_axis_0/inst/u_aes/valid5_reg/CLR
                            (recovery check against rising-edge clock clk_pl_0  {rise@0.000ns fall@6.667ns period=13.333ns})
  Path Group:             **async_default**
  Path Type:              Recovery (Max at Slow Process Corner)
  Requirement:            13.333ns  (clk_pl_0 rise@13.333ns - clk_pl_0 rise@0.000ns)
  Data Path Delay:        3.774ns  (logic 0.197ns (5.219%)  route 3.577ns (94.781%))
  Logic Levels:           2  (BUFGCE=1 LUT2=1)
  Clock Path Skew:        -0.201ns (DCD - SCD + CPR)
    Destination Clock Delay (DCD):    1.745ns = ( 15.078 - 13.333 ) 
    Source Clock Delay      (SCD):    2.051ns
    Clock Pessimism Removal (CPR):    0.105ns
  Clock Uncertainty:      0.141ns  ((TSJ^2 + DJ^2)^1/2) / 2 + PE
    Total System Jitter     (TSJ):    0.071ns
    Discrete Jitter          (DJ):    0.273ns
    Phase Error              (PE):    0.000ns
  Clock Net Delay (Source):      1.843ns (routing 0.569ns, distribution 1.274ns)
  Clock Net Delay (Destination): 1.577ns (routing 0.512ns, distribution 1.065ns)

    Location             Delay type                Incr(ns)  Path(ns)    Netlist Resource(s)
  -------------------------------------------------------------------    -------------------
                         (clock clk_pl_0 rise edge)
                                                      0.000     0.000 r  <hidden>
    PS8_X0Y0             PS8                          0.000     0.000 r  system_i/zynq_ultra_ps_e_0/inst/PS8_i/PLCLK[0]
                         net (fo=1, routed)           0.180     0.180    system_i/zynq_ultra_ps_e_0/inst/pl_clk_unbuffered[0]
    BUFG_PS_X0Y80        BUFG_PS (Prop_BUFG_PS_I_O)
                                                      0.028     0.208 r  system_i/zynq_ultra_ps_e_0/inst/buffer_pl_clk_0.PL_CLK_0_BUFG/O
    X1Y2 (CLOCK_ROOT)    net (fo=12466, routed)       1.843     2.051    system_i/proc_sys_reset_0/U0/slowest_sync_clk
    SLICE_X51Y251        FDRE                                         r  system_i/proc_sys_reset_0/U0/ACTIVE_LOW_PR_OUT_DFF[0].FDRE_PER_N/C
  -------------------------------------------------------------------    -------------------
    SLICE_X51Y251        FDRE (Prop_EFF_SLICEL_C_Q)
                                                      0.079     2.130 r  system_i/proc_sys_reset_0/U0/ACTIVE_LOW_PR_OUT_DFF[0].FDRE_PER_N/Q
                         net (fo=473, routed)         0.971     3.101    system_i/aes_ctr_axis_0/inst/u_aes/aresetn
    SLICE_X47Y263        LUT2 (Prop_H6LUT_SLICEM_I1_O)
                                                      0.090     3.191 f  system_i/aes_ctr_axis_0/inst/u_aes/output_data[127]_i_1/O
                         net (fo=1, routed)           1.301     4.492    system_i/aes_ctr_axis_0/inst/u_aes/AR[0]_bufg_place
    BUFGCE_X1Y98         BUFGCE (Prop_BUFCE_BUFGCE_I_O)
                                                      0.028     4.520 f  system_i/aes_ctr_axis_0/inst/u_aes/output_data[127]_i_1_bufg_place/O
                         net (fo=1711, routed)        1.305     5.825    system_i/aes_ctr_axis_0/inst/u_aes/AR[0]
    SLICE_X48Y226        FDCE                                         f  system_i/aes_ctr_axis_0/inst/u_aes/valid5_reg/CLR
  -------------------------------------------------------------------    -------------------

                         (clock clk_pl_0 rise edge)
                                                     13.333    13.333 r  <hidden>
    PS8_X0Y0             PS8                          0.000    13.333 r  system_i/zynq_ultra_ps_e_0/inst/PS8_i/PLCLK[0]
                         net (fo=1, routed)           0.143    13.476    system_i/zynq_ultra_ps_e_0/inst/pl_clk_unbuffered[0]
    BUFG_PS_X0Y80        BUFG_PS (Prop_BUFG_PS_I_O)
                                                      0.025    13.501 r  system_i/zynq_ultra_ps_e_0/inst/buffer_pl_clk_0.PL_CLK_0_BUFG/O
    X1Y2 (CLOCK_ROOT)    net (fo=12466, routed)       1.577    15.078    system_i/aes_ctr_axis_0/inst/u_aes/aclk
    SLICE_X48Y226        FDCE                                         r  system_i/aes_ctr_axis_0/inst/u_aes/valid5_reg/C
                         clock pessimism              0.105    15.183    <hidden>
                         clock uncertainty           -0.141    15.042    <hidden>
    SLICE_X48Y226        FDCE (Recov_EFF2_SLICEL_C_CLR)
                                                     -0.066    14.976    system_i/aes_ctr_axis_0/inst/u_aes/valid5_reg
  -------------------------------------------------------------------
                         required time                         14.976    <hidden>
                         arrival time                          -5.825    <hidden>
  -------------------------------------------------------------------
                         slack                                  9.150    <hidden>

Slack (MET) :             9.150ns  (required time - arrival time)
  Source:                 system_i/proc_sys_reset_0/U0/ACTIVE_LOW_PR_OUT_DFF[0].FDRE_PER_N/C
                            (rising edge-triggered cell FDRE clocked by clk_pl_0  {rise@0.000ns fall@6.667ns period=13.333ns})
  Destination:            system_i/aes_ctr_axis_0/inst/u_aes/valid6_reg/CLR
                            (recovery check against rising-edge clock clk_pl_0  {rise@0.000ns fall@6.667ns period=13.333ns})
  Path Group:             **async_default**
  Path Type:              Recovery (Max at Slow Process Corner)
  Requirement:            13.333ns  (clk_pl_0 rise@13.333ns - clk_pl_0 rise@0.000ns)
  Data Path Delay:        3.774ns  (logic 0.197ns (5.219%)  route 3.577ns (94.781%))
  Logic Levels:           2  (BUFGCE=1 LUT2=1)
  Clock Path Skew:        -0.201ns (DCD - SCD + CPR)
    Destination Clock Delay (DCD):    1.745ns = ( 15.078 - 13.333 ) 
    Source Clock Delay      (SCD):    2.051ns
    Clock Pessimism Removal (CPR):    0.105ns
  Clock Uncertainty:      0.141ns  ((TSJ^2 + DJ^2)^1/2) / 2 + PE
    Total System Jitter     (TSJ):    0.071ns
    Discrete Jitter          (DJ):    0.273ns
    Phase Error              (PE):    0.000ns
  Clock Net Delay (Source):      1.843ns (routing 0.569ns, distribution 1.274ns)
  Clock Net Delay (Destination): 1.577ns (routing 0.512ns, distribution 1.065ns)

    Location             Delay type                Incr(ns)  Path(ns)    Netlist Resource(s)
  -------------------------------------------------------------------    -------------------
                         (clock clk_pl_0 rise edge)
                                                      0.000     0.000 r  <hidden>
    PS8_X0Y0             PS8                          0.000     0.000 r  system_i/zynq_ultra_ps_e_0/inst/PS8_i/PLCLK[0]
                         net (fo=1, routed)           0.180     0.180    system_i/zynq_ultra_ps_e_0/inst/pl_clk_unbuffered[0]
    BUFG_PS_X0Y80        BUFG_PS (Prop_BUFG_PS_I_O)
                                                      0.028     0.208 r  system_i/zynq_ultra_ps_e_0/inst/buffer_pl_clk_0.PL_CLK_0_BUFG/O
    X1Y2 (CLOCK_ROOT)    net (fo=12466, routed)       1.843     2.051    system_i/proc_sys_reset_0/U0/slowest_sync_clk
    SLICE_X51Y251        FDRE                                         r  system_i/proc_sys_reset_0/U0/ACTIVE_LOW_PR_OUT_DFF[0].FDRE_PER_N/C
  -------------------------------------------------------------------    -------------------
    SLICE_X51Y251        FDRE (Prop_EFF_SLICEL_C_Q)
                                                      0.079     2.130 r  system_i/proc_sys_reset_0/U0/ACTIVE_LOW_PR_OUT_DFF[0].FDRE_PER_N/Q
                         net (fo=473, routed)         0.971     3.101    system_i/aes_ctr_axis_0/inst/u_aes/aresetn
    SLICE_X47Y263        LUT2 (Prop_H6LUT_SLICEM_I1_O)
                                                      0.090     3.191 f  system_i/aes_ctr_axis_0/inst/u_aes/output_data[127]_i_1/O
                         net (fo=1, routed)           1.301     4.492    system_i/aes_ctr_axis_0/inst/u_aes/AR[0]_bufg_place
    BUFGCE_X1Y98         BUFGCE (Prop_BUFCE_BUFGCE_I_O)
                                                      0.028     4.520 f  system_i/aes_ctr_axis_0/inst/u_aes/output_data[127]_i_1_bufg_place/O
                         net (fo=1711, routed)        1.305     5.825    system_i/aes_ctr_axis_0/inst/u_aes/AR[0]
    SLICE_X48Y226        FDCE                                         f  system_i/aes_ctr_axis_0/inst/u_aes/valid6_reg/CLR
  -------------------------------------------------------------------    -------------------

                         (clock clk_pl_0 rise edge)
                                                     13.333    13.333 r  <hidden>
    PS8_X0Y0             PS8                          0.000    13.333 r  system_i/zynq_ultra_ps_e_0/inst/PS8_i/PLCLK[0]
                         net (fo=1, routed)           0.143    13.476    system_i/zynq_ultra_ps_e_0/inst/pl_clk_unbuffered[0]
    BUFG_PS_X0Y80        BUFG_PS (Prop_BUFG_PS_I_O)
                                                      0.025    13.501 r  system_i/zynq_ultra_ps_e_0/inst/buffer_pl_clk_0.PL_CLK_0_BUFG/O
    X1Y2 (CLOCK_ROOT)    net (fo=12466, routed)       1.577    15.078    system_i/aes_ctr_axis_0/inst/u_aes/aclk
    SLICE_X48Y226        FDCE                                         r  system_i/aes_ctr_axis_0/inst/u_aes/valid6_reg/C
                         clock pessimism              0.105    15.183    <hidden>
                         clock uncertainty           -0.141    15.042    <hidden>
    SLICE_X48Y226        FDCE (Recov_FFF_SLICEL_C_CLR)
                                                     -0.066    14.976    system_i/aes_ctr_axis_0/inst/u_aes/valid6_reg
  -------------------------------------------------------------------
                         required time                         14.976    <hidden>
                         arrival time                          -5.825    <hidden>
  -------------------------------------------------------------------
                         slack                                  9.150    <hidden>

Slack (MET) :             9.150ns  (required time - arrival time)
  Source:                 system_i/proc_sys_reset_0/U0/ACTIVE_LOW_PR_OUT_DFF[0].FDRE_PER_N/C
                            (rising edge-triggered cell FDRE clocked by clk_pl_0  {rise@0.000ns fall@6.667ns period=13.333ns})
  Destination:            system_i/aes_ctr_axis_0/inst/u_aes/valid7_reg/CLR
                            (recovery check against rising-edge clock clk_pl_0  {rise@0.000ns fall@6.667ns period=13.333ns})
  Path Group:             **async_default**
  Path Type:              Recovery (Max at Slow Process Corner)
  Requirement:            13.333ns  (clk_pl_0 rise@13.333ns - clk_pl_0 rise@0.000ns)
  Data Path Delay:        3.774ns  (logic 0.197ns (5.219%)  route 3.577ns (94.781%))
  Logic Levels:           2  (BUFGCE=1 LUT2=1)
  Clock Path Skew:        -0.201ns (DCD - SCD + CPR)
    Destination Clock Delay (DCD):    1.745ns = ( 15.078 - 13.333 ) 
    Source Clock Delay      (SCD):    2.051ns
    Clock Pessimism Removal (CPR):    0.105ns
  Clock Uncertainty:      0.141ns  ((TSJ^2 + DJ^2)^1/2) / 2 + PE
    Total System Jitter     (TSJ):    0.071ns
    Discrete Jitter          (DJ):    0.273ns
    Phase Error              (PE):    0.000ns
  Clock Net Delay (Source):      1.843ns (routing 0.569ns, distribution 1.274ns)
  Clock Net Delay (Destination): 1.577ns (routing 0.512ns, distribution 1.065ns)

    Location             Delay type                Incr(ns)  Path(ns)    Netlist Resource(s)
  -------------------------------------------------------------------    -------------------
                         (clock clk_pl_0 rise edge)
                                                      0.000     0.000 r  <hidden>
    PS8_X0Y0             PS8                          0.000     0.000 r  system_i/zynq_ultra_ps_e_0/inst/PS8_i/PLCLK[0]
                         net (fo=1, routed)           0.180     0.180    system_i/zynq_ultra_ps_e_0/inst/pl_clk_unbuffered[0]
    BUFG_PS_X0Y80        BUFG_PS (Prop_BUFG_PS_I_O)
                                                      0.028     0.208 r  system_i/zynq_ultra_ps_e_0/inst/buffer_pl_clk_0.PL_CLK_0_BUFG/O
    X1Y2 (CLOCK_ROOT)    net (fo=12466, routed)       1.843     2.051    system_i/proc_sys_reset_0/U0/slowest_sync_clk
    SLICE_X51Y251        FDRE                                         r  system_i/proc_sys_reset_0/U0/ACTIVE_LOW_PR_OUT_DFF[0].FDRE_PER_N/C
  -------------------------------------------------------------------    -------------------
    SLICE_X51Y251        FDRE (Prop_EFF_SLICEL_C_Q)
                                                      0.079     2.130 r  system_i/proc_sys_reset_0/U0/ACTIVE_LOW_PR_OUT_DFF[0].FDRE_PER_N/Q
                         net (fo=473, routed)         0.971     3.101    system_i/aes_ctr_axis_0/inst/u_aes/aresetn
    SLICE_X47Y263        LUT2 (Prop_H6LUT_SLICEM_I1_O)
                                                      0.090     3.191 f  system_i/aes_ctr_axis_0/inst/u_aes/output_data[127]_i_1/O
                         net (fo=1, routed)           1.301     4.492    system_i/aes_ctr_axis_0/inst/u_aes/AR[0]_bufg_place
    BUFGCE_X1Y98         BUFGCE (Prop_BUFCE_BUFGCE_I_O)
                                                      0.028     4.520 f  system_i/aes_ctr_axis_0/inst/u_aes/output_data[127]_i_1_bufg_place/O
                         net (fo=1711, routed)        1.305     5.825    system_i/aes_ctr_axis_0/inst/u_aes/AR[0]
    SLICE_X48Y226        FDCE                                         f  system_i/aes_ctr_axis_0/inst/u_aes/valid7_reg/CLR
  -------------------------------------------------------------------    -------------------

                         (clock clk_pl_0 rise edge)
                                                     13.333    13.333 r  <hidden>
    PS8_X0Y0             PS8                          0.000    13.333 r  system_i/zynq_ultra_ps_e_0/inst/PS8_i/PLCLK[0]
                         net (fo=1, routed)           0.143    13.476    system_i/zynq_ultra_ps_e_0/inst/pl_clk_unbuffered[0]
    BUFG_PS_X0Y80        BUFG_PS (Prop_BUFG_PS_I_O)
                                                      0.025    13.501 r  system_i/zynq_ultra_ps_e_0/inst/buffer_pl_clk_0.PL_CLK_0_BUFG/O
    X1Y2 (CLOCK_ROOT)    net (fo=12466, routed)       1.577    15.078    system_i/aes_ctr_axis_0/inst/u_aes/aclk
    SLICE_X48Y226        FDCE                                         r  system_i/aes_ctr_axis_0/inst/u_aes/valid7_reg/C
                         clock pessimism              0.105    15.183    <hidden>
                         clock uncertainty           -0.141    15.042    <hidden>
    SLICE_X48Y226        FDCE (Recov_FFF2_SLICEL_C_CLR)
                                                     -0.066    14.976    system_i/aes_ctr_axis_0/inst/u_aes/valid7_reg
  -------------------------------------------------------------------
                         required time                         14.976    <hidden>
                         arrival time                          -5.825    <hidden>
  -------------------------------------------------------------------
                         slack                                  9.150    <hidden>

Slack (MET) :             9.150ns  (required time - arrival time)
  Source:                 system_i/proc_sys_reset_0/U0/ACTIVE_LOW_PR_OUT_DFF[0].FDRE_PER_N/C
                            (rising edge-triggered cell FDRE clocked by clk_pl_0  {rise@0.000ns fall@6.667ns period=13.333ns})
  Destination:            system_i/aes_ctr_axis_0/inst/u_aes/valid8_reg/CLR
                            (recovery check against rising-edge clock clk_pl_0  {rise@0.000ns fall@6.667ns period=13.333ns})
  Path Group:             **async_default**
  Path Type:              Recovery (Max at Slow Process Corner)
  Requirement:            13.333ns  (clk_pl_0 rise@13.333ns - clk_pl_0 rise@0.000ns)
  Data Path Delay:        3.774ns  (logic 0.197ns (5.219%)  route 3.577ns (94.781%))
  Logic Levels:           2  (BUFGCE=1 LUT2=1)
  Clock Path Skew:        -0.201ns (DCD - SCD + CPR)
    Destination Clock Delay (DCD):    1.745ns = ( 15.078 - 13.333 ) 
    Source Clock Delay      (SCD):    2.051ns
    Clock Pessimism Removal (CPR):    0.105ns
  Clock Uncertainty:      0.141ns  ((TSJ^2 + DJ^2)^1/2) / 2 + PE
    Total System Jitter     (TSJ):    0.071ns
    Discrete Jitter          (DJ):    0.273ns
    Phase Error              (PE):    0.000ns
  Clock Net Delay (Source):      1.843ns (routing 0.569ns, distribution 1.274ns)
  Clock Net Delay (Destination): 1.577ns (routing 0.512ns, distribution 1.065ns)

    Location             Delay type                Incr(ns)  Path(ns)    Netlist Resource(s)
  -------------------------------------------------------------------    -------------------
                         (clock clk_pl_0 rise edge)
                                                      0.000     0.000 r  <hidden>
    PS8_X0Y0             PS8                          0.000     0.000 r  system_i/zynq_ultra_ps_e_0/inst/PS8_i/PLCLK[0]
                         net (fo=1, routed)           0.180     0.180    system_i/zynq_ultra_ps_e_0/inst/pl_clk_unbuffered[0]
    BUFG_PS_X0Y80        BUFG_PS (Prop_BUFG_PS_I_O)
                                                      0.028     0.208 r  system_i/zynq_ultra_ps_e_0/inst/buffer_pl_clk_0.PL_CLK_0_BUFG/O
    X1Y2 (CLOCK_ROOT)    net (fo=12466, routed)       1.843     2.051    system_i/proc_sys_reset_0/U0/slowest_sync_clk
    SLICE_X51Y251        FDRE                                         r  system_i/proc_sys_reset_0/U0/ACTIVE_LOW_PR_OUT_DFF[0].FDRE_PER_N/C
  -------------------------------------------------------------------    -------------------
    SLICE_X51Y251        FDRE (Prop_EFF_SLICEL_C_Q)
                                                      0.079     2.130 r  system_i/proc_sys_reset_0/U0/ACTIVE_LOW_PR_OUT_DFF[0].FDRE_PER_N/Q
                         net (fo=473, routed)         0.971     3.101    system_i/aes_ctr_axis_0/inst/u_aes/aresetn
    SLICE_X47Y263        LUT2 (Prop_H6LUT_SLICEM_I1_O)
                                                      0.090     3.191 f  system_i/aes_ctr_axis_0/inst/u_aes/output_data[127]_i_1/O
                         net (fo=1, routed)           1.301     4.492    system_i/aes_ctr_axis_0/inst/u_aes/AR[0]_bufg_place
    BUFGCE_X1Y98         BUFGCE (Prop_BUFCE_BUFGCE_I_O)
                                                      0.028     4.520 f  system_i/aes_ctr_axis_0/inst/u_aes/output_data[127]_i_1_bufg_place/O
                         net (fo=1711, routed)        1.305     5.825    system_i/aes_ctr_axis_0/inst/u_aes/AR[0]
    SLICE_X48Y226        FDCE                                         f  system_i/aes_ctr_axis_0/inst/u_aes/valid8_reg/CLR
  -------------------------------------------------------------------    -------------------

                         (clock clk_pl_0 rise edge)
                                                     13.333    13.333 r  <hidden>
    PS8_X0Y0             PS8                          0.000    13.333 r  system_i/zynq_ultra_ps_e_0/inst/PS8_i/PLCLK[0]
                         net (fo=1, routed)           0.143    13.476    system_i/zynq_ultra_ps_e_0/inst/pl_clk_unbuffered[0]
    BUFG_PS_X0Y80        BUFG_PS (Prop_BUFG_PS_I_O)
                                                      0.025    13.501 r  system_i/zynq_ultra_ps_e_0/inst/buffer_pl_clk_0.PL_CLK_0_BUFG/O
    X1Y2 (CLOCK_ROOT)    net (fo=12466, routed)       1.577    15.078    system_i/aes_ctr_axis_0/inst/u_aes/aclk
    SLICE_X48Y226        FDCE                                         r  system_i/aes_ctr_axis_0/inst/u_aes/valid8_reg/C
                         clock pessimism              0.105    15.183    <hidden>
                         clock uncertainty           -0.141    15.042    <hidden>
    SLICE_X48Y226        FDCE (Recov_GFF_SLICEL_C_CLR)
                                                     -0.066    14.976    system_i/aes_ctr_axis_0/inst/u_aes/valid8_reg
  -------------------------------------------------------------------
                         required time                         14.976    <hidden>
                         arrival time                          -5.825    <hidden>
  -------------------------------------------------------------------
                         slack                                  9.150    <hidden>

Slack (MET) :             9.156ns  (required time - arrival time)
  Source:                 system_i/proc_sys_reset_0/U0/ACTIVE_LOW_PR_OUT_DFF[0].FDRE_PER_N/C
                            (rising edge-triggered cell FDRE clocked by clk_pl_0  {rise@0.000ns fall@6.667ns period=13.333ns})
  Destination:            system_i/aes_ctr_axis_0/inst/u_aes/cipher_valid_reg/CLR
                            (recovery check against rising-edge clock clk_pl_0  {rise@0.000ns fall@6.667ns period=13.333ns})
  Path Group:             **async_default**
  Path Type:              Recovery (Max at Slow Process Corner)
  Requirement:            13.333ns  (clk_pl_0 rise@13.333ns - clk_pl_0 rise@0.000ns)
  Data Path Delay:        3.760ns  (logic 0.197ns (5.239%)  route 3.563ns (94.761%))
  Logic Levels:           2  (BUFGCE=1 LUT2=1)
  Clock Path Skew:        -0.209ns (DCD - SCD + CPR)
    Destination Clock Delay (DCD):    1.737ns = ( 15.070 - 13.333 ) 
    Source Clock Delay      (SCD):    2.051ns
    Clock Pessimism Removal (CPR):    0.105ns
  Clock Uncertainty:      0.141ns  ((TSJ^2 + DJ^2)^1/2) / 2 + PE
    Total System Jitter     (TSJ):    0.071ns
    Discrete Jitter          (DJ):    0.273ns
    Phase Error              (PE):    0.000ns
  Clock Net Delay (Source):      1.843ns (routing 0.569ns, distribution 1.274ns)
  Clock Net Delay (Destination): 1.569ns (routing 0.512ns, distribution 1.057ns)

    Location             Delay type                Incr(ns)  Path(ns)    Netlist Resource(s)
  -------------------------------------------------------------------    -------------------
                         (clock clk_pl_0 rise edge)
                                                      0.000     0.000 r  <hidden>
    PS8_X0Y0             PS8                          0.000     0.000 r  system_i/zynq_ultra_ps_e_0/inst/PS8_i/PLCLK[0]
                         net (fo=1, routed)           0.180     0.180    system_i/zynq_ultra_ps_e_0/inst/pl_clk_unbuffered[0]
    BUFG_PS_X0Y80        BUFG_PS (Prop_BUFG_PS_I_O)
                                                      0.028     0.208 r  system_i/zynq_ultra_ps_e_0/inst/buffer_pl_clk_0.PL_CLK_0_BUFG/O
    X1Y2 (CLOCK_ROOT)    net (fo=12466, routed)       1.843     2.051    system_i/proc_sys_reset_0/U0/slowest_sync_clk
    SLICE_X51Y251        FDRE                                         r  system_i/proc_sys_reset_0/U0/ACTIVE_LOW_PR_OUT_DFF[0].FDRE_PER_N/C
  -------------------------------------------------------------------    -------------------
    SLICE_X51Y251        FDRE (Prop_EFF_SLICEL_C_Q)
                                                      0.079     2.130 r  system_i/proc_sys_reset_0/U0/ACTIVE_LOW_PR_OUT_DFF[0].FDRE_PER_N/Q
                         net (fo=473, routed)         0.971     3.101    system_i/aes_ctr_axis_0/inst/u_aes/aresetn
    SLICE_X47Y263        LUT2 (Prop_H6LUT_SLICEM_I1_O)
                                                      0.090     3.191 f  system_i/aes_ctr_axis_0/inst/u_aes/output_data[127]_i_1/O
                         net (fo=1, routed)           1.301     4.492    system_i/aes_ctr_axis_0/inst/u_aes/AR[0]_bufg_place
    BUFGCE_X1Y98         BUFGCE (Prop_BUFCE_BUFGCE_I_O)
                                                      0.028     4.520 f  system_i/aes_ctr_axis_0/inst/u_aes/output_data[127]_i_1_bufg_place/O
                         net (fo=1711, routed)        1.291     5.811    system_i/aes_ctr_axis_0/inst/u_aes/AR[0]
    SLICE_X48Y222        FDCE                                         f  system_i/aes_ctr_axis_0/inst/u_aes/cipher_valid_reg/CLR
  -------------------------------------------------------------------    -------------------

                         (clock clk_pl_0 rise edge)
                                                     13.333    13.333 r  <hidden>
    PS8_X0Y0             PS8                          0.000    13.333 r  system_i/zynq_ultra_ps_e_0/inst/PS8_i/PLCLK[0]
                         net (fo=1, routed)           0.143    13.476    system_i/zynq_ultra_ps_e_0/inst/pl_clk_unbuffered[0]
    BUFG_PS_X0Y80        BUFG_PS (Prop_BUFG_PS_I_O)
                                                      0.025    13.501 r  system_i/zynq_ultra_ps_e_0/inst/buffer_pl_clk_0.PL_CLK_0_BUFG/O
    X1Y2 (CLOCK_ROOT)    net (fo=12466, routed)       1.569    15.070    system_i/aes_ctr_axis_0/inst/u_aes/aclk
    SLICE_X48Y222        FDCE                                         r  system_i/aes_ctr_axis_0/inst/u_aes/cipher_valid_reg/C
                         clock pessimism              0.105    15.175    <hidden>
                         clock uncertainty           -0.141    15.034    <hidden>
    SLICE_X48Y222        FDCE (Recov_EFF_SLICEL_C_CLR)
                                                     -0.066    14.968    system_i/aes_ctr_axis_0/inst/u_aes/cipher_valid_reg
  -------------------------------------------------------------------
                         required time                         14.968    <hidden>
                         arrival time                          -5.811    <hidden>
  -------------------------------------------------------------------
                         slack                                  9.156    <hidden>





Min Delay Paths
--------------------------------------------------------------------------------------
Slack (MET) :             1.763ns  (arrival time - required time)
  Source:                 system_i/aes_ctr_axis_0/inst/soft_reset_pulse_reg/C
                            (rising edge-triggered cell FDRE clocked by clk_pl_0  {rise@0.000ns fall@6.667ns period=13.333ns})
  Destination:            system_i/aes_ctr_axis_0/inst/u_aes/state1_reg[4]/CLR
                            (removal check against rising-edge clock clk_pl_0  {rise@0.000ns fall@6.667ns period=13.333ns})
  Path Group:             **async_default**
  Path Type:              Removal (Min at Fast Process Corner)
  Requirement:            0.000ns  (clk_pl_0 rise@0.000ns - clk_pl_0 rise@0.000ns)
  Data Path Delay:        1.904ns  (logic 0.073ns (3.835%)  route 1.831ns (96.165%))
  Logic Levels:           2  (BUFGCE=1 LUT2=1)
  Clock Path Skew:        0.161ns (DCD - SCD - CPR)
    Destination Clock Delay (DCD):    1.368ns
    Source Clock Delay      (SCD):    1.127ns
    Clock Pessimism Removal (CPR):    0.080ns
  Clock Net Delay (Source):      0.988ns (routing 0.311ns, distribution 0.677ns)
  Clock Net Delay (Destination): 1.196ns (routing 0.352ns, distribution 0.844ns)

    Location             Delay type                Incr(ns)  Path(ns)    Netlist Resource(s)
  -------------------------------------------------------------------    -------------------
                         (clock clk_pl_0 rise edge)
                                                      0.000     0.000 r  <hidden>
    PS8_X0Y0             PS8                          0.000     0.000 r  system_i/zynq_ultra_ps_e_0/inst/PS8_i/PLCLK[0]
                         net (fo=1, routed)           0.122     0.122    system_i/zynq_ultra_ps_e_0/inst/pl_clk_unbuffered[0]
    BUFG_PS_X0Y80        BUFG_PS (Prop_BUFG_PS_I_O)
                                                      0.017     0.139 r  system_i/zynq_ultra_ps_e_0/inst/buffer_pl_clk_0.PL_CLK_0_BUFG/O
    X1Y2 (CLOCK_ROOT)    net (fo=12466, routed)       0.988     1.127    system_i/aes_ctr_axis_0/inst/aclk
    SLICE_X51Y188        FDRE                                         r  system_i/aes_ctr_axis_0/inst/soft_reset_pulse_reg/C
  -------------------------------------------------------------------    -------------------
    SLICE_X51Y188        FDRE (Prop_DFF2_SLICEL_C_Q)
                                                      0.041     1.168 f  system_i/aes_ctr_axis_0/inst/soft_reset_pulse_reg/Q
                         net (fo=132, routed)         0.450     1.618    system_i/aes_ctr_axis_0/inst/u_aes/state1_reg[0]_0
    SLICE_X47Y263        LUT2 (Prop_H6LUT_SLICEM_I0_O)
                                                      0.015     1.633 f  system_i/aes_ctr_axis_0/inst/u_aes/output_data[127]_i_1/O
                         net (fo=1, routed)           0.671     2.304    system_i/aes_ctr_axis_0/inst/u_aes/AR[0]_bufg_place
    BUFGCE_X1Y98         BUFGCE (Prop_BUFCE_BUFGCE_I_O)
                                                      0.017     2.321 f  system_i/aes_ctr_axis_0/inst/u_aes/output_data[127]_i_1_bufg_place/O
                         net (fo=1711, routed)        0.710     3.030    system_i/aes_ctr_axis_0/inst/u_aes/AR[0]
    SLICE_X40Y293        FDCE                                         f  system_i/aes_ctr_axis_0/inst/u_aes/state1_reg[4]/CLR
  -------------------------------------------------------------------    -------------------

                         (clock clk_pl_0 rise edge)
                                                      0.000     0.000 r  <hidden>
    PS8_X0Y0             PS8                          0.000     0.000 r  system_i/zynq_ultra_ps_e_0/inst/PS8_i/PLCLK[0]
                         net (fo=1, routed)           0.154     0.154    system_i/zynq_ultra_ps_e_0/inst/pl_clk_unbuffered[0]
    BUFG_PS_X0Y80        BUFG_PS (Prop_BUFG_PS_I_O)
                                                      0.018     0.172 r  system_i/zynq_ultra_ps_e_0/inst/buffer_pl_clk_0.PL_CLK_0_BUFG/O
    X1Y2 (CLOCK_ROOT)    net (fo=12466, routed)       1.196     1.368    system_i/aes_ctr_axis_0/inst/u_aes/aclk
    SLICE_X40Y293        FDCE                                         r  system_i/aes_ctr_axis_0/inst/u_aes/state1_reg[4]/C
                         clock pessimism             -0.080     1.288    <hidden>
    SLICE_X40Y293        FDCE (Remov_HFF_SLICEL_C_CLR)
                                                     -0.020     1.268    system_i/aes_ctr_axis_0/inst/u_aes/state1_reg[4]
  -------------------------------------------------------------------
                         required time                         -1.268    <hidden>
                         arrival time                           3.030    <hidden>
  -------------------------------------------------------------------
                         slack                                  1.763    <hidden>

Slack (MET) :             1.763ns  (arrival time - required time)
  Source:                 system_i/aes_ctr_axis_0/inst/soft_reset_pulse_reg/C
                            (rising edge-triggered cell FDRE clocked by clk_pl_0  {rise@0.000ns fall@6.667ns period=13.333ns})
  Destination:            system_i/aes_ctr_axis_0/inst/u_aes/state2_reg[85]/CLR
                            (removal check against rising-edge clock clk_pl_0  {rise@0.000ns fall@6.667ns period=13.333ns})
  Path Group:             **async_default**
  Path Type:              Removal (Min at Fast Process Corner)
  Requirement:            0.000ns  (clk_pl_0 rise@0.000ns - clk_pl_0 rise@0.000ns)
  Data Path Delay:        1.942ns  (logic 0.073ns (3.759%)  route 1.869ns (96.241%))
  Logic Levels:           2  (BUFGCE=1 LUT2=1)
  Clock Path Skew:        0.199ns (DCD - SCD - CPR)
    Destination Clock Delay (DCD):    1.406ns
    Source Clock Delay      (SCD):    1.127ns
    Clock Pessimism Removal (CPR):    0.080ns
  Clock Net Delay (Source):      0.988ns (routing 0.311ns, distribution 0.677ns)
  Clock Net Delay (Destination): 1.234ns (routing 0.352ns, distribution 0.882ns)

    Location             Delay type                Incr(ns)  Path(ns)    Netlist Resource(s)
  -------------------------------------------------------------------    -------------------
                         (clock clk_pl_0 rise edge)
                                                      0.000     0.000 r  <hidden>
    PS8_X0Y0             PS8                          0.000     0.000 r  system_i/zynq_ultra_ps_e_0/inst/PS8_i/PLCLK[0]
                         net (fo=1, routed)           0.122     0.122    system_i/zynq_ultra_ps_e_0/inst/pl_clk_unbuffered[0]
    BUFG_PS_X0Y80        BUFG_PS (Prop_BUFG_PS_I_O)
                                                      0.017     0.139 r  system_i/zynq_ultra_ps_e_0/inst/buffer_pl_clk_0.PL_CLK_0_BUFG/O
    X1Y2 (CLOCK_ROOT)    net (fo=12466, routed)       0.988     1.127    system_i/aes_ctr_axis_0/inst/aclk
    SLICE_X51Y188        FDRE                                         r  system_i/aes_ctr_axis_0/inst/soft_reset_pulse_reg/C
  -------------------------------------------------------------------    -------------------
    SLICE_X51Y188        FDRE (Prop_DFF2_SLICEL_C_Q)
                                                      0.041     1.168 f  system_i/aes_ctr_axis_0/inst/soft_reset_pulse_reg/Q
                         net (fo=132, routed)         0.450     1.618    system_i/aes_ctr_axis_0/inst/u_aes/state1_reg[0]_0
    SLICE_X47Y263        LUT2 (Prop_H6LUT_SLICEM_I0_O)
                                                      0.015     1.633 f  system_i/aes_ctr_axis_0/inst/u_aes/output_data[127]_i_1/O
                         net (fo=1, routed)           0.671     2.304    system_i/aes_ctr_axis_0/inst/u_aes/AR[0]_bufg_place
    BUFGCE_X1Y98         BUFGCE (Prop_BUFCE_BUFGCE_I_O)
                                                      0.017     2.321 f  system_i/aes_ctr_axis_0/inst/u_aes/output_data[127]_i_1_bufg_place/O
                         net (fo=1711, routed)        0.748     3.069    system_i/aes_ctr_axis_0/inst/u_aes/AR[0]
    SLICE_X29Y302        FDCE                                         f  system_i/aes_ctr_axis_0/inst/u_aes/state2_reg[85]/CLR
  -------------------------------------------------------------------    -------------------

                         (clock clk_pl_0 rise edge)
                                                      0.000     0.000 r  <hidden>
    PS8_X0Y0             PS8                          0.000     0.000 r  system_i/zynq_ultra_ps_e_0/inst/PS8_i/PLCLK[0]
                         net (fo=1, routed)           0.154     0.154    system_i/zynq_ultra_ps_e_0/inst/pl_clk_unbuffered[0]
    BUFG_PS_X0Y80        BUFG_PS (Prop_BUFG_PS_I_O)
                                                      0.018     0.172 r  system_i/zynq_ultra_ps_e_0/inst/buffer_pl_clk_0.PL_CLK_0_BUFG/O
    X1Y2 (CLOCK_ROOT)    net (fo=12466, routed)       1.234     1.406    system_i/aes_ctr_axis_0/inst/u_aes/aclk
    SLICE_X29Y302        FDCE                                         r  system_i/aes_ctr_axis_0/inst/u_aes/state2_reg[85]/C
                         clock pessimism             -0.080     1.326    <hidden>
    SLICE_X29Y302        FDCE (Remov_AFF2_SLICEM_C_CLR)
                                                     -0.020     1.306    system_i/aes_ctr_axis_0/inst/u_aes/state2_reg[85]
  -------------------------------------------------------------------
                         required time                         -1.306    <hidden>
                         arrival time                           3.069    <hidden>
  -------------------------------------------------------------------
                         slack                                  1.763    <hidden>

Slack (MET) :             1.764ns  (arrival time - required time)
  Source:                 system_i/aes_ctr_axis_0/inst/soft_reset_pulse_reg/C
                            (rising edge-triggered cell FDRE clocked by clk_pl_0  {rise@0.000ns fall@6.667ns period=13.333ns})
  Destination:            system_i/aes_ctr_axis_0/inst/u_aes/state5_reg[16]/CLR
                            (removal check against rising-edge clock clk_pl_0  {rise@0.000ns fall@6.667ns period=13.333ns})
  Path Group:             **async_default**
  Path Type:              Removal (Min at Fast Process Corner)
  Requirement:            0.000ns  (clk_pl_0 rise@0.000ns - clk_pl_0 rise@0.000ns)
  Data Path Delay:        1.880ns  (logic 0.073ns (3.884%)  route 1.807ns (96.116%))
  Logic Levels:           2  (BUFGCE=1 LUT2=1)
  Clock Path Skew:        0.136ns (DCD - SCD - CPR)
    Destination Clock Delay (DCD):    1.342ns
    Source Clock Delay      (SCD):    1.127ns
    Clock Pessimism Removal (CPR):    0.080ns
  Clock Net Delay (Source):      0.988ns (routing 0.311ns, distribution 0.677ns)
  Clock Net Delay (Destination): 1.170ns (routing 0.352ns, distribution 0.818ns)

    Location             Delay type                Incr(ns)  Path(ns)    Netlist Resource(s)
  -------------------------------------------------------------------    -------------------
                         (clock clk_pl_0 rise edge)
                                                      0.000     0.000 r  <hidden>
    PS8_X0Y0             PS8                          0.000     0.000 r  system_i/zynq_ultra_ps_e_0/inst/PS8_i/PLCLK[0]
                         net (fo=1, routed)           0.122     0.122    system_i/zynq_ultra_ps_e_0/inst/pl_clk_unbuffered[0]
    BUFG_PS_X0Y80        BUFG_PS (Prop_BUFG_PS_I_O)
                                                      0.017     0.139 r  system_i/zynq_ultra_ps_e_0/inst/buffer_pl_clk_0.PL_CLK_0_BUFG/O
    X1Y2 (CLOCK_ROOT)    net (fo=12466, routed)       0.988     1.127    system_i/aes_ctr_axis_0/inst/aclk
    SLICE_X51Y188        FDRE                                         r  system_i/aes_ctr_axis_0/inst/soft_reset_pulse_reg/C
  -------------------------------------------------------------------    -------------------
    SLICE_X51Y188        FDRE (Prop_DFF2_SLICEL_C_Q)
                                                      0.041     1.168 f  system_i/aes_ctr_axis_0/inst/soft_reset_pulse_reg/Q
                         net (fo=132, routed)         0.450     1.618    system_i/aes_ctr_axis_0/inst/u_aes/state1_reg[0]_0
    SLICE_X47Y263        LUT2 (Prop_H6LUT_SLICEM_I0_O)
                                                      0.015     1.633 f  system_i/aes_ctr_axis_0/inst/u_aes/output_data[127]_i_1/O
                         net (fo=1, routed)           0.671     2.304    system_i/aes_ctr_axis_0/inst/u_aes/AR[0]_bufg_place
    BUFGCE_X1Y98         BUFGCE (Prop_BUFCE_BUFGCE_I_O)
                                                      0.017     2.321 f  system_i/aes_ctr_axis_0/inst/u_aes/output_data[127]_i_1_bufg_place/O
                         net (fo=1711, routed)        0.686     3.006    system_i/aes_ctr_axis_0/inst/u_aes/AR[0]
    SLICE_X59Y300        FDCE                                         f  system_i/aes_ctr_axis_0/inst/u_aes/state5_reg[16]/CLR
  -------------------------------------------------------------------    -------------------

                         (clock clk_pl_0 rise edge)
                                                      0.000     0.000 r  <hidden>
    PS8_X0Y0             PS8                          0.000     0.000 r  system_i/zynq_ultra_ps_e_0/inst/PS8_i/PLCLK[0]
                         net (fo=1, routed)           0.154     0.154    system_i/zynq_ultra_ps_e_0/inst/pl_clk_unbuffered[0]
    BUFG_PS_X0Y80        BUFG_PS (Prop_BUFG_PS_I_O)
                                                      0.018     0.172 r  system_i/zynq_ultra_ps_e_0/inst/buffer_pl_clk_0.PL_CLK_0_BUFG/O
    X1Y2 (CLOCK_ROOT)    net (fo=12466, routed)       1.170     1.342    system_i/aes_ctr_axis_0/inst/u_aes/aclk
    SLICE_X59Y300        FDCE                                         r  system_i/aes_ctr_axis_0/inst/u_aes/state5_reg[16]/C
                         clock pessimism             -0.080     1.262    <hidden>
    SLICE_X59Y300        FDCE (Remov_HFF_SLICEL_C_CLR)
                                                     -0.020     1.242    system_i/aes_ctr_axis_0/inst/u_aes/state5_reg[16]
  -------------------------------------------------------------------
                         required time                         -1.242    <hidden>
                         arrival time                           3.006    <hidden>
  -------------------------------------------------------------------
                         slack                                  1.764    <hidden>

Slack (MET) :             1.764ns  (arrival time - required time)
  Source:                 system_i/aes_ctr_axis_0/inst/soft_reset_pulse_reg/C
                            (rising edge-triggered cell FDRE clocked by clk_pl_0  {rise@0.000ns fall@6.667ns period=13.333ns})
  Destination:            system_i/aes_ctr_axis_0/inst/u_aes/state1_reg[41]/CLR
                            (removal check against rising-edge clock clk_pl_0  {rise@0.000ns fall@6.667ns period=13.333ns})
  Path Group:             **async_default**
  Path Type:              Removal (Min at Fast Process Corner)
  Requirement:            0.000ns  (clk_pl_0 rise@0.000ns - clk_pl_0 rise@0.000ns)
  Data Path Delay:        1.901ns  (logic 0.073ns (3.840%)  route 1.828ns (96.160%))
  Logic Levels:           2  (BUFGCE=1 LUT2=1)
  Clock Path Skew:        0.157ns (DCD - SCD - CPR)
    Destination Clock Delay (DCD):    1.363ns
    Source Clock Delay      (SCD):    1.127ns
    Clock Pessimism Removal (CPR):    0.080ns
  Clock Net Delay (Source):      0.988ns (routing 0.311ns, distribution 0.677ns)
  Clock Net Delay (Destination): 1.191ns (routing 0.352ns, distribution 0.839ns)

    Location             Delay type                Incr(ns)  Path(ns)    Netlist Resource(s)
  -------------------------------------------------------------------    -------------------
                         (clock clk_pl_0 rise edge)
                                                      0.000     0.000 r  <hidden>
    PS8_X0Y0             PS8                          0.000     0.000 r  system_i/zynq_ultra_ps_e_0/inst/PS8_i/PLCLK[0]
                         net (fo=1, routed)           0.122     0.122    system_i/zynq_ultra_ps_e_0/inst/pl_clk_unbuffered[0]
    BUFG_PS_X0Y80        BUFG_PS (Prop_BUFG_PS_I_O)
                                                      0.017     0.139 r  system_i/zynq_ultra_ps_e_0/inst/buffer_pl_clk_0.PL_CLK_0_BUFG/O
    X1Y2 (CLOCK_ROOT)    net (fo=12466, routed)       0.988     1.127    system_i/aes_ctr_axis_0/inst/aclk
    SLICE_X51Y188        FDRE                                         r  system_i/aes_ctr_axis_0/inst/soft_reset_pulse_reg/C
  -------------------------------------------------------------------    -------------------
    SLICE_X51Y188        FDRE (Prop_DFF2_SLICEL_C_Q)
                                                      0.041     1.168 f  system_i/aes_ctr_axis_0/inst/soft_reset_pulse_reg/Q
                         net (fo=132, routed)         0.450     1.618    system_i/aes_ctr_axis_0/inst/u_aes/state1_reg[0]_0
    SLICE_X47Y263        LUT2 (Prop_H6LUT_SLICEM_I0_O)
                                                      0.015     1.633 f  system_i/aes_ctr_axis_0/inst/u_aes/output_data[127]_i_1/O
                         net (fo=1, routed)           0.671     2.304    system_i/aes_ctr_axis_0/inst/u_aes/AR[0]_bufg_place
    BUFGCE_X1Y98         BUFGCE (Prop_BUFCE_BUFGCE_I_O)
                                                      0.017     2.321 f  system_i/aes_ctr_axis_0/inst/u_aes/output_data[127]_i_1_bufg_place/O
                         net (fo=1711, routed)        0.707     3.028    system_i/aes_ctr_axis_0/inst/u_aes/AR[0]
    SLICE_X40Y295        FDCE                                         f  system_i/aes_ctr_axis_0/inst/u_aes/state1_reg[41]/CLR
  -------------------------------------------------------------------    -------------------

                         (clock clk_pl_0 rise edge)
                                                      0.000     0.000 r  <hidden>
    PS8_X0Y0             PS8                          0.000     0.000 r  system_i/zynq_ultra_ps_e_0/inst/PS8_i/PLCLK[0]
                         net (fo=1, routed)           0.154     0.154    system_i/zynq_ultra_ps_e_0/inst/pl_clk_unbuffered[0]
    BUFG_PS_X0Y80        BUFG_PS (Prop_BUFG_PS_I_O)
                                                      0.018     0.172 r  system_i/zynq_ultra_ps_e_0/inst/buffer_pl_clk_0.PL_CLK_0_BUFG/O
    X1Y2 (CLOCK_ROOT)    net (fo=12466, routed)       1.191     1.363    system_i/aes_ctr_axis_0/inst/u_aes/aclk
    SLICE_X40Y295        FDCE                                         r  system_i/aes_ctr_axis_0/inst/u_aes/state1_reg[41]/C
                         clock pessimism             -0.080     1.283    <hidden>
    SLICE_X40Y295        FDCE (Remov_HFF_SLICEL_C_CLR)
                                                     -0.020     1.263    system_i/aes_ctr_axis_0/inst/u_aes/state1_reg[41]
  -------------------------------------------------------------------
                         required time                         -1.263    <hidden>
                         arrival time                           3.028    <hidden>
  -------------------------------------------------------------------
                         slack                                  1.764    <hidden>

Slack (MET) :             1.765ns  (arrival time - required time)
  Source:                 system_i/aes_ctr_axis_0/inst/soft_reset_pulse_reg/C
                            (rising edge-triggered cell FDRE clocked by clk_pl_0  {rise@0.000ns fall@6.667ns period=13.333ns})
  Destination:            system_i/aes_ctr_axis_0/inst/u_aes/state2_reg[81]/CLR
                            (removal check against rising-edge clock clk_pl_0  {rise@0.000ns fall@6.667ns period=13.333ns})
  Path Group:             **async_default**
  Path Type:              Removal (Min at Fast Process Corner)
  Requirement:            0.000ns  (clk_pl_0 rise@0.000ns - clk_pl_0 rise@0.000ns)
  Data Path Delay:        1.939ns  (logic 0.073ns (3.765%)  route 1.866ns (96.235%))
  Logic Levels:           2  (BUFGCE=1 LUT2=1)
  Clock Path Skew:        0.194ns (DCD - SCD - CPR)
    Destination Clock Delay (DCD):    1.401ns
    Source Clock Delay      (SCD):    1.127ns
    Clock Pessimism Removal (CPR):    0.080ns
  Clock Net Delay (Source):      0.988ns (routing 0.311ns, distribution 0.677ns)
  Clock Net Delay (Destination): 1.229ns (routing 0.352ns, distribution 0.877ns)

    Location             Delay type                Incr(ns)  Path(ns)    Netlist Resource(s)
  -------------------------------------------------------------------    -------------------
                         (clock clk_pl_0 rise edge)
                                                      0.000     0.000 r  <hidden>
    PS8_X0Y0             PS8                          0.000     0.000 r  system_i/zynq_ultra_ps_e_0/inst/PS8_i/PLCLK[0]
                         net (fo=1, routed)           0.122     0.122    system_i/zynq_ultra_ps_e_0/inst/pl_clk_unbuffered[0]
    BUFG_PS_X0Y80        BUFG_PS (Prop_BUFG_PS_I_O)
                                                      0.017     0.139 r  system_i/zynq_ultra_ps_e_0/inst/buffer_pl_clk_0.PL_CLK_0_BUFG/O
    X1Y2 (CLOCK_ROOT)    net (fo=12466, routed)       0.988     1.127    system_i/aes_ctr_axis_0/inst/aclk
    SLICE_X51Y188        FDRE                                         r  system_i/aes_ctr_axis_0/inst/soft_reset_pulse_reg/C
  -------------------------------------------------------------------    -------------------
    SLICE_X51Y188        FDRE (Prop_DFF2_SLICEL_C_Q)
                                                      0.041     1.168 f  system_i/aes_ctr_axis_0/inst/soft_reset_pulse_reg/Q
                         net (fo=132, routed)         0.450     1.618    system_i/aes_ctr_axis_0/inst/u_aes/state1_reg[0]_0
    SLICE_X47Y263        LUT2 (Prop_H6LUT_SLICEM_I0_O)
                                                      0.015     1.633 f  system_i/aes_ctr_axis_0/inst/u_aes/output_data[127]_i_1/O
                         net (fo=1, routed)           0.671     2.304    system_i/aes_ctr_axis_0/inst/u_aes/AR[0]_bufg_place
    BUFGCE_X1Y98         BUFGCE (Prop_BUFCE_BUFGCE_I_O)
                                                      0.017     2.321 f  system_i/aes_ctr_axis_0/inst/u_aes/output_data[127]_i_1_bufg_place/O
                         net (fo=1711, routed)        0.745     3.065    system_i/aes_ctr_axis_0/inst/u_aes/AR[0]
    SLICE_X30Y300        FDCE                                         f  system_i/aes_ctr_axis_0/inst/u_aes/state2_reg[81]/CLR
  -------------------------------------------------------------------    -------------------

                         (clock clk_pl_0 rise edge)
                                                      0.000     0.000 r  <hidden>
    PS8_X0Y0             PS8                          0.000     0.000 r  system_i/zynq_ultra_ps_e_0/inst/PS8_i/PLCLK[0]
                         net (fo=1, routed)           0.154     0.154    system_i/zynq_ultra_ps_e_0/inst/pl_clk_unbuffered[0]
    BUFG_PS_X0Y80        BUFG_PS (Prop_BUFG_PS_I_O)
                                                      0.018     0.172 r  system_i/zynq_ultra_ps_e_0/inst/buffer_pl_clk_0.PL_CLK_0_BUFG/O
    X1Y2 (CLOCK_ROOT)    net (fo=12466, routed)       1.229     1.401    system_i/aes_ctr_axis_0/inst/u_aes/aclk
    SLICE_X30Y300        FDCE                                         r  system_i/aes_ctr_axis_0/inst/u_aes/state2_reg[81]/C
                         clock pessimism             -0.080     1.321    <hidden>
    SLICE_X30Y300        FDCE (Remov_AFF2_SLICEL_C_CLR)
                                                     -0.020     1.301    system_i/aes_ctr_axis_0/inst/u_aes/state2_reg[81]
  -------------------------------------------------------------------
                         required time                         -1.301    <hidden>
                         arrival time                           3.065    <hidden>
  -------------------------------------------------------------------
                         slack                                  1.765    <hidden>

Slack (MET) :             1.765ns  (arrival time - required time)
  Source:                 system_i/aes_ctr_axis_0/inst/soft_reset_pulse_reg/C
                            (rising edge-triggered cell FDRE clocked by clk_pl_0  {rise@0.000ns fall@6.667ns period=13.333ns})
  Destination:            system_i/aes_ctr_axis_0/inst/u_aes/state1_reg[53]/CLR
                            (removal check against rising-edge clock clk_pl_0  {rise@0.000ns fall@6.667ns period=13.333ns})
  Path Group:             **async_default**
  Path Type:              Removal (Min at Fast Process Corner)
  Requirement:            0.000ns  (clk_pl_0 rise@0.000ns - clk_pl_0 rise@0.000ns)
  Data Path Delay:        1.933ns  (logic 0.073ns (3.776%)  route 1.860ns (96.224%))
  Logic Levels:           2  (BUFGCE=1 LUT2=1)
  Clock Path Skew:        0.188ns (DCD - SCD - CPR)
    Destination Clock Delay (DCD):    1.395ns
    Source Clock Delay      (SCD):    1.127ns
    Clock Pessimism Removal (CPR):    0.080ns
  Clock Net Delay (Source):      0.988ns (routing 0.311ns, distribution 0.677ns)
  Clock Net Delay (Destination): 1.223ns (routing 0.352ns, distribution 0.871ns)

    Location             Delay type                Incr(ns)  Path(ns)    Netlist Resource(s)
  -------------------------------------------------------------------    -------------------
                         (clock clk_pl_0 rise edge)
                                                      0.000     0.000 r  <hidden>
    PS8_X0Y0             PS8                          0.000     0.000 r  system_i/zynq_ultra_ps_e_0/inst/PS8_i/PLCLK[0]
                         net (fo=1, routed)           0.122     0.122    system_i/zynq_ultra_ps_e_0/inst/pl_clk_unbuffered[0]
    BUFG_PS_X0Y80        BUFG_PS (Prop_BUFG_PS_I_O)
                                                      0.017     0.139 r  system_i/zynq_ultra_ps_e_0/inst/buffer_pl_clk_0.PL_CLK_0_BUFG/O
    X1Y2 (CLOCK_ROOT)    net (fo=12466, routed)       0.988     1.127    system_i/aes_ctr_axis_0/inst/aclk
    SLICE_X51Y188        FDRE                                         r  system_i/aes_ctr_axis_0/inst/soft_reset_pulse_reg/C
  -------------------------------------------------------------------    -------------------
    SLICE_X51Y188        FDRE (Prop_DFF2_SLICEL_C_Q)
                                                      0.041     1.168 f  system_i/aes_ctr_axis_0/inst/soft_reset_pulse_reg/Q
                         net (fo=132, routed)         0.450     1.618    system_i/aes_ctr_axis_0/inst/u_aes/state1_reg[0]_0
    SLICE_X47Y263        LUT2 (Prop_H6LUT_SLICEM_I0_O)
                                                      0.015     1.633 f  system_i/aes_ctr_axis_0/inst/u_aes/output_data[127]_i_1/O
                         net (fo=1, routed)           0.671     2.304    system_i/aes_ctr_axis_0/inst/u_aes/AR[0]_bufg_place
    BUFGCE_X1Y98         BUFGCE (Prop_BUFCE_BUFGCE_I_O)
                                                      0.017     2.321 f  system_i/aes_ctr_axis_0/inst/u_aes/output_data[127]_i_1_bufg_place/O
                         net (fo=1711, routed)        0.739     3.060    system_i/aes_ctr_axis_0/inst/u_aes/AR[0]
    SLICE_X35Y301        FDCE                                         f  system_i/aes_ctr_axis_0/inst/u_aes/state1_reg[53]/CLR
  -------------------------------------------------------------------    -------------------

                         (clock clk_pl_0 rise edge)
                                                      0.000     0.000 r  <hidden>
    PS8_X0Y0             PS8                          0.000     0.000 r  system_i/zynq_ultra_ps_e_0/inst/PS8_i/PLCLK[0]
                         net (fo=1, routed)           0.154     0.154    system_i/zynq_ultra_ps_e_0/inst/pl_clk_unbuffered[0]
    BUFG_PS_X0Y80        BUFG_PS (Prop_BUFG_PS_I_O)
                                                      0.018     0.172 r  system_i/zynq_ultra_ps_e_0/inst/buffer_pl_clk_0.PL_CLK_0_BUFG/O
    X1Y2 (CLOCK_ROOT)    net (fo=12466, routed)       1.223     1.395    system_i/aes_ctr_axis_0/inst/u_aes/aclk
    SLICE_X35Y301        FDCE                                         r  system_i/aes_ctr_axis_0/inst/u_aes/state1_reg[53]/C
                         clock pessimism             -0.080     1.315    <hidden>
    SLICE_X35Y301        FDCE (Remov_HFF_SLICEM_C_CLR)
                                                     -0.020     1.295    system_i/aes_ctr_axis_0/inst/u_aes/state1_reg[53]
  -------------------------------------------------------------------
                         required time                         -1.295    <hidden>
                         arrival time                           3.060    <hidden>
  -------------------------------------------------------------------
                         slack                                  1.765    <hidden>

Slack (MET) :             1.765ns  (arrival time - required time)
  Source:                 system_i/aes_ctr_axis_0/inst/soft_reset_pulse_reg/C
                            (rising edge-triggered cell FDRE clocked by clk_pl_0  {rise@0.000ns fall@6.667ns period=13.333ns})
  Destination:            system_i/aes_ctr_axis_0/inst/u_aes/state2_reg[118]/CLR
                            (removal check against rising-edge clock clk_pl_0  {rise@0.000ns fall@6.667ns period=13.333ns})
  Path Group:             **async_default**
  Path Type:              Removal (Min at Fast Process Corner)
  Requirement:            0.000ns  (clk_pl_0 rise@0.000ns - clk_pl_0 rise@0.000ns)
  Data Path Delay:        1.929ns  (logic 0.073ns (3.784%)  route 1.856ns (96.216%))
  Logic Levels:           2  (BUFGCE=1 LUT2=1)
  Clock Path Skew:        0.184ns (DCD - SCD - CPR)
    Destination Clock Delay (DCD):    1.390ns
    Source Clock Delay      (SCD):    1.127ns
    Clock Pessimism Removal (CPR):    0.080ns
  Clock Net Delay (Source):      0.988ns (routing 0.311ns, distribution 0.677ns)
  Clock Net Delay (Destination): 1.218ns (routing 0.352ns, distribution 0.866ns)

    Location             Delay type                Incr(ns)  Path(ns)    Netlist Resource(s)
  -------------------------------------------------------------------    -------------------
                         (clock clk_pl_0 rise edge)
                                                      0.000     0.000 r  <hidden>
    PS8_X0Y0             PS8                          0.000     0.000 r  system_i/zynq_ultra_ps_e_0/inst/PS8_i/PLCLK[0]
                         net (fo=1, routed)           0.122     0.122    system_i/zynq_ultra_ps_e_0/inst/pl_clk_unbuffered[0]
    BUFG_PS_X0Y80        BUFG_PS (Prop_BUFG_PS_I_O)
                                                      0.017     0.139 r  system_i/zynq_ultra_ps_e_0/inst/buffer_pl_clk_0.PL_CLK_0_BUFG/O
    X1Y2 (CLOCK_ROOT)    net (fo=12466, routed)       0.988     1.127    system_i/aes_ctr_axis_0/inst/aclk
    SLICE_X51Y188        FDRE                                         r  system_i/aes_ctr_axis_0/inst/soft_reset_pulse_reg/C
  -------------------------------------------------------------------    -------------------
    SLICE_X51Y188        FDRE (Prop_DFF2_SLICEL_C_Q)
                                                      0.041     1.168 f  system_i/aes_ctr_axis_0/inst/soft_reset_pulse_reg/Q
                         net (fo=132, routed)         0.450     1.618    system_i/aes_ctr_axis_0/inst/u_aes/state1_reg[0]_0
    SLICE_X47Y263        LUT2 (Prop_H6LUT_SLICEM_I0_O)
                                                      0.015     1.633 f  system_i/aes_ctr_axis_0/inst/u_aes/output_data[127]_i_1/O
                         net (fo=1, routed)           0.671     2.304    system_i/aes_ctr_axis_0/inst/u_aes/AR[0]_bufg_place
    BUFGCE_X1Y98         BUFGCE (Prop_BUFCE_BUFGCE_I_O)
                                                      0.017     2.321 f  system_i/aes_ctr_axis_0/inst/u_aes/output_data[127]_i_1_bufg_place/O
                         net (fo=1711, routed)        0.735     3.056    system_i/aes_ctr_axis_0/inst/u_aes/AR[0]
    SLICE_X33Y301        FDCE                                         f  system_i/aes_ctr_axis_0/inst/u_aes/state2_reg[118]/CLR
  -------------------------------------------------------------------    -------------------

                         (clock clk_pl_0 rise edge)
                                                      0.000     0.000 r  <hidden>
    PS8_X0Y0             PS8                          0.000     0.000 r  system_i/zynq_ultra_ps_e_0/inst/PS8_i/PLCLK[0]
                         net (fo=1, routed)           0.154     0.154    system_i/zynq_ultra_ps_e_0/inst/pl_clk_unbuffered[0]
    BUFG_PS_X0Y80        BUFG_PS (Prop_BUFG_PS_I_O)
                                                      0.018     0.172 r  system_i/zynq_ultra_ps_e_0/inst/buffer_pl_clk_0.PL_CLK_0_BUFG/O
    X1Y2 (CLOCK_ROOT)    net (fo=12466, routed)       1.218     1.390    system_i/aes_ctr_axis_0/inst/u_aes/aclk
    SLICE_X33Y301        FDCE                                         r  system_i/aes_ctr_axis_0/inst/u_aes/state2_reg[118]/C
                         clock pessimism             -0.080     1.310    <hidden>
    SLICE_X33Y301        FDCE (Remov_BFF_SLICEL_C_CLR)
                                                     -0.020     1.290    system_i/aes_ctr_axis_0/inst/u_aes/state2_reg[118]
  -------------------------------------------------------------------
                         required time                         -1.290    <hidden>
                         arrival time                           3.056    <hidden>
  -------------------------------------------------------------------
                         slack                                  1.765    <hidden>

Slack (MET) :             1.765ns  (arrival time - required time)
  Source:                 system_i/aes_ctr_axis_0/inst/soft_reset_pulse_reg/C
                            (rising edge-triggered cell FDRE clocked by clk_pl_0  {rise@0.000ns fall@6.667ns period=13.333ns})
  Destination:            system_i/aes_ctr_axis_0/inst/u_aes/state5_reg[0]/CLR
                            (removal check against rising-edge clock clk_pl_0  {rise@0.000ns fall@6.667ns period=13.333ns})
  Path Group:             **async_default**
  Path Type:              Removal (Min at Fast Process Corner)
  Requirement:            0.000ns  (clk_pl_0 rise@0.000ns - clk_pl_0 rise@0.000ns)
  Data Path Delay:        1.861ns  (logic 0.073ns (3.922%)  route 1.788ns (96.078%))
  Logic Levels:           2  (BUFGCE=1 LUT2=1)
  Clock Path Skew:        0.116ns (DCD - SCD - CPR)
    Destination Clock Delay (DCD):    1.322ns
    Source Clock Delay      (SCD):    1.127ns
    Clock Pessimism Removal (CPR):    0.080ns
  Clock Net Delay (Source):      0.988ns (routing 0.311ns, distribution 0.677ns)
  Clock Net Delay (Destination): 1.150ns (routing 0.352ns, distribution 0.798ns)

    Location             Delay type                Incr(ns)  Path(ns)    Netlist Resource(s)
  -------------------------------------------------------------------    -------------------
                         (clock clk_pl_0 rise edge)
                                                      0.000     0.000 r  <hidden>
    PS8_X0Y0             PS8                          0.000     0.000 r  system_i/zynq_ultra_ps_e_0/inst/PS8_i/PLCLK[0]
                         net (fo=1, routed)           0.122     0.122    system_i/zynq_ultra_ps_e_0/inst/pl_clk_unbuffered[0]
    BUFG_PS_X0Y80        BUFG_PS (Prop_BUFG_PS_I_O)
                                                      0.017     0.139 r  system_i/zynq_ultra_ps_e_0/inst/buffer_pl_clk_0.PL_CLK_0_BUFG/O
    X1Y2 (CLOCK_ROOT)    net (fo=12466, routed)       0.988     1.127    system_i/aes_ctr_axis_0/inst/aclk
    SLICE_X51Y188        FDRE                                         r  system_i/aes_ctr_axis_0/inst/soft_reset_pulse_reg/C
  -------------------------------------------------------------------    -------------------
    SLICE_X51Y188        FDRE (Prop_DFF2_SLICEL_C_Q)
                                                      0.041     1.168 f  system_i/aes_ctr_axis_0/inst/soft_reset_pulse_reg/Q
                         net (fo=132, routed)         0.450     1.618    system_i/aes_ctr_axis_0/inst/u_aes/state1_reg[0]_0
    SLICE_X47Y263        LUT2 (Prop_H6LUT_SLICEM_I0_O)
                                                      0.015     1.633 f  system_i/aes_ctr_axis_0/inst/u_aes/output_data[127]_i_1/O
                         net (fo=1, routed)           0.671     2.304    system_i/aes_ctr_axis_0/inst/u_aes/AR[0]_bufg_place
    BUFGCE_X1Y98         BUFGCE (Prop_BUFCE_BUFGCE_I_O)
                                                      0.017     2.321 f  system_i/aes_ctr_axis_0/inst/u_aes/output_data[127]_i_1_bufg_place/O
                         net (fo=1711, routed)        0.667     2.988    system_i/aes_ctr_axis_0/inst/u_aes/AR[0]
    SLICE_X60Y298        FDCE                                         f  system_i/aes_ctr_axis_0/inst/u_aes/state5_reg[0]/CLR
  -------------------------------------------------------------------    -------------------

                         (clock clk_pl_0 rise edge)
                                                      0.000     0.000 r  <hidden>
    PS8_X0Y0             PS8                          0.000     0.000 r  system_i/zynq_ultra_ps_e_0/inst/PS8_i/PLCLK[0]
                         net (fo=1, routed)           0.154     0.154    system_i/zynq_ultra_ps_e_0/inst/pl_clk_unbuffered[0]
    BUFG_PS_X0Y80        BUFG_PS (Prop_BUFG_PS_I_O)
                                                      0.018     0.172 r  system_i/zynq_ultra_ps_e_0/inst/buffer_pl_clk_0.PL_CLK_0_BUFG/O
    X1Y2 (CLOCK_ROOT)    net (fo=12466, routed)       1.150     1.322    system_i/aes_ctr_axis_0/inst/u_aes/aclk
    SLICE_X60Y298        FDCE                                         r  system_i/aes_ctr_axis_0/inst/u_aes/state5_reg[0]/C
                         clock pessimism             -0.080     1.242    <hidden>
    SLICE_X60Y298        FDCE (Remov_HFF_SLICEL_C_CLR)
                                                     -0.020     1.222    system_i/aes_ctr_axis_0/inst/u_aes/state5_reg[0]
  -------------------------------------------------------------------
                         required time                         -1.222    <hidden>
                         arrival time                           2.988    <hidden>
  -------------------------------------------------------------------
                         slack                                  1.765    <hidden>

Slack (MET) :             1.765ns  (arrival time - required time)
  Source:                 system_i/aes_ctr_axis_0/inst/soft_reset_pulse_reg/C
                            (rising edge-triggered cell FDRE clocked by clk_pl_0  {rise@0.000ns fall@6.667ns period=13.333ns})
  Destination:            system_i/aes_ctr_axis_0/inst/u_aes/state5_reg[11]/CLR
                            (removal check against rising-edge clock clk_pl_0  {rise@0.000ns fall@6.667ns period=13.333ns})
  Path Group:             **async_default**
  Path Type:              Removal (Min at Fast Process Corner)
  Requirement:            0.000ns  (clk_pl_0 rise@0.000ns - clk_pl_0 rise@0.000ns)
  Data Path Delay:        1.861ns  (logic 0.073ns (3.922%)  route 1.788ns (96.078%))
  Logic Levels:           2  (BUFGCE=1 LUT2=1)
  Clock Path Skew:        0.116ns (DCD - SCD - CPR)
    Destination Clock Delay (DCD):    1.322ns
    Source Clock Delay      (SCD):    1.127ns
    Clock Pessimism Removal (CPR):    0.080ns
  Clock Net Delay (Source):      0.988ns (routing 0.311ns, distribution 0.677ns)
  Clock Net Delay (Destination): 1.150ns (routing 0.352ns, distribution 0.798ns)

    Location             Delay type                Incr(ns)  Path(ns)    Netlist Resource(s)
  -------------------------------------------------------------------    -------------------
                         (clock clk_pl_0 rise edge)
                                                      0.000     0.000 r  <hidden>
    PS8_X0Y0             PS8                          0.000     0.000 r  system_i/zynq_ultra_ps_e_0/inst/PS8_i/PLCLK[0]
                         net (fo=1, routed)           0.122     0.122    system_i/zynq_ultra_ps_e_0/inst/pl_clk_unbuffered[0]
    BUFG_PS_X0Y80        BUFG_PS (Prop_BUFG_PS_I_O)
                                                      0.017     0.139 r  system_i/zynq_ultra_ps_e_0/inst/buffer_pl_clk_0.PL_CLK_0_BUFG/O
    X1Y2 (CLOCK_ROOT)    net (fo=12466, routed)       0.988     1.127    system_i/aes_ctr_axis_0/inst/aclk
    SLICE_X51Y188        FDRE                                         r  system_i/aes_ctr_axis_0/inst/soft_reset_pulse_reg/C
  -------------------------------------------------------------------    -------------------
    SLICE_X51Y188        FDRE (Prop_DFF2_SLICEL_C_Q)
                                                      0.041     1.168 f  system_i/aes_ctr_axis_0/inst/soft_reset_pulse_reg/Q
                         net (fo=132, routed)         0.450     1.618    system_i/aes_ctr_axis_0/inst/u_aes/state1_reg[0]_0
    SLICE_X47Y263        LUT2 (Prop_H6LUT_SLICEM_I0_O)
                                                      0.015     1.633 f  system_i/aes_ctr_axis_0/inst/u_aes/output_data[127]_i_1/O
                         net (fo=1, routed)           0.671     2.304    system_i/aes_ctr_axis_0/inst/u_aes/AR[0]_bufg_place
    BUFGCE_X1Y98         BUFGCE (Prop_BUFCE_BUFGCE_I_O)
                                                      0.017     2.321 f  system_i/aes_ctr_axis_0/inst/u_aes/output_data[127]_i_1_bufg_place/O
                         net (fo=1711, routed)        0.667     2.988    system_i/aes_ctr_axis_0/inst/u_aes/AR[0]
    SLICE_X60Y298        FDCE                                         f  system_i/aes_ctr_axis_0/inst/u_aes/state5_reg[11]/CLR
  -------------------------------------------------------------------    -------------------

                         (clock clk_pl_0 rise edge)
                                                      0.000     0.000 r  <hidden>
    PS8_X0Y0             PS8                          0.000     0.000 r  system_i/zynq_ultra_ps_e_0/inst/PS8_i/PLCLK[0]
                         net (fo=1, routed)           0.154     0.154    system_i/zynq_ultra_ps_e_0/inst/pl_clk_unbuffered[0]
    BUFG_PS_X0Y80        BUFG_PS (Prop_BUFG_PS_I_O)
                                                      0.018     0.172 r  system_i/zynq_ultra_ps_e_0/inst/buffer_pl_clk_0.PL_CLK_0_BUFG/O
    X1Y2 (CLOCK_ROOT)    net (fo=12466, routed)       1.150     1.322    system_i/aes_ctr_axis_0/inst/u_aes/aclk
    SLICE_X60Y298        FDCE                                         r  system_i/aes_ctr_axis_0/inst/u_aes/state5_reg[11]/C
                         clock pessimism             -0.080     1.242    <hidden>
    SLICE_X60Y298        FDCE (Remov_GFF_SLICEL_C_CLR)
                                                     -0.020     1.222    system_i/aes_ctr_axis_0/inst/u_aes/state5_reg[11]
  -------------------------------------------------------------------
                         required time                         -1.222    <hidden>
                         arrival time                           2.988    <hidden>
  -------------------------------------------------------------------
                         slack                                  1.765    <hidden>

Slack (MET) :             1.765ns  (arrival time - required time)
  Source:                 system_i/aes_ctr_axis_0/inst/soft_reset_pulse_reg/C
                            (rising edge-triggered cell FDRE clocked by clk_pl_0  {rise@0.000ns fall@6.667ns period=13.333ns})
  Destination:            system_i/aes_ctr_axis_0/inst/u_aes/state5_reg[13]/CLR
                            (removal check against rising-edge clock clk_pl_0  {rise@0.000ns fall@6.667ns period=13.333ns})
  Path Group:             **async_default**
  Path Type:              Removal (Min at Fast Process Corner)
  Requirement:            0.000ns  (clk_pl_0 rise@0.000ns - clk_pl_0 rise@0.000ns)
  Data Path Delay:        1.861ns  (logic 0.073ns (3.922%)  route 1.788ns (96.078%))
  Logic Levels:           2  (BUFGCE=1 LUT2=1)
  Clock Path Skew:        0.116ns (DCD - SCD - CPR)
    Destination Clock Delay (DCD):    1.322ns
    Source Clock Delay      (SCD):    1.127ns
    Clock Pessimism Removal (CPR):    0.080ns
  Clock Net Delay (Source):      0.988ns (routing 0.311ns, distribution 0.677ns)
  Clock Net Delay (Destination): 1.150ns (routing 0.352ns, distribution 0.798ns)

    Location             Delay type                Incr(ns)  Path(ns)    Netlist Resource(s)
  -------------------------------------------------------------------    -------------------
                         (clock clk_pl_0 rise edge)
                                                      0.000     0.000 r  <hidden>
    PS8_X0Y0             PS8                          0.000     0.000 r  system_i/zynq_ultra_ps_e_0/inst/PS8_i/PLCLK[0]
                         net (fo=1, routed)           0.122     0.122    system_i/zynq_ultra_ps_e_0/inst/pl_clk_unbuffered[0]
    BUFG_PS_X0Y80        BUFG_PS (Prop_BUFG_PS_I_O)
                                                      0.017     0.139 r  system_i/zynq_ultra_ps_e_0/inst/buffer_pl_clk_0.PL_CLK_0_BUFG/O
    X1Y2 (CLOCK_ROOT)    net (fo=12466, routed)       0.988     1.127    system_i/aes_ctr_axis_0/inst/aclk
    SLICE_X51Y188        FDRE                                         r  system_i/aes_ctr_axis_0/inst/soft_reset_pulse_reg/C
  -------------------------------------------------------------------    -------------------
    SLICE_X51Y188        FDRE (Prop_DFF2_SLICEL_C_Q)
                                                      0.041     1.168 f  system_i/aes_ctr_axis_0/inst/soft_reset_pulse_reg/Q
                         net (fo=132, routed)         0.450     1.618    system_i/aes_ctr_axis_0/inst/u_aes/state1_reg[0]_0
    SLICE_X47Y263        LUT2 (Prop_H6LUT_SLICEM_I0_O)
                                                      0.015     1.633 f  system_i/aes_ctr_axis_0/inst/u_aes/output_data[127]_i_1/O
                         net (fo=1, routed)           0.671     2.304    system_i/aes_ctr_axis_0/inst/u_aes/AR[0]_bufg_place
    BUFGCE_X1Y98         BUFGCE (Prop_BUFCE_BUFGCE_I_O)
                                                      0.017     2.321 f  system_i/aes_ctr_axis_0/inst/u_aes/output_data[127]_i_1_bufg_place/O
                         net (fo=1711, routed)        0.667     2.988    system_i/aes_ctr_axis_0/inst/u_aes/AR[0]
    SLICE_X59Y298        FDCE                                         f  system_i/aes_ctr_axis_0/inst/u_aes/state5_reg[13]/CLR
  -------------------------------------------------------------------    -------------------

                         (clock clk_pl_0 rise edge)
                                                      0.000     0.000 r  <hidden>
    PS8_X0Y0             PS8                          0.000     0.000 r  system_i/zynq_ultra_ps_e_0/inst/PS8_i/PLCLK[0]
                         net (fo=1, routed)           0.154     0.154    system_i/zynq_ultra_ps_e_0/inst/pl_clk_unbuffered[0]
    BUFG_PS_X0Y80        BUFG_PS (Prop_BUFG_PS_I_O)
                                                      0.018     0.172 r  system_i/zynq_ultra_ps_e_0/inst/buffer_pl_clk_0.PL_CLK_0_BUFG/O
    X1Y2 (CLOCK_ROOT)    net (fo=12466, routed)       1.150     1.322    system_i/aes_ctr_axis_0/inst/u_aes/aclk
    SLICE_X59Y298        FDCE                                         r  system_i/aes_ctr_axis_0/inst/u_aes/state5_reg[13]/C
                         clock pessimism             -0.080     1.242    <hidden>
    SLICE_X59Y298        FDCE (Remov_HFF_SLICEL_C_CLR)
                                                     -0.020     1.222    system_i/aes_ctr_axis_0/inst/u_aes/state5_reg[13]
  -------------------------------------------------------------------
                         required time                         -1.222    <hidden>
                         arrival time                           2.988    <hidden>
  -------------------------------------------------------------------
                         slack                                  1.765    <hidden>





--------------------------------------------------------------------------------------
Path Group:  (none)
From Clock:  
  To Clock:  clk_pl_0

Max Delay             1 Endpoint
Min Delay             1 Endpoint
--------------------------------------------------------------------------------------


Max Delay Paths
--------------------------------------------------------------------------------------
Slack:                    inf
  Source:                 system_i/zynq_ultra_ps_e_0/inst/PS8_i/EMIOGPIOO[95]
                            (internal pin)
  Destination:            system_i/proc_sys_reset_0/U0/EXT_LPF/ACTIVE_HIGH_EXT.ACT_HI_EXT/syncstages_ff_reg[0]/D
                            (rising edge-triggered cell FDRE clocked by clk_pl_0  {rise@0.000ns fall@6.667ns period=13.333ns})
  Path Group:             (none)
  Path Type:              Setup (Max at Slow Process Corner)
  Data Path Delay:        0.692ns  (logic 0.150ns (21.676%)  route 0.542ns (78.324%))
  Logic Levels:           1  (LUT1=1)
  Clock Uncertainty:      0.139ns  ((TSJ^2 + DJ^2)^1/2) / 2 + PE
    Total System Jitter     (TSJ):    0.050ns
    Discrete Jitter          (DJ):    0.273ns
    Phase Error              (PE):    0.000ns
  Clock Net Delay (Destination): 1.614ns (routing 0.512ns, distribution 1.102ns)
  Timing Exception:       False Path

    Location             Delay type                Incr(ns)  Path(ns)    Netlist Resource(s)
  -------------------------------------------------------------------    -------------------
    PS8_X0Y0             PS8                          0.000     0.000 f  system_i/zynq_ultra_ps_e_0/inst/PS8_i/EMIOGPIOO[95]
                         net (fo=1, routed)           0.363     0.363    system_i/reset_inverter/Op1[0]
    SLICE_X49Y245        LUT1 (Prop_G6LUT_SLICEM_I0_O)
                                                      0.150     0.513 r  system_i/reset_inverter/Res[0]_INST_0/O
                         net (fo=1, routed)           0.179     0.692    system_i/proc_sys_reset_0/U0/EXT_LPF/ACTIVE_HIGH_EXT.ACT_HI_EXT/src_in
    SLICE_X49Y245        FDRE                                         r  system_i/proc_sys_reset_0/U0/EXT_LPF/ACTIVE_HIGH_EXT.ACT_HI_EXT/syncstages_ff_reg[0]/D
  -------------------------------------------------------------------    -------------------

                         (clock clk_pl_0 rise edge)
                                                      0.000     0.000 r  <hidden>
    PS8_X0Y0             PS8                          0.000     0.000 r  system_i/zynq_ultra_ps_e_0/inst/PS8_i/PLCLK[0]
                         net (fo=1, routed)           0.143     0.143    system_i/zynq_ultra_ps_e_0/inst/pl_clk_unbuffered[0]
    BUFG_PS_X0Y80        BUFG_PS (Prop_BUFG_PS_I_O)
                                                      0.025     0.168 r  system_i/zynq_ultra_ps_e_0/inst/buffer_pl_clk_0.PL_CLK_0_BUFG/O
    X1Y2 (CLOCK_ROOT)    net (fo=12466, routed)       1.614     1.782    system_i/proc_sys_reset_0/U0/EXT_LPF/ACTIVE_HIGH_EXT.ACT_HI_EXT/dest_clk
    SLICE_X49Y245        FDRE                                         r  system_i/proc_sys_reset_0/U0/EXT_LPF/ACTIVE_HIGH_EXT.ACT_HI_EXT/syncstages_ff_reg[0]/C





Min Delay Paths
--------------------------------------------------------------------------------------
Slack:                    inf
  Source:                 system_i/zynq_ultra_ps_e_0/inst/PS8_i/EMIOGPIOO[95]
                            (internal pin)
  Destination:            system_i/proc_sys_reset_0/U0/EXT_LPF/ACTIVE_HIGH_EXT.ACT_HI_EXT/syncstages_ff_reg[0]/D
                            (rising edge-triggered cell FDRE clocked by clk_pl_0  {rise@0.000ns fall@6.667ns period=13.333ns})
  Path Group:             (none)
  Path Type:              Hold (Min at Fast Process Corner)
  Data Path Delay:        0.309ns  (logic 0.060ns (19.417%)  route 0.249ns (80.583%))
  Logic Levels:           1  (LUT1=1)
  Clock Uncertainty:      0.139ns  ((TSJ^2 + DJ^2)^1/2) / 2 + PE
    Total System Jitter     (TSJ):    0.050ns
    Discrete Jitter          (DJ):    0.273ns
    Phase Error              (PE):    0.000ns
  Clock Net Delay (Destination): 1.142ns (routing 0.352ns, distribution 0.790ns)
  Timing Exception:       False Path

    Location             Delay type                Incr(ns)  Path(ns)    Netlist Resource(s)
  -------------------------------------------------------------------    -------------------
    PS8_X0Y0             PS8                          0.000     0.000 f  system_i/zynq_ultra_ps_e_0/inst/PS8_i/EMIOGPIOO[95]
                         net (fo=1, routed)           0.187     0.187    system_i/reset_inverter/Op1[0]
    SLICE_X49Y245        LUT1 (Prop_G6LUT_SLICEM_I0_O)
                                                      0.060     0.247 r  system_i/reset_inverter/Res[0]_INST_0/O
                         net (fo=1, routed)           0.062     0.309    system_i/proc_sys_reset_0/U0/EXT_LPF/ACTIVE_HIGH_EXT.ACT_HI_EXT/src_in
    SLICE_X49Y245        FDRE                                         r  system_i/proc_sys_reset_0/U0/EXT_LPF/ACTIVE_HIGH_EXT.ACT_HI_EXT/syncstages_ff_reg[0]/D
  -------------------------------------------------------------------    -------------------

                         (clock clk_pl_0 rise edge)
                                                      0.000     0.000 r  <hidden>
    PS8_X0Y0             PS8                          0.000     0.000 r  system_i/zynq_ultra_ps_e_0/inst/PS8_i/PLCLK[0]
                         net (fo=1, routed)           0.154     0.154    system_i/zynq_ultra_ps_e_0/inst/pl_clk_unbuffered[0]
    BUFG_PS_X0Y80        BUFG_PS (Prop_BUFG_PS_I_O)
                                                      0.018     0.172 r  system_i/zynq_ultra_ps_e_0/inst/buffer_pl_clk_0.PL_CLK_0_BUFG/O
    X1Y2 (CLOCK_ROOT)    net (fo=12466, routed)       1.142     1.314    system_i/proc_sys_reset_0/U0/EXT_LPF/ACTIVE_HIGH_EXT.ACT_HI_EXT/dest_clk
    SLICE_X49Y245        FDRE                                         r  system_i/proc_sys_reset_0/U0/EXT_LPF/ACTIVE_HIGH_EXT.ACT_HI_EXT/syncstages_ff_reg[0]/C





--------------------------------------------------------------------------------------
Path Group:  (none)
From Clock:  clk_pl_0
  To Clock:  clk_pl_0

Max Delay            55 Endpoints
Min Delay            55 Endpoints
--------------------------------------------------------------------------------------


Max Delay Paths
--------------------------------------------------------------------------------------
Slack:                    inf
  Source:                 system_i/proc_sys_reset_0/U0/ACTIVE_LOW_PR_OUT_DFF[0].FDRE_PER_N/C
                            (rising edge-triggered cell FDRE clocked by clk_pl_0  {rise@0.000ns fall@6.667ns period=13.333ns})
  Destination:            system_i/mem_smc/inst/clk_map/psr_aclk/U0/EXT_LPF/ACTIVE_LOW_AUX.ACT_LO_AUX/syncstages_ff_reg[0]/D
                            (rising edge-triggered cell FDRE clocked by clk_pl_0  {rise@0.000ns fall@6.667ns period=13.333ns})
  Path Group:             (none)
  Path Type:              Setup (Max at Slow Process Corner)
  Data Path Delay:        3.098ns  (logic 0.180ns (5.810%)  route 2.918ns (94.190%))
  Logic Levels:           1  (LUT1=1)
  Clock Path Skew:        -0.328ns (DCD - SCD + CPR)
    Destination Clock Delay (DCD):    1.723ns
    Source Clock Delay      (SCD):    2.051ns
    Clock Pessimism Removal (CPR):    0.000ns
  Clock Uncertainty:      0.141ns  ((TSJ^2 + DJ^2)^1/2) / 2 + PE
    Total System Jitter     (TSJ):    0.071ns
    Discrete Jitter          (DJ):    0.273ns
    Phase Error              (PE):    0.000ns
  Clock Net Delay (Source):      1.843ns (routing 0.569ns, distribution 1.274ns)
  Clock Net Delay (Destination): 1.555ns (routing 0.512ns, distribution 1.043ns)
  Timing Exception:       False Path

    Location             Delay type                Incr(ns)  Path(ns)    Netlist Resource(s)
  -------------------------------------------------------------------    -------------------
                         (clock clk_pl_0 rise edge)
                                                      0.000     0.000 r  <hidden>
    PS8_X0Y0             PS8                          0.000     0.000 r  system_i/zynq_ultra_ps_e_0/inst/PS8_i/PLCLK[0]
                         net (fo=1, routed)           0.180     0.180    system_i/zynq_ultra_ps_e_0/inst/pl_clk_unbuffered[0]
    BUFG_PS_X0Y80        BUFG_PS (Prop_BUFG_PS_I_O)
                                                      0.028     0.208 r  system_i/zynq_ultra_ps_e_0/inst/buffer_pl_clk_0.PL_CLK_0_BUFG/O
    X1Y2 (CLOCK_ROOT)    net (fo=12466, routed)       1.843     2.051    system_i/proc_sys_reset_0/U0/slowest_sync_clk
    SLICE_X51Y251        FDRE                                         r  system_i/proc_sys_reset_0/U0/ACTIVE_LOW_PR_OUT_DFF[0].FDRE_PER_N/C
  -------------------------------------------------------------------    -------------------
    SLICE_X51Y251        FDRE (Prop_EFF_SLICEL_C_Q)
                                                      0.079     2.130 f  system_i/proc_sys_reset_0/U0/ACTIVE_LOW_PR_OUT_DFF[0].FDRE_PER_N/Q
                         net (fo=473, routed)         2.606     4.736    system_i/mem_smc/inst/clk_map/psr_aclk/U0/EXT_LPF/aresetn
    SLICE_X53Y116        LUT1 (Prop_H6LUT_SLICEM_I0_O)
                                                      0.101     4.837 r  system_i/mem_smc/inst/clk_map/psr_aclk/U0/EXT_LPF/ACTIVE_LOW_AUX.ACT_LO_AUX_i_1/O
                         net (fo=1, routed)           0.312     5.149    system_i/mem_smc/inst/clk_map/psr_aclk/U0/EXT_LPF/ACTIVE_LOW_AUX.ACT_LO_AUX/src_in
    SLICE_X53Y111        FDRE                                         r  system_i/mem_smc/inst/clk_map/psr_aclk/U0/EXT_LPF/ACTIVE_LOW_AUX.ACT_LO_AUX/syncstages_ff_reg[0]/D
  -------------------------------------------------------------------    -------------------

                         (clock clk_pl_0 rise edge)
                                                      0.000     0.000 r  <hidden>
    PS8_X0Y0             PS8                          0.000     0.000 r  system_i/zynq_ultra_ps_e_0/inst/PS8_i/PLCLK[0]
                         net (fo=1, routed)           0.143     0.143    system_i/zynq_ultra_ps_e_0/inst/pl_clk_unbuffered[0]
    BUFG_PS_X0Y80        BUFG_PS (Prop_BUFG_PS_I_O)
                                                      0.025     0.168 r  system_i/zynq_ultra_ps_e_0/inst/buffer_pl_clk_0.PL_CLK_0_BUFG/O
    X1Y2 (CLOCK_ROOT)    net (fo=12466, routed)       1.555     1.723    system_i/mem_smc/inst/clk_map/psr_aclk/U0/EXT_LPF/ACTIVE_LOW_AUX.ACT_LO_AUX/dest_clk
    SLICE_X53Y111        FDRE                                         r  system_i/mem_smc/inst/clk_map/psr_aclk/U0/EXT_LPF/ACTIVE_LOW_AUX.ACT_LO_AUX/syncstages_ff_reg[0]/C

Slack:                    inf
  Source:                 system_i/proc_sys_reset_0/U0/ACTIVE_LOW_PR_OUT_DFF[0].FDRE_PER_N/C
                            (rising edge-triggered cell FDRE clocked by clk_pl_0  {rise@0.000ns fall@6.667ns period=13.333ns})
  Destination:            system_i/axi_dma_0/U0/I_RST_MODULE/REG_HRD_RST/syncstages_ff_reg[0]/D
                            (rising edge-triggered cell FDRE clocked by clk_pl_0  {rise@0.000ns fall@6.667ns period=13.333ns})
  Path Group:             (none)
  Path Type:              Setup (Max at Slow Process Corner)
  Data Path Delay:        1.883ns  (logic 0.079ns (4.196%)  route 1.804ns (95.804%))
  Logic Levels:           0  
  Clock Path Skew:        -0.336ns (DCD - SCD + CPR)
    Destination Clock Delay (DCD):    1.715ns
    Source Clock Delay      (SCD):    2.051ns
    Clock Pessimism Removal (CPR):    0.000ns
  Clock Uncertainty:      0.141ns  ((TSJ^2 + DJ^2)^1/2) / 2 + PE
    Total System Jitter     (TSJ):    0.071ns
    Discrete Jitter          (DJ):    0.273ns
    Phase Error              (PE):    0.000ns
  Clock Net Delay (Source):      1.843ns (routing 0.569ns, distribution 1.274ns)
  Clock Net Delay (Destination): 1.547ns (routing 0.512ns, distribution 1.035ns)
  Timing Exception:       False Path

    Location             Delay type                Incr(ns)  Path(ns)    Netlist Resource(s)
  -------------------------------------------------------------------    -------------------
                         (clock clk_pl_0 rise edge)
                                                      0.000     0.000 r  <hidden>
    PS8_X0Y0             PS8                          0.000     0.000 r  system_i/zynq_ultra_ps_e_0/inst/PS8_i/PLCLK[0]
                         net (fo=1, routed)           0.180     0.180    system_i/zynq_ultra_ps_e_0/inst/pl_clk_unbuffered[0]
    BUFG_PS_X0Y80        BUFG_PS (Prop_BUFG_PS_I_O)
                                                      0.028     0.208 r  system_i/zynq_ultra_ps_e_0/inst/buffer_pl_clk_0.PL_CLK_0_BUFG/O
    X1Y2 (CLOCK_ROOT)    net (fo=12466, routed)       1.843     2.051    system_i/proc_sys_reset_0/U0/slowest_sync_clk
    SLICE_X51Y251        FDRE                                         r  system_i/proc_sys_reset_0/U0/ACTIVE_LOW_PR_OUT_DFF[0].FDRE_PER_N/C
  -------------------------------------------------------------------    -------------------
    SLICE_X51Y251        FDRE (Prop_EFF_SLICEL_C_Q)
                                                      0.079     2.130 r  system_i/proc_sys_reset_0/U0/ACTIVE_LOW_PR_OUT_DFF[0].FDRE_PER_N/Q
                         net (fo=473, routed)         1.804     3.934    system_i/axi_dma_0/U0/I_RST_MODULE/REG_HRD_RST/src_rst
    SLICE_X57Y162        FDRE                                         r  system_i/axi_dma_0/U0/I_RST_MODULE/REG_HRD_RST/syncstages_ff_reg[0]/D
  -------------------------------------------------------------------    -------------------

                         (clock clk_pl_0 rise edge)
                                                      0.000     0.000 r  <hidden>
    PS8_X0Y0             PS8                          0.000     0.000 r  system_i/zynq_ultra_ps_e_0/inst/PS8_i/PLCLK[0]
                         net (fo=1, routed)           0.143     0.143    system_i/zynq_ultra_ps_e_0/inst/pl_clk_unbuffered[0]
    BUFG_PS_X0Y80        BUFG_PS (Prop_BUFG_PS_I_O)
                                                      0.025     0.168 r  system_i/zynq_ultra_ps_e_0/inst/buffer_pl_clk_0.PL_CLK_0_BUFG/O
    X1Y2 (CLOCK_ROOT)    net (fo=12466, routed)       1.547     1.715    system_i/axi_dma_0/U0/I_RST_MODULE/REG_HRD_RST/dest_clk
    SLICE_X57Y162        FDRE                                         r  system_i/axi_dma_0/U0/I_RST_MODULE/REG_HRD_RST/syncstages_ff_reg[0]/C

Slack:                    inf
  Source:                 system_i/mem_smc/inst/clk_map/psr_aclk/U0/ACTIVE_LOW_BSR_OUT_DFF[0].FDRE_BSR_N/C
                            (rising edge-triggered cell FDRE clocked by clk_pl_0  {rise@0.000ns fall@6.667ns period=13.333ns})
  Destination:            system_i/mem_smc/inst/s01_nodes/s01_aw_node/inst/s_sc_xpm_cdc_async_rst_inst/arststages_ff_reg[0]/CLR
                            (recovery check against rising-edge clock clk_pl_0  {rise@0.000ns fall@6.667ns period=13.333ns})
  Path Group:             (none)
  Path Type:              Recovery (Max at Slow Process Corner)
  Data Path Delay:        1.583ns  (logic 0.079ns (4.991%)  route 1.504ns (95.009%))
  Logic Levels:           0  
  Clock Path Skew:        -0.255ns (DCD - SCD + CPR)
    Destination Clock Delay (DCD):    1.733ns
    Source Clock Delay      (SCD):    1.988ns
    Clock Pessimism Removal (CPR):    0.000ns
  Clock Uncertainty:      0.141ns  ((TSJ^2 + DJ^2)^1/2) / 2 + PE
    Total System Jitter     (TSJ):    0.071ns
    Discrete Jitter          (DJ):    0.273ns
    Phase Error              (PE):    0.000ns
  Clock Net Delay (Source):      1.780ns (routing 0.569ns, distribution 1.211ns)
  Clock Net Delay (Destination): 1.565ns (routing 0.512ns, distribution 1.053ns)
  Timing Exception:       False Path

    Location             Delay type                Incr(ns)  Path(ns)    Netlist Resource(s)
  -------------------------------------------------------------------    -------------------
                         (clock clk_pl_0 rise edge)
                                                      0.000     0.000 r  <hidden>
    PS8_X0Y0             PS8                          0.000     0.000 r  system_i/zynq_ultra_ps_e_0/inst/PS8_i/PLCLK[0]
                         net (fo=1, routed)           0.180     0.180    system_i/zynq_ultra_ps_e_0/inst/pl_clk_unbuffered[0]
    BUFG_PS_X0Y80        BUFG_PS (Prop_BUFG_PS_I_O)
                                                      0.028     0.208 r  system_i/zynq_ultra_ps_e_0/inst/buffer_pl_clk_0.PL_CLK_0_BUFG/O
    X1Y2 (CLOCK_ROOT)    net (fo=12466, routed)       1.780     1.988    system_i/mem_smc/inst/clk_map/psr_aclk/U0/aclk
    SLICE_X50Y109        FDRE                                         r  system_i/mem_smc/inst/clk_map/psr_aclk/U0/ACTIVE_LOW_BSR_OUT_DFF[0].FDRE_BSR_N/C
  -------------------------------------------------------------------    -------------------
    SLICE_X50Y109        FDRE (Prop_HFF_SLICEM_C_Q)
                                                      0.079     2.067 r  system_i/mem_smc/inst/clk_map/psr_aclk/U0/ACTIVE_LOW_BSR_OUT_DFF[0].FDRE_BSR_N/Q
                         net (fo=51, routed)          1.504     3.571    system_i/mem_smc/inst/s01_nodes/s01_aw_node/inst/s_sc_xpm_cdc_async_rst_inst/src_arst
    SLICE_X58Y74         FDCE                                         f  system_i/mem_smc/inst/s01_nodes/s01_aw_node/inst/s_sc_xpm_cdc_async_rst_inst/arststages_ff_reg[0]/CLR  (IS_INVERTED)
  -------------------------------------------------------------------    -------------------

                         (clock clk_pl_0 rise edge)
                                                      0.000     0.000 r  <hidden>
    PS8_X0Y0             PS8                          0.000     0.000 r  system_i/zynq_ultra_ps_e_0/inst/PS8_i/PLCLK[0]
                         net (fo=1, routed)           0.143     0.143    system_i/zynq_ultra_ps_e_0/inst/pl_clk_unbuffered[0]
    BUFG_PS_X0Y80        BUFG_PS (Prop_BUFG_PS_I_O)
                                                      0.025     0.168 r  system_i/zynq_ultra_ps_e_0/inst/buffer_pl_clk_0.PL_CLK_0_BUFG/O
    X1Y2 (CLOCK_ROOT)    net (fo=12466, routed)       1.565     1.733    system_i/mem_smc/inst/s01_nodes/s01_aw_node/inst/s_sc_xpm_cdc_async_rst_inst/dest_clk
    SLICE_X58Y74         FDCE                                         r  system_i/mem_smc/inst/s01_nodes/s01_aw_node/inst/s_sc_xpm_cdc_async_rst_inst/arststages_ff_reg[0]/C

Slack:                    inf
  Source:                 system_i/mem_smc/inst/clk_map/psr_aclk/U0/ACTIVE_LOW_BSR_OUT_DFF[0].FDRE_BSR_N/C
                            (rising edge-triggered cell FDRE clocked by clk_pl_0  {rise@0.000ns fall@6.667ns period=13.333ns})
  Destination:            system_i/mem_smc/inst/s01_nodes/s01_aw_node/inst/s_sc_xpm_cdc_async_rst_inst/arststages_ff_reg[1]/CLR
                            (recovery check against rising-edge clock clk_pl_0  {rise@0.000ns fall@6.667ns period=13.333ns})
  Path Group:             (none)
  Path Type:              Recovery (Max at Slow Process Corner)
  Data Path Delay:        1.583ns  (logic 0.079ns (4.991%)  route 1.504ns (95.009%))
  Logic Levels:           0  
  Clock Path Skew:        -0.255ns (DCD - SCD + CPR)
    Destination Clock Delay (DCD):    1.733ns
    Source Clock Delay      (SCD):    1.988ns
    Clock Pessimism Removal (CPR):    0.000ns
  Clock Uncertainty:      0.141ns  ((TSJ^2 + DJ^2)^1/2) / 2 + PE
    Total System Jitter     (TSJ):    0.071ns
    Discrete Jitter          (DJ):    0.273ns
    Phase Error              (PE):    0.000ns
  Clock Net Delay (Source):      1.780ns (routing 0.569ns, distribution 1.211ns)
  Clock Net Delay (Destination): 1.565ns (routing 0.512ns, distribution 1.053ns)
  Timing Exception:       False Path

    Location             Delay type                Incr(ns)  Path(ns)    Netlist Resource(s)
  -------------------------------------------------------------------    -------------------
                         (clock clk_pl_0 rise edge)
                                                      0.000     0.000 r  <hidden>
    PS8_X0Y0             PS8                          0.000     0.000 r  system_i/zynq_ultra_ps_e_0/inst/PS8_i/PLCLK[0]
                         net (fo=1, routed)           0.180     0.180    system_i/zynq_ultra_ps_e_0/inst/pl_clk_unbuffered[0]
    BUFG_PS_X0Y80        BUFG_PS (Prop_BUFG_PS_I_O)
                                                      0.028     0.208 r  system_i/zynq_ultra_ps_e_0/inst/buffer_pl_clk_0.PL_CLK_0_BUFG/O
    X1Y2 (CLOCK_ROOT)    net (fo=12466, routed)       1.780     1.988    system_i/mem_smc/inst/clk_map/psr_aclk/U0/aclk
    SLICE_X50Y109        FDRE                                         r  system_i/mem_smc/inst/clk_map/psr_aclk/U0/ACTIVE_LOW_BSR_OUT_DFF[0].FDRE_BSR_N/C
  -------------------------------------------------------------------    -------------------
    SLICE_X50Y109        FDRE (Prop_HFF_SLICEM_C_Q)
                                                      0.079     2.067 r  system_i/mem_smc/inst/clk_map/psr_aclk/U0/ACTIVE_LOW_BSR_OUT_DFF[0].FDRE_BSR_N/Q
                         net (fo=51, routed)          1.504     3.571    system_i/mem_smc/inst/s01_nodes/s01_aw_node/inst/s_sc_xpm_cdc_async_rst_inst/src_arst
    SLICE_X58Y74         FDCE                                         f  system_i/mem_smc/inst/s01_nodes/s01_aw_node/inst/s_sc_xpm_cdc_async_rst_inst/arststages_ff_reg[1]/CLR  (IS_INVERTED)
  -------------------------------------------------------------------    -------------------

                         (clock clk_pl_0 rise edge)
                                                      0.000     0.000 r  <hidden>
    PS8_X0Y0             PS8                          0.000     0.000 r  system_i/zynq_ultra_ps_e_0/inst/PS8_i/PLCLK[0]
                         net (fo=1, routed)           0.143     0.143    system_i/zynq_ultra_ps_e_0/inst/pl_clk_unbuffered[0]
    BUFG_PS_X0Y80        BUFG_PS (Prop_BUFG_PS_I_O)
                                                      0.025     0.168 r  system_i/zynq_ultra_ps_e_0/inst/buffer_pl_clk_0.PL_CLK_0_BUFG/O
    X1Y2 (CLOCK_ROOT)    net (fo=12466, routed)       1.565     1.733    system_i/mem_smc/inst/s01_nodes/s01_aw_node/inst/s_sc_xpm_cdc_async_rst_inst/dest_clk
    SLICE_X58Y74         FDCE                                         r  system_i/mem_smc/inst/s01_nodes/s01_aw_node/inst/s_sc_xpm_cdc_async_rst_inst/arststages_ff_reg[1]/C

Slack:                    inf
  Source:                 system_i/mem_smc/inst/clk_map/psr_aclk/U0/ACTIVE_LOW_BSR_OUT_DFF[0].FDRE_BSR_N/C
                            (rising edge-triggered cell FDRE clocked by clk_pl_0  {rise@0.000ns fall@6.667ns period=13.333ns})
  Destination:            system_i/mem_smc/inst/s01_nodes/s01_aw_node/inst/s_sc_xpm_cdc_async_rst_inst/arststages_ff_reg[2]/CLR
                            (recovery check against rising-edge clock clk_pl_0  {rise@0.000ns fall@6.667ns period=13.333ns})
  Path Group:             (none)
  Path Type:              Recovery (Max at Slow Process Corner)
  Data Path Delay:        1.583ns  (logic 0.079ns (4.991%)  route 1.504ns (95.009%))
  Logic Levels:           0  
  Clock Path Skew:        -0.255ns (DCD - SCD + CPR)
    Destination Clock Delay (DCD):    1.733ns
    Source Clock Delay      (SCD):    1.988ns
    Clock Pessimism Removal (CPR):    0.000ns
  Clock Uncertainty:      0.141ns  ((TSJ^2 + DJ^2)^1/2) / 2 + PE
    Total System Jitter     (TSJ):    0.071ns
    Discrete Jitter          (DJ):    0.273ns
    Phase Error              (PE):    0.000ns
  Clock Net Delay (Source):      1.780ns (routing 0.569ns, distribution 1.211ns)
  Clock Net Delay (Destination): 1.565ns (routing 0.512ns, distribution 1.053ns)
  Timing Exception:       False Path

    Location             Delay type                Incr(ns)  Path(ns)    Netlist Resource(s)
  -------------------------------------------------------------------    -------------------
                         (clock clk_pl_0 rise edge)
                                                      0.000     0.000 r  <hidden>
    PS8_X0Y0             PS8                          0.000     0.000 r  system_i/zynq_ultra_ps_e_0/inst/PS8_i/PLCLK[0]
                         net (fo=1, routed)           0.180     0.180    system_i/zynq_ultra_ps_e_0/inst/pl_clk_unbuffered[0]
    BUFG_PS_X0Y80        BUFG_PS (Prop_BUFG_PS_I_O)
                                                      0.028     0.208 r  system_i/zynq_ultra_ps_e_0/inst/buffer_pl_clk_0.PL_CLK_0_BUFG/O
    X1Y2 (CLOCK_ROOT)    net (fo=12466, routed)       1.780     1.988    system_i/mem_smc/inst/clk_map/psr_aclk/U0/aclk
    SLICE_X50Y109        FDRE                                         r  system_i/mem_smc/inst/clk_map/psr_aclk/U0/ACTIVE_LOW_BSR_OUT_DFF[0].FDRE_BSR_N/C
  -------------------------------------------------------------------    -------------------
    SLICE_X50Y109        FDRE (Prop_HFF_SLICEM_C_Q)
                                                      0.079     2.067 r  system_i/mem_smc/inst/clk_map/psr_aclk/U0/ACTIVE_LOW_BSR_OUT_DFF[0].FDRE_BSR_N/Q
                         net (fo=51, routed)          1.504     3.571    system_i/mem_smc/inst/s01_nodes/s01_aw_node/inst/s_sc_xpm_cdc_async_rst_inst/src_arst
    SLICE_X58Y74         FDCE                                         f  system_i/mem_smc/inst/s01_nodes/s01_aw_node/inst/s_sc_xpm_cdc_async_rst_inst/arststages_ff_reg[2]/CLR  (IS_INVERTED)
  -------------------------------------------------------------------    -------------------

                         (clock clk_pl_0 rise edge)
                                                      0.000     0.000 r  <hidden>
    PS8_X0Y0             PS8                          0.000     0.000 r  system_i/zynq_ultra_ps_e_0/inst/PS8_i/PLCLK[0]
                         net (fo=1, routed)           0.143     0.143    system_i/zynq_ultra_ps_e_0/inst/pl_clk_unbuffered[0]
    BUFG_PS_X0Y80        BUFG_PS (Prop_BUFG_PS_I_O)
                                                      0.025     0.168 r  system_i/zynq_ultra_ps_e_0/inst/buffer_pl_clk_0.PL_CLK_0_BUFG/O
    X1Y2 (CLOCK_ROOT)    net (fo=12466, routed)       1.565     1.733    system_i/mem_smc/inst/s01_nodes/s01_aw_node/inst/s_sc_xpm_cdc_async_rst_inst/dest_clk
    SLICE_X58Y74         FDCE                                         r  system_i/mem_smc/inst/s01_nodes/s01_aw_node/inst/s_sc_xpm_cdc_async_rst_inst/arststages_ff_reg[2]/C

Slack:                    inf
  Source:                 system_i/mem_smc/inst/clk_map/psr_aclk/U0/ACTIVE_LOW_BSR_OUT_DFF[0].FDRE_BSR_N/C
                            (rising edge-triggered cell FDRE clocked by clk_pl_0  {rise@0.000ns fall@6.667ns period=13.333ns})
  Destination:            system_i/mem_smc/inst/s01_entry_pipeline/s01_si_converter/inst/xpm_cdc_async_rst_inst/arststages_ff_reg[0]/CLR
                            (recovery check against rising-edge clock clk_pl_0  {rise@0.000ns fall@6.667ns period=13.333ns})
  Path Group:             (none)
  Path Type:              Recovery (Max at Slow Process Corner)
  Data Path Delay:        1.486ns  (logic 0.079ns (5.315%)  route 1.407ns (94.685%))
  Logic Levels:           0  
  Clock Path Skew:        -0.248ns (DCD - SCD + CPR)
    Destination Clock Delay (DCD):    1.740ns
    Source Clock Delay      (SCD):    1.988ns
    Clock Pessimism Removal (CPR):    0.000ns
  Clock Uncertainty:      0.141ns  ((TSJ^2 + DJ^2)^1/2) / 2 + PE
    Total System Jitter     (TSJ):    0.071ns
    Discrete Jitter          (DJ):    0.273ns
    Phase Error              (PE):    0.000ns
  Clock Net Delay (Source):      1.780ns (routing 0.569ns, distribution 1.211ns)
  Clock Net Delay (Destination): 1.572ns (routing 0.512ns, distribution 1.060ns)
  Timing Exception:       False Path

    Location             Delay type                Incr(ns)  Path(ns)    Netlist Resource(s)
  -------------------------------------------------------------------    -------------------
                         (clock clk_pl_0 rise edge)
                                                      0.000     0.000 r  <hidden>
    PS8_X0Y0             PS8                          0.000     0.000 r  system_i/zynq_ultra_ps_e_0/inst/PS8_i/PLCLK[0]
                         net (fo=1, routed)           0.180     0.180    system_i/zynq_ultra_ps_e_0/inst/pl_clk_unbuffered[0]
    BUFG_PS_X0Y80        BUFG_PS (Prop_BUFG_PS_I_O)
                                                      0.028     0.208 r  system_i/zynq_ultra_ps_e_0/inst/buffer_pl_clk_0.PL_CLK_0_BUFG/O
    X1Y2 (CLOCK_ROOT)    net (fo=12466, routed)       1.780     1.988    system_i/mem_smc/inst/clk_map/psr_aclk/U0/aclk
    SLICE_X50Y109        FDRE                                         r  system_i/mem_smc/inst/clk_map/psr_aclk/U0/ACTIVE_LOW_BSR_OUT_DFF[0].FDRE_BSR_N/C
  -------------------------------------------------------------------    -------------------
    SLICE_X50Y109        FDRE (Prop_HFF_SLICEM_C_Q)
                                                      0.079     2.067 r  system_i/mem_smc/inst/clk_map/psr_aclk/U0/ACTIVE_LOW_BSR_OUT_DFF[0].FDRE_BSR_N/Q
                         net (fo=51, routed)          1.407     3.474    system_i/mem_smc/inst/s01_entry_pipeline/s01_si_converter/inst/xpm_cdc_async_rst_inst/src_arst
    SLICE_X59Y80         FDCE                                         f  system_i/mem_smc/inst/s01_entry_pipeline/s01_si_converter/inst/xpm_cdc_async_rst_inst/arststages_ff_reg[0]/CLR  (IS_INVERTED)
  -------------------------------------------------------------------    -------------------

                         (clock clk_pl_0 rise edge)
                                                      0.000     0.000 r  <hidden>
    PS8_X0Y0             PS8                          0.000     0.000 r  system_i/zynq_ultra_ps_e_0/inst/PS8_i/PLCLK[0]
                         net (fo=1, routed)           0.143     0.143    system_i/zynq_ultra_ps_e_0/inst/pl_clk_unbuffered[0]
    BUFG_PS_X0Y80        BUFG_PS (Prop_BUFG_PS_I_O)
                                                      0.025     0.168 r  system_i/zynq_ultra_ps_e_0/inst/buffer_pl_clk_0.PL_CLK_0_BUFG/O
    X1Y2 (CLOCK_ROOT)    net (fo=12466, routed)       1.572     1.740    system_i/mem_smc/inst/s01_entry_pipeline/s01_si_converter/inst/xpm_cdc_async_rst_inst/dest_clk
    SLICE_X59Y80         FDCE                                         r  system_i/mem_smc/inst/s01_entry_pipeline/s01_si_converter/inst/xpm_cdc_async_rst_inst/arststages_ff_reg[0]/C

Slack:                    inf
  Source:                 system_i/mem_smc/inst/clk_map/psr_aclk/U0/ACTIVE_LOW_BSR_OUT_DFF[0].FDRE_BSR_N/C
                            (rising edge-triggered cell FDRE clocked by clk_pl_0  {rise@0.000ns fall@6.667ns period=13.333ns})
  Destination:            system_i/mem_smc/inst/s01_entry_pipeline/s01_si_converter/inst/xpm_cdc_async_rst_inst/arststages_ff_reg[1]/CLR
                            (recovery check against rising-edge clock clk_pl_0  {rise@0.000ns fall@6.667ns period=13.333ns})
  Path Group:             (none)
  Path Type:              Recovery (Max at Slow Process Corner)
  Data Path Delay:        1.486ns  (logic 0.079ns (5.315%)  route 1.407ns (94.685%))
  Logic Levels:           0  
  Clock Path Skew:        -0.248ns (DCD - SCD + CPR)
    Destination Clock Delay (DCD):    1.740ns
    Source Clock Delay      (SCD):    1.988ns
    Clock Pessimism Removal (CPR):    0.000ns
  Clock Uncertainty:      0.141ns  ((TSJ^2 + DJ^2)^1/2) / 2 + PE
    Total System Jitter     (TSJ):    0.071ns
    Discrete Jitter          (DJ):    0.273ns
    Phase Error              (PE):    0.000ns
  Clock Net Delay (Source):      1.780ns (routing 0.569ns, distribution 1.211ns)
  Clock Net Delay (Destination): 1.572ns (routing 0.512ns, distribution 1.060ns)
  Timing Exception:       False Path

    Location             Delay type                Incr(ns)  Path(ns)    Netlist Resource(s)
  -------------------------------------------------------------------    -------------------
                         (clock clk_pl_0 rise edge)
                                                      0.000     0.000 r  <hidden>
    PS8_X0Y0             PS8                          0.000     0.000 r  system_i/zynq_ultra_ps_e_0/inst/PS8_i/PLCLK[0]
                         net (fo=1, routed)           0.180     0.180    system_i/zynq_ultra_ps_e_0/inst/pl_clk_unbuffered[0]
    BUFG_PS_X0Y80        BUFG_PS (Prop_BUFG_PS_I_O)
                                                      0.028     0.208 r  system_i/zynq_ultra_ps_e_0/inst/buffer_pl_clk_0.PL_CLK_0_BUFG/O
    X1Y2 (CLOCK_ROOT)    net (fo=12466, routed)       1.780     1.988    system_i/mem_smc/inst/clk_map/psr_aclk/U0/aclk
    SLICE_X50Y109        FDRE                                         r  system_i/mem_smc/inst/clk_map/psr_aclk/U0/ACTIVE_LOW_BSR_OUT_DFF[0].FDRE_BSR_N/C
  -------------------------------------------------------------------    -------------------
    SLICE_X50Y109        FDRE (Prop_HFF_SLICEM_C_Q)
                                                      0.079     2.067 r  system_i/mem_smc/inst/clk_map/psr_aclk/U0/ACTIVE_LOW_BSR_OUT_DFF[0].FDRE_BSR_N/Q
                         net (fo=51, routed)          1.407     3.474    system_i/mem_smc/inst/s01_entry_pipeline/s01_si_converter/inst/xpm_cdc_async_rst_inst/src_arst
    SLICE_X59Y80         FDCE                                         f  system_i/mem_smc/inst/s01_entry_pipeline/s01_si_converter/inst/xpm_cdc_async_rst_inst/arststages_ff_reg[1]/CLR  (IS_INVERTED)
  -------------------------------------------------------------------    -------------------

                         (clock clk_pl_0 rise edge)
                                                      0.000     0.000 r  <hidden>
    PS8_X0Y0             PS8                          0.000     0.000 r  system_i/zynq_ultra_ps_e_0/inst/PS8_i/PLCLK[0]
                         net (fo=1, routed)           0.143     0.143    system_i/zynq_ultra_ps_e_0/inst/pl_clk_unbuffered[0]
    BUFG_PS_X0Y80        BUFG_PS (Prop_BUFG_PS_I_O)
                                                      0.025     0.168 r  system_i/zynq_ultra_ps_e_0/inst/buffer_pl_clk_0.PL_CLK_0_BUFG/O
    X1Y2 (CLOCK_ROOT)    net (fo=12466, routed)       1.572     1.740    system_i/mem_smc/inst/s01_entry_pipeline/s01_si_converter/inst/xpm_cdc_async_rst_inst/dest_clk
    SLICE_X59Y80         FDCE                                         r  system_i/mem_smc/inst/s01_entry_pipeline/s01_si_converter/inst/xpm_cdc_async_rst_inst/arststages_ff_reg[1]/C

Slack:                    inf
  Source:                 system_i/mem_smc/inst/clk_map/psr_aclk/U0/ACTIVE_LOW_BSR_OUT_DFF[0].FDRE_BSR_N/C
                            (rising edge-triggered cell FDRE clocked by clk_pl_0  {rise@0.000ns fall@6.667ns period=13.333ns})
  Destination:            system_i/mem_smc/inst/s01_entry_pipeline/s01_si_converter/inst/xpm_cdc_async_rst_inst/arststages_ff_reg[2]/CLR
                            (recovery check against rising-edge clock clk_pl_0  {rise@0.000ns fall@6.667ns period=13.333ns})
  Path Group:             (none)
  Path Type:              Recovery (Max at Slow Process Corner)
  Data Path Delay:        1.486ns  (logic 0.079ns (5.315%)  route 1.407ns (94.685%))
  Logic Levels:           0  
  Clock Path Skew:        -0.248ns (DCD - SCD + CPR)
    Destination Clock Delay (DCD):    1.740ns
    Source Clock Delay      (SCD):    1.988ns
    Clock Pessimism Removal (CPR):    0.000ns
  Clock Uncertainty:      0.141ns  ((TSJ^2 + DJ^2)^1/2) / 2 + PE
    Total System Jitter     (TSJ):    0.071ns
    Discrete Jitter          (DJ):    0.273ns
    Phase Error              (PE):    0.000ns
  Clock Net Delay (Source):      1.780ns (routing 0.569ns, distribution 1.211ns)
  Clock Net Delay (Destination): 1.572ns (routing 0.512ns, distribution 1.060ns)
  Timing Exception:       False Path

    Location             Delay type                Incr(ns)  Path(ns)    Netlist Resource(s)
  -------------------------------------------------------------------    -------------------
                         (clock clk_pl_0 rise edge)
                                                      0.000     0.000 r  <hidden>
    PS8_X0Y0             PS8                          0.000     0.000 r  system_i/zynq_ultra_ps_e_0/inst/PS8_i/PLCLK[0]
                         net (fo=1, routed)           0.180     0.180    system_i/zynq_ultra_ps_e_0/inst/pl_clk_unbuffered[0]
    BUFG_PS_X0Y80        BUFG_PS (Prop_BUFG_PS_I_O)
                                                      0.028     0.208 r  system_i/zynq_ultra_ps_e_0/inst/buffer_pl_clk_0.PL_CLK_0_BUFG/O
    X1Y2 (CLOCK_ROOT)    net (fo=12466, routed)       1.780     1.988    system_i/mem_smc/inst/clk_map/psr_aclk/U0/aclk
    SLICE_X50Y109        FDRE                                         r  system_i/mem_smc/inst/clk_map/psr_aclk/U0/ACTIVE_LOW_BSR_OUT_DFF[0].FDRE_BSR_N/C
  -------------------------------------------------------------------    -------------------
    SLICE_X50Y109        FDRE (Prop_HFF_SLICEM_C_Q)
                                                      0.079     2.067 r  system_i/mem_smc/inst/clk_map/psr_aclk/U0/ACTIVE_LOW_BSR_OUT_DFF[0].FDRE_BSR_N/Q
                         net (fo=51, routed)          1.407     3.474    system_i/mem_smc/inst/s01_entry_pipeline/s01_si_converter/inst/xpm_cdc_async_rst_inst/src_arst
    SLICE_X59Y80         FDCE                                         f  system_i/mem_smc/inst/s01_entry_pipeline/s01_si_converter/inst/xpm_cdc_async_rst_inst/arststages_ff_reg[2]/CLR  (IS_INVERTED)
  -------------------------------------------------------------------    -------------------

                         (clock clk_pl_0 rise edge)
                                                      0.000     0.000 r  <hidden>
    PS8_X0Y0             PS8                          0.000     0.000 r  system_i/zynq_ultra_ps_e_0/inst/PS8_i/PLCLK[0]
                         net (fo=1, routed)           0.143     0.143    system_i/zynq_ultra_ps_e_0/inst/pl_clk_unbuffered[0]
    BUFG_PS_X0Y80        BUFG_PS (Prop_BUFG_PS_I_O)
                                                      0.025     0.168 r  system_i/zynq_ultra_ps_e_0/inst/buffer_pl_clk_0.PL_CLK_0_BUFG/O
    X1Y2 (CLOCK_ROOT)    net (fo=12466, routed)       1.572     1.740    system_i/mem_smc/inst/s01_entry_pipeline/s01_si_converter/inst/xpm_cdc_async_rst_inst/dest_clk
    SLICE_X59Y80         FDCE                                         r  system_i/mem_smc/inst/s01_entry_pipeline/s01_si_converter/inst/xpm_cdc_async_rst_inst/arststages_ff_reg[2]/C

Slack:                    inf
  Source:                 system_i/mem_smc/inst/clk_map/psr_aclk/U0/ACTIVE_LOW_BSR_OUT_DFF[0].FDRE_BSR_N/C
                            (rising edge-triggered cell FDRE clocked by clk_pl_0  {rise@0.000ns fall@6.667ns period=13.333ns})
  Destination:            system_i/mem_smc/inst/s00_nodes/s00_ar_node/inst/s_sc_xpm_cdc_async_rst_inst/arststages_ff_reg[0]/CLR
                            (recovery check against rising-edge clock clk_pl_0  {rise@0.000ns fall@6.667ns period=13.333ns})
  Path Group:             (none)
  Path Type:              Recovery (Max at Slow Process Corner)
  Data Path Delay:        1.468ns  (logic 0.079ns (5.380%)  route 1.389ns (94.620%))
  Logic Levels:           0  
  Clock Path Skew:        -0.253ns (DCD - SCD + CPR)
    Destination Clock Delay (DCD):    1.735ns
    Source Clock Delay      (SCD):    1.988ns
    Clock Pessimism Removal (CPR):    0.000ns
  Clock Uncertainty:      0.141ns  ((TSJ^2 + DJ^2)^1/2) / 2 + PE
    Total System Jitter     (TSJ):    0.071ns
    Discrete Jitter          (DJ):    0.273ns
    Phase Error              (PE):    0.000ns
  Clock Net Delay (Source):      1.780ns (routing 0.569ns, distribution 1.211ns)
  Clock Net Delay (Destination): 1.567ns (routing 0.512ns, distribution 1.055ns)
  Timing Exception:       False Path

    Location             Delay type                Incr(ns)  Path(ns)    Netlist Resource(s)
  -------------------------------------------------------------------    -------------------
                         (clock clk_pl_0 rise edge)
                                                      0.000     0.000 r  <hidden>
    PS8_X0Y0             PS8                          0.000     0.000 r  system_i/zynq_ultra_ps_e_0/inst/PS8_i/PLCLK[0]
                         net (fo=1, routed)           0.180     0.180    system_i/zynq_ultra_ps_e_0/inst/pl_clk_unbuffered[0]
    BUFG_PS_X0Y80        BUFG_PS (Prop_BUFG_PS_I_O)
                                                      0.028     0.208 r  system_i/zynq_ultra_ps_e_0/inst/buffer_pl_clk_0.PL_CLK_0_BUFG/O
    X1Y2 (CLOCK_ROOT)    net (fo=12466, routed)       1.780     1.988    system_i/mem_smc/inst/clk_map/psr_aclk/U0/aclk
    SLICE_X50Y109        FDRE                                         r  system_i/mem_smc/inst/clk_map/psr_aclk/U0/ACTIVE_LOW_BSR_OUT_DFF[0].FDRE_BSR_N/C
  -------------------------------------------------------------------    -------------------
    SLICE_X50Y109        FDRE (Prop_HFF_SLICEM_C_Q)
                                                      0.079     2.067 r  system_i/mem_smc/inst/clk_map/psr_aclk/U0/ACTIVE_LOW_BSR_OUT_DFF[0].FDRE_BSR_N/Q
                         net (fo=51, routed)          1.389     3.456    system_i/mem_smc/inst/s00_nodes/s00_ar_node/inst/s_sc_xpm_cdc_async_rst_inst/src_arst
    SLICE_X59Y67         FDCE                                         f  system_i/mem_smc/inst/s00_nodes/s00_ar_node/inst/s_sc_xpm_cdc_async_rst_inst/arststages_ff_reg[0]/CLR  (IS_INVERTED)
  -------------------------------------------------------------------    -------------------

                         (clock clk_pl_0 rise edge)
                                                      0.000     0.000 r  <hidden>
    PS8_X0Y0             PS8                          0.000     0.000 r  system_i/zynq_ultra_ps_e_0/inst/PS8_i/PLCLK[0]
                         net (fo=1, routed)           0.143     0.143    system_i/zynq_ultra_ps_e_0/inst/pl_clk_unbuffered[0]
    BUFG_PS_X0Y80        BUFG_PS (Prop_BUFG_PS_I_O)
                                                      0.025     0.168 r  system_i/zynq_ultra_ps_e_0/inst/buffer_pl_clk_0.PL_CLK_0_BUFG/O
    X1Y2 (CLOCK_ROOT)    net (fo=12466, routed)       1.567     1.735    system_i/mem_smc/inst/s00_nodes/s00_ar_node/inst/s_sc_xpm_cdc_async_rst_inst/dest_clk
    SLICE_X59Y67         FDCE                                         r  system_i/mem_smc/inst/s00_nodes/s00_ar_node/inst/s_sc_xpm_cdc_async_rst_inst/arststages_ff_reg[0]/C

Slack:                    inf
  Source:                 system_i/mem_smc/inst/clk_map/psr_aclk/U0/ACTIVE_LOW_BSR_OUT_DFF[0].FDRE_BSR_N/C
                            (rising edge-triggered cell FDRE clocked by clk_pl_0  {rise@0.000ns fall@6.667ns period=13.333ns})
  Destination:            system_i/mem_smc/inst/s00_nodes/s00_ar_node/inst/s_sc_xpm_cdc_async_rst_inst/arststages_ff_reg[1]/CLR
                            (recovery check against rising-edge clock clk_pl_0  {rise@0.000ns fall@6.667ns period=13.333ns})
  Path Group:             (none)
  Path Type:              Recovery (Max at Slow Process Corner)
  Data Path Delay:        1.468ns  (logic 0.079ns (5.380%)  route 1.389ns (94.620%))
  Logic Levels:           0  
  Clock Path Skew:        -0.253ns (DCD - SCD + CPR)
    Destination Clock Delay (DCD):    1.735ns
    Source Clock Delay      (SCD):    1.988ns
    Clock Pessimism Removal (CPR):    0.000ns
  Clock Uncertainty:      0.141ns  ((TSJ^2 + DJ^2)^1/2) / 2 + PE
    Total System Jitter     (TSJ):    0.071ns
    Discrete Jitter          (DJ):    0.273ns
    Phase Error              (PE):    0.000ns
  Clock Net Delay (Source):      1.780ns (routing 0.569ns, distribution 1.211ns)
  Clock Net Delay (Destination): 1.567ns (routing 0.512ns, distribution 1.055ns)
  Timing Exception:       False Path

    Location             Delay type                Incr(ns)  Path(ns)    Netlist Resource(s)
  -------------------------------------------------------------------    -------------------
                         (clock clk_pl_0 rise edge)
                                                      0.000     0.000 r  <hidden>
    PS8_X0Y0             PS8                          0.000     0.000 r  system_i/zynq_ultra_ps_e_0/inst/PS8_i/PLCLK[0]
                         net (fo=1, routed)           0.180     0.180    system_i/zynq_ultra_ps_e_0/inst/pl_clk_unbuffered[0]
    BUFG_PS_X0Y80        BUFG_PS (Prop_BUFG_PS_I_O)
                                                      0.028     0.208 r  system_i/zynq_ultra_ps_e_0/inst/buffer_pl_clk_0.PL_CLK_0_BUFG/O
    X1Y2 (CLOCK_ROOT)    net (fo=12466, routed)       1.780     1.988    system_i/mem_smc/inst/clk_map/psr_aclk/U0/aclk
    SLICE_X50Y109        FDRE                                         r  system_i/mem_smc/inst/clk_map/psr_aclk/U0/ACTIVE_LOW_BSR_OUT_DFF[0].FDRE_BSR_N/C
  -------------------------------------------------------------------    -------------------
    SLICE_X50Y109        FDRE (Prop_HFF_SLICEM_C_Q)
                                                      0.079     2.067 r  system_i/mem_smc/inst/clk_map/psr_aclk/U0/ACTIVE_LOW_BSR_OUT_DFF[0].FDRE_BSR_N/Q
                         net (fo=51, routed)          1.389     3.456    system_i/mem_smc/inst/s00_nodes/s00_ar_node/inst/s_sc_xpm_cdc_async_rst_inst/src_arst
    SLICE_X59Y67         FDCE                                         f  system_i/mem_smc/inst/s00_nodes/s00_ar_node/inst/s_sc_xpm_cdc_async_rst_inst/arststages_ff_reg[1]/CLR  (IS_INVERTED)
  -------------------------------------------------------------------    -------------------

                         (clock clk_pl_0 rise edge)
                                                      0.000     0.000 r  <hidden>
    PS8_X0Y0             PS8                          0.000     0.000 r  system_i/zynq_ultra_ps_e_0/inst/PS8_i/PLCLK[0]
                         net (fo=1, routed)           0.143     0.143    system_i/zynq_ultra_ps_e_0/inst/pl_clk_unbuffered[0]
    BUFG_PS_X0Y80        BUFG_PS (Prop_BUFG_PS_I_O)
                                                      0.025     0.168 r  system_i/zynq_ultra_ps_e_0/inst/buffer_pl_clk_0.PL_CLK_0_BUFG/O
    X1Y2 (CLOCK_ROOT)    net (fo=12466, routed)       1.567     1.735    system_i/mem_smc/inst/s00_nodes/s00_ar_node/inst/s_sc_xpm_cdc_async_rst_inst/dest_clk
    SLICE_X59Y67         FDCE                                         r  system_i/mem_smc/inst/s00_nodes/s00_ar_node/inst/s_sc_xpm_cdc_async_rst_inst/arststages_ff_reg[1]/C





Min Delay Paths
--------------------------------------------------------------------------------------
Slack:                    inf
  Source:                 system_i/mem_smc/inst/clk_map/psr_aclk/U0/ACTIVE_LOW_BSR_OUT_DFF[0].FDRE_BSR_N/C
                            (rising edge-triggered cell FDRE clocked by clk_pl_0  {rise@0.000ns fall@6.667ns period=13.333ns})
  Destination:            system_i/mem_smc/inst/s00_entry_pipeline/s00_mmu/inst/xpm_cdc_async_rst_inst/arststages_ff_reg[0]/CLR
                            (removal check against rising-edge clock clk_pl_0  {rise@0.000ns fall@6.667ns period=13.333ns})
  Path Group:             (none)
  Path Type:              Removal (Min at Fast Process Corner)
  Data Path Delay:        0.194ns  (logic 0.039ns (20.057%)  route 0.155ns (79.943%))
  Logic Levels:           0  
  Clock Path Skew:        0.156ns (DCD - SCD - CPR)
    Destination Clock Delay (DCD):    1.270ns
    Source Clock Delay      (SCD):    1.115ns
    Clock Pessimism Removal (CPR):    -0.000ns
  Clock Uncertainty:      0.141ns  ((TSJ^2 + DJ^2)^1/2) / 2 + PE
    Total System Jitter     (TSJ):    0.071ns
    Discrete Jitter          (DJ):    0.273ns
    Phase Error              (PE):    0.000ns
  Clock Net Delay (Source):      0.976ns (routing 0.311ns, distribution 0.665ns)
  Clock Net Delay (Destination): 1.098ns (routing 0.352ns, distribution 0.746ns)
  Timing Exception:       False Path

    Location             Delay type                Incr(ns)  Path(ns)    Netlist Resource(s)
  -------------------------------------------------------------------    -------------------
                         (clock clk_pl_0 rise edge)
                                                      0.000     0.000 r  <hidden>
    PS8_X0Y0             PS8                          0.000     0.000 r  system_i/zynq_ultra_ps_e_0/inst/PS8_i/PLCLK[0]
                         net (fo=1, routed)           0.122     0.122    system_i/zynq_ultra_ps_e_0/inst/pl_clk_unbuffered[0]
    BUFG_PS_X0Y80        BUFG_PS (Prop_BUFG_PS_I_O)
                                                      0.017     0.139 r  system_i/zynq_ultra_ps_e_0/inst/buffer_pl_clk_0.PL_CLK_0_BUFG/O
    X1Y2 (CLOCK_ROOT)    net (fo=12466, routed)       0.976     1.115    system_i/mem_smc/inst/clk_map/psr_aclk/U0/aclk
    SLICE_X50Y109        FDRE                                         r  system_i/mem_smc/inst/clk_map/psr_aclk/U0/ACTIVE_LOW_BSR_OUT_DFF[0].FDRE_BSR_N/C
  -------------------------------------------------------------------    -------------------
    SLICE_X50Y109        FDRE (Prop_HFF_SLICEM_C_Q)
                                                      0.039     1.154 r  system_i/mem_smc/inst/clk_map/psr_aclk/U0/ACTIVE_LOW_BSR_OUT_DFF[0].FDRE_BSR_N/Q
                         net (fo=51, routed)          0.155     1.309    system_i/mem_smc/inst/s00_entry_pipeline/s00_mmu/inst/xpm_cdc_async_rst_inst/src_arst
    SLICE_X51Y110        FDCE                                         f  system_i/mem_smc/inst/s00_entry_pipeline/s00_mmu/inst/xpm_cdc_async_rst_inst/arststages_ff_reg[0]/CLR  (IS_INVERTED)
  -------------------------------------------------------------------    -------------------

                         (clock clk_pl_0 rise edge)
                                                      0.000     0.000 r  <hidden>
    PS8_X0Y0             PS8                          0.000     0.000 r  system_i/zynq_ultra_ps_e_0/inst/PS8_i/PLCLK[0]
                         net (fo=1, routed)           0.154     0.154    system_i/zynq_ultra_ps_e_0/inst/pl_clk_unbuffered[0]
    BUFG_PS_X0Y80        BUFG_PS (Prop_BUFG_PS_I_O)
                                                      0.018     0.172 r  system_i/zynq_ultra_ps_e_0/inst/buffer_pl_clk_0.PL_CLK_0_BUFG/O
    X1Y2 (CLOCK_ROOT)    net (fo=12466, routed)       1.098     1.270    system_i/mem_smc/inst/s00_entry_pipeline/s00_mmu/inst/xpm_cdc_async_rst_inst/dest_clk
    SLICE_X51Y110        FDCE                                         r  system_i/mem_smc/inst/s00_entry_pipeline/s00_mmu/inst/xpm_cdc_async_rst_inst/arststages_ff_reg[0]/C

Slack:                    inf
  Source:                 system_i/mem_smc/inst/clk_map/psr_aclk/U0/ACTIVE_LOW_BSR_OUT_DFF[0].FDRE_BSR_N/C
                            (rising edge-triggered cell FDRE clocked by clk_pl_0  {rise@0.000ns fall@6.667ns period=13.333ns})
  Destination:            system_i/mem_smc/inst/s00_entry_pipeline/s00_mmu/inst/xpm_cdc_async_rst_inst/arststages_ff_reg[1]/CLR
                            (removal check against rising-edge clock clk_pl_0  {rise@0.000ns fall@6.667ns period=13.333ns})
  Path Group:             (none)
  Path Type:              Removal (Min at Fast Process Corner)
  Data Path Delay:        0.194ns  (logic 0.039ns (20.057%)  route 0.155ns (79.943%))
  Logic Levels:           0  
  Clock Path Skew:        0.156ns (DCD - SCD - CPR)
    Destination Clock Delay (DCD):    1.270ns
    Source Clock Delay      (SCD):    1.115ns
    Clock Pessimism Removal (CPR):    -0.000ns
  Clock Uncertainty:      0.141ns  ((TSJ^2 + DJ^2)^1/2) / 2 + PE
    Total System Jitter     (TSJ):    0.071ns
    Discrete Jitter          (DJ):    0.273ns
    Phase Error              (PE):    0.000ns
  Clock Net Delay (Source):      0.976ns (routing 0.311ns, distribution 0.665ns)
  Clock Net Delay (Destination): 1.098ns (routing 0.352ns, distribution 0.746ns)
  Timing Exception:       False Path

    Location             Delay type                Incr(ns)  Path(ns)    Netlist Resource(s)
  -------------------------------------------------------------------    -------------------
                         (clock clk_pl_0 rise edge)
                                                      0.000     0.000 r  <hidden>
    PS8_X0Y0             PS8                          0.000     0.000 r  system_i/zynq_ultra_ps_e_0/inst/PS8_i/PLCLK[0]
                         net (fo=1, routed)           0.122     0.122    system_i/zynq_ultra_ps_e_0/inst/pl_clk_unbuffered[0]
    BUFG_PS_X0Y80        BUFG_PS (Prop_BUFG_PS_I_O)
                                                      0.017     0.139 r  system_i/zynq_ultra_ps_e_0/inst/buffer_pl_clk_0.PL_CLK_0_BUFG/O
    X1Y2 (CLOCK_ROOT)    net (fo=12466, routed)       0.976     1.115    system_i/mem_smc/inst/clk_map/psr_aclk/U0/aclk
    SLICE_X50Y109        FDRE                                         r  system_i/mem_smc/inst/clk_map/psr_aclk/U0/ACTIVE_LOW_BSR_OUT_DFF[0].FDRE_BSR_N/C
  -------------------------------------------------------------------    -------------------
    SLICE_X50Y109        FDRE (Prop_HFF_SLICEM_C_Q)
                                                      0.039     1.154 r  system_i/mem_smc/inst/clk_map/psr_aclk/U0/ACTIVE_LOW_BSR_OUT_DFF[0].FDRE_BSR_N/Q
                         net (fo=51, routed)          0.155     1.309    system_i/mem_smc/inst/s00_entry_pipeline/s00_mmu/inst/xpm_cdc_async_rst_inst/src_arst
    SLICE_X51Y110        FDCE                                         f  system_i/mem_smc/inst/s00_entry_pipeline/s00_mmu/inst/xpm_cdc_async_rst_inst/arststages_ff_reg[1]/CLR  (IS_INVERTED)
  -------------------------------------------------------------------    -------------------

                         (clock clk_pl_0 rise edge)
                                                      0.000     0.000 r  <hidden>
    PS8_X0Y0             PS8                          0.000     0.000 r  system_i/zynq_ultra_ps_e_0/inst/PS8_i/PLCLK[0]
                         net (fo=1, routed)           0.154     0.154    system_i/zynq_ultra_ps_e_0/inst/pl_clk_unbuffered[0]
    BUFG_PS_X0Y80        BUFG_PS (Prop_BUFG_PS_I_O)
                                                      0.018     0.172 r  system_i/zynq_ultra_ps_e_0/inst/buffer_pl_clk_0.PL_CLK_0_BUFG/O
    X1Y2 (CLOCK_ROOT)    net (fo=12466, routed)       1.098     1.270    system_i/mem_smc/inst/s00_entry_pipeline/s00_mmu/inst/xpm_cdc_async_rst_inst/dest_clk
    SLICE_X51Y110        FDCE                                         r  system_i/mem_smc/inst/s00_entry_pipeline/s00_mmu/inst/xpm_cdc_async_rst_inst/arststages_ff_reg[1]/C

Slack:                    inf
  Source:                 system_i/mem_smc/inst/clk_map/psr_aclk/U0/ACTIVE_LOW_BSR_OUT_DFF[0].FDRE_BSR_N/C
                            (rising edge-triggered cell FDRE clocked by clk_pl_0  {rise@0.000ns fall@6.667ns period=13.333ns})
  Destination:            system_i/mem_smc/inst/s00_entry_pipeline/s00_mmu/inst/xpm_cdc_async_rst_inst/arststages_ff_reg[2]/CLR
                            (removal check against rising-edge clock clk_pl_0  {rise@0.000ns fall@6.667ns period=13.333ns})
  Path Group:             (none)
  Path Type:              Removal (Min at Fast Process Corner)
  Data Path Delay:        0.194ns  (logic 0.039ns (20.057%)  route 0.155ns (79.943%))
  Logic Levels:           0  
  Clock Path Skew:        0.156ns (DCD - SCD - CPR)
    Destination Clock Delay (DCD):    1.270ns
    Source Clock Delay      (SCD):    1.115ns
    Clock Pessimism Removal (CPR):    -0.000ns
  Clock Uncertainty:      0.141ns  ((TSJ^2 + DJ^2)^1/2) / 2 + PE
    Total System Jitter     (TSJ):    0.071ns
    Discrete Jitter          (DJ):    0.273ns
    Phase Error              (PE):    0.000ns
  Clock Net Delay (Source):      0.976ns (routing 0.311ns, distribution 0.665ns)
  Clock Net Delay (Destination): 1.098ns (routing 0.352ns, distribution 0.746ns)
  Timing Exception:       False Path

    Location             Delay type                Incr(ns)  Path(ns)    Netlist Resource(s)
  -------------------------------------------------------------------    -------------------
                         (clock clk_pl_0 rise edge)
                                                      0.000     0.000 r  <hidden>
    PS8_X0Y0             PS8                          0.000     0.000 r  system_i/zynq_ultra_ps_e_0/inst/PS8_i/PLCLK[0]
                         net (fo=1, routed)           0.122     0.122    system_i/zynq_ultra_ps_e_0/inst/pl_clk_unbuffered[0]
    BUFG_PS_X0Y80        BUFG_PS (Prop_BUFG_PS_I_O)
                                                      0.017     0.139 r  system_i/zynq_ultra_ps_e_0/inst/buffer_pl_clk_0.PL_CLK_0_BUFG/O
    X1Y2 (CLOCK_ROOT)    net (fo=12466, routed)       0.976     1.115    system_i/mem_smc/inst/clk_map/psr_aclk/U0/aclk
    SLICE_X50Y109        FDRE                                         r  system_i/mem_smc/inst/clk_map/psr_aclk/U0/ACTIVE_LOW_BSR_OUT_DFF[0].FDRE_BSR_N/C
  -------------------------------------------------------------------    -------------------
    SLICE_X50Y109        FDRE (Prop_HFF_SLICEM_C_Q)
                                                      0.039     1.154 r  system_i/mem_smc/inst/clk_map/psr_aclk/U0/ACTIVE_LOW_BSR_OUT_DFF[0].FDRE_BSR_N/Q
                         net (fo=51, routed)          0.155     1.309    system_i/mem_smc/inst/s00_entry_pipeline/s00_mmu/inst/xpm_cdc_async_rst_inst/src_arst
    SLICE_X51Y110        FDCE                                         f  system_i/mem_smc/inst/s00_entry_pipeline/s00_mmu/inst/xpm_cdc_async_rst_inst/arststages_ff_reg[2]/CLR  (IS_INVERTED)
  -------------------------------------------------------------------    -------------------

                         (clock clk_pl_0 rise edge)
                                                      0.000     0.000 r  <hidden>
    PS8_X0Y0             PS8                          0.000     0.000 r  system_i/zynq_ultra_ps_e_0/inst/PS8_i/PLCLK[0]
                         net (fo=1, routed)           0.154     0.154    system_i/zynq_ultra_ps_e_0/inst/pl_clk_unbuffered[0]
    BUFG_PS_X0Y80        BUFG_PS (Prop_BUFG_PS_I_O)
                                                      0.018     0.172 r  system_i/zynq_ultra_ps_e_0/inst/buffer_pl_clk_0.PL_CLK_0_BUFG/O
    X1Y2 (CLOCK_ROOT)    net (fo=12466, routed)       1.098     1.270    system_i/mem_smc/inst/s00_entry_pipeline/s00_mmu/inst/xpm_cdc_async_rst_inst/dest_clk
    SLICE_X51Y110        FDCE                                         r  system_i/mem_smc/inst/s00_entry_pipeline/s00_mmu/inst/xpm_cdc_async_rst_inst/arststages_ff_reg[2]/C

Slack:                    inf
  Source:                 system_i/mem_smc/inst/clk_map/psr_aclk/U0/ACTIVE_LOW_BSR_OUT_DFF[0].FDRE_BSR_N/C
                            (rising edge-triggered cell FDRE clocked by clk_pl_0  {rise@0.000ns fall@6.667ns period=13.333ns})
  Destination:            system_i/mem_smc/inst/s01_nodes/s01_b_node/inst/s_sc_xpm_cdc_async_rst_inst/arststages_ff_reg[0]/CLR
                            (removal check against rising-edge clock clk_pl_0  {rise@0.000ns fall@6.667ns period=13.333ns})
  Path Group:             (none)
  Path Type:              Removal (Min at Fast Process Corner)
  Data Path Delay:        0.359ns  (logic 0.039ns (10.878%)  route 0.320ns (89.122%))
  Logic Levels:           0  
  Clock Path Skew:        0.152ns (DCD - SCD - CPR)
    Destination Clock Delay (DCD):    1.266ns
    Source Clock Delay      (SCD):    1.115ns
    Clock Pessimism Removal (CPR):    -0.000ns
  Clock Uncertainty:      0.141ns  ((TSJ^2 + DJ^2)^1/2) / 2 + PE
    Total System Jitter     (TSJ):    0.071ns
    Discrete Jitter          (DJ):    0.273ns
    Phase Error              (PE):    0.000ns
  Clock Net Delay (Source):      0.976ns (routing 0.311ns, distribution 0.665ns)
  Clock Net Delay (Destination): 1.094ns (routing 0.352ns, distribution 0.742ns)
  Timing Exception:       False Path

    Location             Delay type                Incr(ns)  Path(ns)    Netlist Resource(s)
  -------------------------------------------------------------------    -------------------
                         (clock clk_pl_0 rise edge)
                                                      0.000     0.000 r  <hidden>
    PS8_X0Y0             PS8                          0.000     0.000 r  system_i/zynq_ultra_ps_e_0/inst/PS8_i/PLCLK[0]
                         net (fo=1, routed)           0.122     0.122    system_i/zynq_ultra_ps_e_0/inst/pl_clk_unbuffered[0]
    BUFG_PS_X0Y80        BUFG_PS (Prop_BUFG_PS_I_O)
                                                      0.017     0.139 r  system_i/zynq_ultra_ps_e_0/inst/buffer_pl_clk_0.PL_CLK_0_BUFG/O
    X1Y2 (CLOCK_ROOT)    net (fo=12466, routed)       0.976     1.115    system_i/mem_smc/inst/clk_map/psr_aclk/U0/aclk
    SLICE_X50Y109        FDRE                                         r  system_i/mem_smc/inst/clk_map/psr_aclk/U0/ACTIVE_LOW_BSR_OUT_DFF[0].FDRE_BSR_N/C
  -------------------------------------------------------------------    -------------------
    SLICE_X50Y109        FDRE (Prop_HFF_SLICEM_C_Q)
                                                      0.039     1.154 r  system_i/mem_smc/inst/clk_map/psr_aclk/U0/ACTIVE_LOW_BSR_OUT_DFF[0].FDRE_BSR_N/Q
                         net (fo=51, routed)          0.320     1.473    system_i/mem_smc/inst/s01_nodes/s01_b_node/inst/s_sc_xpm_cdc_async_rst_inst/src_arst
    SLICE_X53Y94         FDCE                                         f  system_i/mem_smc/inst/s01_nodes/s01_b_node/inst/s_sc_xpm_cdc_async_rst_inst/arststages_ff_reg[0]/CLR  (IS_INVERTED)
  -------------------------------------------------------------------    -------------------

                         (clock clk_pl_0 rise edge)
                                                      0.000     0.000 r  <hidden>
    PS8_X0Y0             PS8                          0.000     0.000 r  system_i/zynq_ultra_ps_e_0/inst/PS8_i/PLCLK[0]
                         net (fo=1, routed)           0.154     0.154    system_i/zynq_ultra_ps_e_0/inst/pl_clk_unbuffered[0]
    BUFG_PS_X0Y80        BUFG_PS (Prop_BUFG_PS_I_O)
                                                      0.018     0.172 r  system_i/zynq_ultra_ps_e_0/inst/buffer_pl_clk_0.PL_CLK_0_BUFG/O
    X1Y2 (CLOCK_ROOT)    net (fo=12466, routed)       1.094     1.266    system_i/mem_smc/inst/s01_nodes/s01_b_node/inst/s_sc_xpm_cdc_async_rst_inst/dest_clk
    SLICE_X53Y94         FDCE                                         r  system_i/mem_smc/inst/s01_nodes/s01_b_node/inst/s_sc_xpm_cdc_async_rst_inst/arststages_ff_reg[0]/C

Slack:                    inf
  Source:                 system_i/mem_smc/inst/clk_map/psr_aclk/U0/ACTIVE_LOW_BSR_OUT_DFF[0].FDRE_BSR_N/C
                            (rising edge-triggered cell FDRE clocked by clk_pl_0  {rise@0.000ns fall@6.667ns period=13.333ns})
  Destination:            system_i/mem_smc/inst/s01_nodes/s01_b_node/inst/s_sc_xpm_cdc_async_rst_inst/arststages_ff_reg[1]/CLR
                            (removal check against rising-edge clock clk_pl_0  {rise@0.000ns fall@6.667ns period=13.333ns})
  Path Group:             (none)
  Path Type:              Removal (Min at Fast Process Corner)
  Data Path Delay:        0.359ns  (logic 0.039ns (10.878%)  route 0.320ns (89.122%))
  Logic Levels:           0  
  Clock Path Skew:        0.152ns (DCD - SCD - CPR)
    Destination Clock Delay (DCD):    1.266ns
    Source Clock Delay      (SCD):    1.115ns
    Clock Pessimism Removal (CPR):    -0.000ns
  Clock Uncertainty:      0.141ns  ((TSJ^2 + DJ^2)^1/2) / 2 + PE
    Total System Jitter     (TSJ):    0.071ns
    Discrete Jitter          (DJ):    0.273ns
    Phase Error              (PE):    0.000ns
  Clock Net Delay (Source):      0.976ns (routing 0.311ns, distribution 0.665ns)
  Clock Net Delay (Destination): 1.094ns (routing 0.352ns, distribution 0.742ns)
  Timing Exception:       False Path

    Location             Delay type                Incr(ns)  Path(ns)    Netlist Resource(s)
  -------------------------------------------------------------------    -------------------
                         (clock clk_pl_0 rise edge)
                                                      0.000     0.000 r  <hidden>
    PS8_X0Y0             PS8                          0.000     0.000 r  system_i/zynq_ultra_ps_e_0/inst/PS8_i/PLCLK[0]
                         net (fo=1, routed)           0.122     0.122    system_i/zynq_ultra_ps_e_0/inst/pl_clk_unbuffered[0]
    BUFG_PS_X0Y80        BUFG_PS (Prop_BUFG_PS_I_O)
                                                      0.017     0.139 r  system_i/zynq_ultra_ps_e_0/inst/buffer_pl_clk_0.PL_CLK_0_BUFG/O
    X1Y2 (CLOCK_ROOT)    net (fo=12466, routed)       0.976     1.115    system_i/mem_smc/inst/clk_map/psr_aclk/U0/aclk
    SLICE_X50Y109        FDRE                                         r  system_i/mem_smc/inst/clk_map/psr_aclk/U0/ACTIVE_LOW_BSR_OUT_DFF[0].FDRE_BSR_N/C
  -------------------------------------------------------------------    -------------------
    SLICE_X50Y109        FDRE (Prop_HFF_SLICEM_C_Q)
                                                      0.039     1.154 r  system_i/mem_smc/inst/clk_map/psr_aclk/U0/ACTIVE_LOW_BSR_OUT_DFF[0].FDRE_BSR_N/Q
                         net (fo=51, routed)          0.320     1.473    system_i/mem_smc/inst/s01_nodes/s01_b_node/inst/s_sc_xpm_cdc_async_rst_inst/src_arst
    SLICE_X53Y94         FDCE                                         f  system_i/mem_smc/inst/s01_nodes/s01_b_node/inst/s_sc_xpm_cdc_async_rst_inst/arststages_ff_reg[1]/CLR  (IS_INVERTED)
  -------------------------------------------------------------------    -------------------

                         (clock clk_pl_0 rise edge)
                                                      0.000     0.000 r  <hidden>
    PS8_X0Y0             PS8                          0.000     0.000 r  system_i/zynq_ultra_ps_e_0/inst/PS8_i/PLCLK[0]
                         net (fo=1, routed)           0.154     0.154    system_i/zynq_ultra_ps_e_0/inst/pl_clk_unbuffered[0]
    BUFG_PS_X0Y80        BUFG_PS (Prop_BUFG_PS_I_O)
                                                      0.018     0.172 r  system_i/zynq_ultra_ps_e_0/inst/buffer_pl_clk_0.PL_CLK_0_BUFG/O
    X1Y2 (CLOCK_ROOT)    net (fo=12466, routed)       1.094     1.266    system_i/mem_smc/inst/s01_nodes/s01_b_node/inst/s_sc_xpm_cdc_async_rst_inst/dest_clk
    SLICE_X53Y94         FDCE                                         r  system_i/mem_smc/inst/s01_nodes/s01_b_node/inst/s_sc_xpm_cdc_async_rst_inst/arststages_ff_reg[1]/C

Slack:                    inf
  Source:                 system_i/mem_smc/inst/clk_map/psr_aclk/U0/ACTIVE_LOW_BSR_OUT_DFF[0].FDRE_BSR_N/C
                            (rising edge-triggered cell FDRE clocked by clk_pl_0  {rise@0.000ns fall@6.667ns period=13.333ns})
  Destination:            system_i/mem_smc/inst/s01_nodes/s01_b_node/inst/s_sc_xpm_cdc_async_rst_inst/arststages_ff_reg[2]/CLR
                            (removal check against rising-edge clock clk_pl_0  {rise@0.000ns fall@6.667ns period=13.333ns})
  Path Group:             (none)
  Path Type:              Removal (Min at Fast Process Corner)
  Data Path Delay:        0.359ns  (logic 0.039ns (10.878%)  route 0.320ns (89.122%))
  Logic Levels:           0  
  Clock Path Skew:        0.152ns (DCD - SCD - CPR)
    Destination Clock Delay (DCD):    1.266ns
    Source Clock Delay      (SCD):    1.115ns
    Clock Pessimism Removal (CPR):    -0.000ns
  Clock Uncertainty:      0.141ns  ((TSJ^2 + DJ^2)^1/2) / 2 + PE
    Total System Jitter     (TSJ):    0.071ns
    Discrete Jitter          (DJ):    0.273ns
    Phase Error              (PE):    0.000ns
  Clock Net Delay (Source):      0.976ns (routing 0.311ns, distribution 0.665ns)
  Clock Net Delay (Destination): 1.094ns (routing 0.352ns, distribution 0.742ns)
  Timing Exception:       False Path

    Location             Delay type                Incr(ns)  Path(ns)    Netlist Resource(s)
  -------------------------------------------------------------------    -------------------
                         (clock clk_pl_0 rise edge)
                                                      0.000     0.000 r  <hidden>
    PS8_X0Y0             PS8                          0.000     0.000 r  system_i/zynq_ultra_ps_e_0/inst/PS8_i/PLCLK[0]
                         net (fo=1, routed)           0.122     0.122    system_i/zynq_ultra_ps_e_0/inst/pl_clk_unbuffered[0]
    BUFG_PS_X0Y80        BUFG_PS (Prop_BUFG_PS_I_O)
                                                      0.017     0.139 r  system_i/zynq_ultra_ps_e_0/inst/buffer_pl_clk_0.PL_CLK_0_BUFG/O
    X1Y2 (CLOCK_ROOT)    net (fo=12466, routed)       0.976     1.115    system_i/mem_smc/inst/clk_map/psr_aclk/U0/aclk
    SLICE_X50Y109        FDRE                                         r  system_i/mem_smc/inst/clk_map/psr_aclk/U0/ACTIVE_LOW_BSR_OUT_DFF[0].FDRE_BSR_N/C
  -------------------------------------------------------------------    -------------------
    SLICE_X50Y109        FDRE (Prop_HFF_SLICEM_C_Q)
                                                      0.039     1.154 r  system_i/mem_smc/inst/clk_map/psr_aclk/U0/ACTIVE_LOW_BSR_OUT_DFF[0].FDRE_BSR_N/Q
                         net (fo=51, routed)          0.320     1.473    system_i/mem_smc/inst/s01_nodes/s01_b_node/inst/s_sc_xpm_cdc_async_rst_inst/src_arst
    SLICE_X53Y94         FDCE                                         f  system_i/mem_smc/inst/s01_nodes/s01_b_node/inst/s_sc_xpm_cdc_async_rst_inst/arststages_ff_reg[2]/CLR  (IS_INVERTED)
  -------------------------------------------------------------------    -------------------

                         (clock clk_pl_0 rise edge)
                                                      0.000     0.000 r  <hidden>
    PS8_X0Y0             PS8                          0.000     0.000 r  system_i/zynq_ultra_ps_e_0/inst/PS8_i/PLCLK[0]
                         net (fo=1, routed)           0.154     0.154    system_i/zynq_ultra_ps_e_0/inst/pl_clk_unbuffered[0]
    BUFG_PS_X0Y80        BUFG_PS (Prop_BUFG_PS_I_O)
                                                      0.018     0.172 r  system_i/zynq_ultra_ps_e_0/inst/buffer_pl_clk_0.PL_CLK_0_BUFG/O
    X1Y2 (CLOCK_ROOT)    net (fo=12466, routed)       1.094     1.266    system_i/mem_smc/inst/s01_nodes/s01_b_node/inst/s_sc_xpm_cdc_async_rst_inst/dest_clk
    SLICE_X53Y94         FDCE                                         r  system_i/mem_smc/inst/s01_nodes/s01_b_node/inst/s_sc_xpm_cdc_async_rst_inst/arststages_ff_reg[2]/C

Slack:                    inf
  Source:                 system_i/mem_smc/inst/clk_map/psr_aclk/U0/ACTIVE_LOW_BSR_OUT_DFF[0].FDRE_BSR_N/C
                            (rising edge-triggered cell FDRE clocked by clk_pl_0  {rise@0.000ns fall@6.667ns period=13.333ns})
  Destination:            system_i/mem_smc/inst/s01_entry_pipeline/s01_transaction_regulator/inst/xpm_cdc_async_rst_inst/arststages_ff_reg[0]/CLR
                            (removal check against rising-edge clock clk_pl_0  {rise@0.000ns fall@6.667ns period=13.333ns})
  Path Group:             (none)
  Path Type:              Removal (Min at Fast Process Corner)
  Data Path Delay:        0.411ns  (logic 0.039ns (9.500%)  route 0.372ns (90.500%))
  Logic Levels:           0  
  Clock Path Skew:        0.170ns (DCD - SCD - CPR)
    Destination Clock Delay (DCD):    1.285ns
    Source Clock Delay      (SCD):    1.115ns
    Clock Pessimism Removal (CPR):    -0.000ns
  Clock Uncertainty:      0.141ns  ((TSJ^2 + DJ^2)^1/2) / 2 + PE
    Total System Jitter     (TSJ):    0.071ns
    Discrete Jitter          (DJ):    0.273ns
    Phase Error              (PE):    0.000ns
  Clock Net Delay (Source):      0.976ns (routing 0.311ns, distribution 0.665ns)
  Clock Net Delay (Destination): 1.113ns (routing 0.352ns, distribution 0.761ns)
  Timing Exception:       False Path

    Location             Delay type                Incr(ns)  Path(ns)    Netlist Resource(s)
  -------------------------------------------------------------------    -------------------
                         (clock clk_pl_0 rise edge)
                                                      0.000     0.000 r  <hidden>
    PS8_X0Y0             PS8                          0.000     0.000 r  system_i/zynq_ultra_ps_e_0/inst/PS8_i/PLCLK[0]
                         net (fo=1, routed)           0.122     0.122    system_i/zynq_ultra_ps_e_0/inst/pl_clk_unbuffered[0]
    BUFG_PS_X0Y80        BUFG_PS (Prop_BUFG_PS_I_O)
                                                      0.017     0.139 r  system_i/zynq_ultra_ps_e_0/inst/buffer_pl_clk_0.PL_CLK_0_BUFG/O
    X1Y2 (CLOCK_ROOT)    net (fo=12466, routed)       0.976     1.115    system_i/mem_smc/inst/clk_map/psr_aclk/U0/aclk
    SLICE_X50Y109        FDRE                                         r  system_i/mem_smc/inst/clk_map/psr_aclk/U0/ACTIVE_LOW_BSR_OUT_DFF[0].FDRE_BSR_N/C
  -------------------------------------------------------------------    -------------------
    SLICE_X50Y109        FDRE (Prop_HFF_SLICEM_C_Q)
                                                      0.039     1.154 r  system_i/mem_smc/inst/clk_map/psr_aclk/U0/ACTIVE_LOW_BSR_OUT_DFF[0].FDRE_BSR_N/Q
                         net (fo=51, routed)          0.372     1.525    system_i/mem_smc/inst/s01_entry_pipeline/s01_transaction_regulator/inst/xpm_cdc_async_rst_inst/src_arst
    SLICE_X60Y95         FDCE                                         f  system_i/mem_smc/inst/s01_entry_pipeline/s01_transaction_regulator/inst/xpm_cdc_async_rst_inst/arststages_ff_reg[0]/CLR  (IS_INVERTED)
  -------------------------------------------------------------------    -------------------

                         (clock clk_pl_0 rise edge)
                                                      0.000     0.000 r  <hidden>
    PS8_X0Y0             PS8                          0.000     0.000 r  system_i/zynq_ultra_ps_e_0/inst/PS8_i/PLCLK[0]
                         net (fo=1, routed)           0.154     0.154    system_i/zynq_ultra_ps_e_0/inst/pl_clk_unbuffered[0]
    BUFG_PS_X0Y80        BUFG_PS (Prop_BUFG_PS_I_O)
                                                      0.018     0.172 r  system_i/zynq_ultra_ps_e_0/inst/buffer_pl_clk_0.PL_CLK_0_BUFG/O
    X1Y2 (CLOCK_ROOT)    net (fo=12466, routed)       1.113     1.285    system_i/mem_smc/inst/s01_entry_pipeline/s01_transaction_regulator/inst/xpm_cdc_async_rst_inst/dest_clk
    SLICE_X60Y95         FDCE                                         r  system_i/mem_smc/inst/s01_entry_pipeline/s01_transaction_regulator/inst/xpm_cdc_async_rst_inst/arststages_ff_reg[0]/C

Slack:                    inf
  Source:                 system_i/mem_smc/inst/clk_map/psr_aclk/U0/ACTIVE_LOW_BSR_OUT_DFF[0].FDRE_BSR_N/C
                            (rising edge-triggered cell FDRE clocked by clk_pl_0  {rise@0.000ns fall@6.667ns period=13.333ns})
  Destination:            system_i/mem_smc/inst/s01_entry_pipeline/s01_transaction_regulator/inst/xpm_cdc_async_rst_inst/arststages_ff_reg[1]/CLR
                            (removal check against rising-edge clock clk_pl_0  {rise@0.000ns fall@6.667ns period=13.333ns})
  Path Group:             (none)
  Path Type:              Removal (Min at Fast Process Corner)
  Data Path Delay:        0.411ns  (logic 0.039ns (9.500%)  route 0.372ns (90.500%))
  Logic Levels:           0  
  Clock Path Skew:        0.170ns (DCD - SCD - CPR)
    Destination Clock Delay (DCD):    1.285ns
    Source Clock Delay      (SCD):    1.115ns
    Clock Pessimism Removal (CPR):    -0.000ns
  Clock Uncertainty:      0.141ns  ((TSJ^2 + DJ^2)^1/2) / 2 + PE
    Total System Jitter     (TSJ):    0.071ns
    Discrete Jitter          (DJ):    0.273ns
    Phase Error              (PE):    0.000ns
  Clock Net Delay (Source):      0.976ns (routing 0.311ns, distribution 0.665ns)
  Clock Net Delay (Destination): 1.113ns (routing 0.352ns, distribution 0.761ns)
  Timing Exception:       False Path

    Location             Delay type                Incr(ns)  Path(ns)    Netlist Resource(s)
  -------------------------------------------------------------------    -------------------
                         (clock clk_pl_0 rise edge)
                                                      0.000     0.000 r  <hidden>
    PS8_X0Y0             PS8                          0.000     0.000 r  system_i/zynq_ultra_ps_e_0/inst/PS8_i/PLCLK[0]
                         net (fo=1, routed)           0.122     0.122    system_i/zynq_ultra_ps_e_0/inst/pl_clk_unbuffered[0]
    BUFG_PS_X0Y80        BUFG_PS (Prop_BUFG_PS_I_O)
                                                      0.017     0.139 r  system_i/zynq_ultra_ps_e_0/inst/buffer_pl_clk_0.PL_CLK_0_BUFG/O
    X1Y2 (CLOCK_ROOT)    net (fo=12466, routed)       0.976     1.115    system_i/mem_smc/inst/clk_map/psr_aclk/U0/aclk
    SLICE_X50Y109        FDRE                                         r  system_i/mem_smc/inst/clk_map/psr_aclk/U0/ACTIVE_LOW_BSR_OUT_DFF[0].FDRE_BSR_N/C
  -------------------------------------------------------------------    -------------------
    SLICE_X50Y109        FDRE (Prop_HFF_SLICEM_C_Q)
                                                      0.039     1.154 r  system_i/mem_smc/inst/clk_map/psr_aclk/U0/ACTIVE_LOW_BSR_OUT_DFF[0].FDRE_BSR_N/Q
                         net (fo=51, routed)          0.372     1.525    system_i/mem_smc/inst/s01_entry_pipeline/s01_transaction_regulator/inst/xpm_cdc_async_rst_inst/src_arst
    SLICE_X60Y95         FDCE                                         f  system_i/mem_smc/inst/s01_entry_pipeline/s01_transaction_regulator/inst/xpm_cdc_async_rst_inst/arststages_ff_reg[1]/CLR  (IS_INVERTED)
  -------------------------------------------------------------------    -------------------

                         (clock clk_pl_0 rise edge)
                                                      0.000     0.000 r  <hidden>
    PS8_X0Y0             PS8                          0.000     0.000 r  system_i/zynq_ultra_ps_e_0/inst/PS8_i/PLCLK[0]
                         net (fo=1, routed)           0.154     0.154    system_i/zynq_ultra_ps_e_0/inst/pl_clk_unbuffered[0]
    BUFG_PS_X0Y80        BUFG_PS (Prop_BUFG_PS_I_O)
                                                      0.018     0.172 r  system_i/zynq_ultra_ps_e_0/inst/buffer_pl_clk_0.PL_CLK_0_BUFG/O
    X1Y2 (CLOCK_ROOT)    net (fo=12466, routed)       1.113     1.285    system_i/mem_smc/inst/s01_entry_pipeline/s01_transaction_regulator/inst/xpm_cdc_async_rst_inst/dest_clk
    SLICE_X60Y95         FDCE                                         r  system_i/mem_smc/inst/s01_entry_pipeline/s01_transaction_regulator/inst/xpm_cdc_async_rst_inst/arststages_ff_reg[1]/C

Slack:                    inf
  Source:                 system_i/mem_smc/inst/clk_map/psr_aclk/U0/ACTIVE_LOW_BSR_OUT_DFF[0].FDRE_BSR_N/C
                            (rising edge-triggered cell FDRE clocked by clk_pl_0  {rise@0.000ns fall@6.667ns period=13.333ns})
  Destination:            system_i/mem_smc/inst/s01_entry_pipeline/s01_transaction_regulator/inst/xpm_cdc_async_rst_inst/arststages_ff_reg[2]/CLR
                            (removal check against rising-edge clock clk_pl_0  {rise@0.000ns fall@6.667ns period=13.333ns})
  Path Group:             (none)
  Path Type:              Removal (Min at Fast Process Corner)
  Data Path Delay:        0.411ns  (logic 0.039ns (9.500%)  route 0.372ns (90.500%))
  Logic Levels:           0  
  Clock Path Skew:        0.170ns (DCD - SCD - CPR)
    Destination Clock Delay (DCD):    1.285ns
    Source Clock Delay      (SCD):    1.115ns
    Clock Pessimism Removal (CPR):    -0.000ns
  Clock Uncertainty:      0.141ns  ((TSJ^2 + DJ^2)^1/2) / 2 + PE
    Total System Jitter     (TSJ):    0.071ns
    Discrete Jitter          (DJ):    0.273ns
    Phase Error              (PE):    0.000ns
  Clock Net Delay (Source):      0.976ns (routing 0.311ns, distribution 0.665ns)
  Clock Net Delay (Destination): 1.113ns (routing 0.352ns, distribution 0.761ns)
  Timing Exception:       False Path

    Location             Delay type                Incr(ns)  Path(ns)    Netlist Resource(s)
  -------------------------------------------------------------------    -------------------
                         (clock clk_pl_0 rise edge)
                                                      0.000     0.000 r  <hidden>
    PS8_X0Y0             PS8                          0.000     0.000 r  system_i/zynq_ultra_ps_e_0/inst/PS8_i/PLCLK[0]
                         net (fo=1, routed)           0.122     0.122    system_i/zynq_ultra_ps_e_0/inst/pl_clk_unbuffered[0]
    BUFG_PS_X0Y80        BUFG_PS (Prop_BUFG_PS_I_O)
                                                      0.017     0.139 r  system_i/zynq_ultra_ps_e_0/inst/buffer_pl_clk_0.PL_CLK_0_BUFG/O
    X1Y2 (CLOCK_ROOT)    net (fo=12466, routed)       0.976     1.115    system_i/mem_smc/inst/clk_map/psr_aclk/U0/aclk
    SLICE_X50Y109        FDRE                                         r  system_i/mem_smc/inst/clk_map/psr_aclk/U0/ACTIVE_LOW_BSR_OUT_DFF[0].FDRE_BSR_N/C
  -------------------------------------------------------------------    -------------------
    SLICE_X50Y109        FDRE (Prop_HFF_SLICEM_C_Q)
                                                      0.039     1.154 r  system_i/mem_smc/inst/clk_map/psr_aclk/U0/ACTIVE_LOW_BSR_OUT_DFF[0].FDRE_BSR_N/Q
                         net (fo=51, routed)          0.372     1.525    system_i/mem_smc/inst/s01_entry_pipeline/s01_transaction_regulator/inst/xpm_cdc_async_rst_inst/src_arst
    SLICE_X60Y95         FDCE                                         f  system_i/mem_smc/inst/s01_entry_pipeline/s01_transaction_regulator/inst/xpm_cdc_async_rst_inst/arststages_ff_reg[2]/CLR  (IS_INVERTED)
  -------------------------------------------------------------------    -------------------

                         (clock clk_pl_0 rise edge)
                                                      0.000     0.000 r  <hidden>
    PS8_X0Y0             PS8                          0.000     0.000 r  system_i/zynq_ultra_ps_e_0/inst/PS8_i/PLCLK[0]
                         net (fo=1, routed)           0.154     0.154    system_i/zynq_ultra_ps_e_0/inst/pl_clk_unbuffered[0]
    BUFG_PS_X0Y80        BUFG_PS (Prop_BUFG_PS_I_O)
                                                      0.018     0.172 r  system_i/zynq_ultra_ps_e_0/inst/buffer_pl_clk_0.PL_CLK_0_BUFG/O
    X1Y2 (CLOCK_ROOT)    net (fo=12466, routed)       1.113     1.285    system_i/mem_smc/inst/s01_entry_pipeline/s01_transaction_regulator/inst/xpm_cdc_async_rst_inst/dest_clk
    SLICE_X60Y95         FDCE                                         r  system_i/mem_smc/inst/s01_entry_pipeline/s01_transaction_regulator/inst/xpm_cdc_async_rst_inst/arststages_ff_reg[2]/C

Slack:                    inf
  Source:                 system_i/mem_smc/inst/clk_map/psr_aclk/U0/ACTIVE_LOW_BSR_OUT_DFF[0].FDRE_BSR_N/C
                            (rising edge-triggered cell FDRE clocked by clk_pl_0  {rise@0.000ns fall@6.667ns period=13.333ns})
  Destination:            system_i/mem_smc/inst/s01_entry_pipeline/s01_mmu/inst/xpm_cdc_async_rst_inst/arststages_ff_reg[0]/CLR
                            (removal check against rising-edge clock clk_pl_0  {rise@0.000ns fall@6.667ns period=13.333ns})
  Path Group:             (none)
  Path Type:              Removal (Min at Fast Process Corner)
  Data Path Delay:        0.413ns  (logic 0.039ns (9.454%)  route 0.374ns (90.546%))
  Logic Levels:           0  
  Clock Path Skew:        0.171ns (DCD - SCD - CPR)
    Destination Clock Delay (DCD):    1.286ns
    Source Clock Delay      (SCD):    1.115ns
    Clock Pessimism Removal (CPR):    -0.000ns
  Clock Uncertainty:      0.141ns  ((TSJ^2 + DJ^2)^1/2) / 2 + PE
    Total System Jitter     (TSJ):    0.071ns
    Discrete Jitter          (DJ):    0.273ns
    Phase Error              (PE):    0.000ns
  Clock Net Delay (Source):      0.976ns (routing 0.311ns, distribution 0.665ns)
  Clock Net Delay (Destination): 1.114ns (routing 0.352ns, distribution 0.762ns)
  Timing Exception:       False Path

    Location             Delay type                Incr(ns)  Path(ns)    Netlist Resource(s)
  -------------------------------------------------------------------    -------------------
                         (clock clk_pl_0 rise edge)
                                                      0.000     0.000 r  <hidden>
    PS8_X0Y0             PS8                          0.000     0.000 r  system_i/zynq_ultra_ps_e_0/inst/PS8_i/PLCLK[0]
                         net (fo=1, routed)           0.122     0.122    system_i/zynq_ultra_ps_e_0/inst/pl_clk_unbuffered[0]
    BUFG_PS_X0Y80        BUFG_PS (Prop_BUFG_PS_I_O)
                                                      0.017     0.139 r  system_i/zynq_ultra_ps_e_0/inst/buffer_pl_clk_0.PL_CLK_0_BUFG/O
    X1Y2 (CLOCK_ROOT)    net (fo=12466, routed)       0.976     1.115    system_i/mem_smc/inst/clk_map/psr_aclk/U0/aclk
    SLICE_X50Y109        FDRE                                         r  system_i/mem_smc/inst/clk_map/psr_aclk/U0/ACTIVE_LOW_BSR_OUT_DFF[0].FDRE_BSR_N/C
  -------------------------------------------------------------------    -------------------
    SLICE_X50Y109        FDRE (Prop_HFF_SLICEM_C_Q)
                                                      0.039     1.154 r  system_i/mem_smc/inst/clk_map/psr_aclk/U0/ACTIVE_LOW_BSR_OUT_DFF[0].FDRE_BSR_N/Q
                         net (fo=51, routed)          0.374     1.527    system_i/mem_smc/inst/s01_entry_pipeline/s01_mmu/inst/xpm_cdc_async_rst_inst/src_arst
    SLICE_X59Y96         FDCE                                         f  system_i/mem_smc/inst/s01_entry_pipeline/s01_mmu/inst/xpm_cdc_async_rst_inst/arststages_ff_reg[0]/CLR  (IS_INVERTED)
  -------------------------------------------------------------------    -------------------

                         (clock clk_pl_0 rise edge)
                                                      0.000     0.000 r  <hidden>
    PS8_X0Y0             PS8                          0.000     0.000 r  system_i/zynq_ultra_ps_e_0/inst/PS8_i/PLCLK[0]
                         net (fo=1, routed)           0.154     0.154    system_i/zynq_ultra_ps_e_0/inst/pl_clk_unbuffered[0]
    BUFG_PS_X0Y80        BUFG_PS (Prop_BUFG_PS_I_O)
                                                      0.018     0.172 r  system_i/zynq_ultra_ps_e_0/inst/buffer_pl_clk_0.PL_CLK_0_BUFG/O
    X1Y2 (CLOCK_ROOT)    net (fo=12466, routed)       1.114     1.286    system_i/mem_smc/inst/s01_entry_pipeline/s01_mmu/inst/xpm_cdc_async_rst_inst/dest_clk
    SLICE_X59Y96         FDCE                                         r  system_i/mem_smc/inst/s01_entry_pipeline/s01_mmu/inst/xpm_cdc_async_rst_inst/arststages_ff_reg[0]/C





