Copyright 1986-2022 Xilinx, Inc. All Rights Reserved. Copyright 2022-2026 Advanced Micro Devices, Inc. All Rights Reserved.
--------------------------------------------------------------------------------------------------------------------------------------------------
| Tool Version      : Vivado v.2026.1 (win64) Build 6511674 Tue Jun 16 11:02:23 MDT 2026
| Date              : Fri Sep  4 22:17:35 2026
| Host              : karan running 64-bit major release  (build 9200)
| Command           : report_timing_summary -delay_type max -max_paths 10 -file C:/Users/ASUS/Vitis_ZCU104_AES/real_image_timing.rpt
| Design            : system_wrapper
| Device            : xczu7ev-ffvc1156
| Speed File        : -2  PRODUCTION 1.31 12-08-2025
| Design State      : Routed
| Temperature Grade : E
--------------------------------------------------------------------------------------------------------------------------------------------------

Timing Summary Report

------------------------------------------------------------------------------------------------
| Timer Settings
| --------------
------------------------------------------------------------------------------------------------

  Enable Multi Corner Analysis               :  Yes
  Enable Pessimism Removal                   :  Yes
  Pessimism Removal Resolution               :  Nearest Common Node
  Enable Input Delay Default Clock           :  No
  Enable Preset / Clear Arcs                 :  No
  Disable Flight Delays                      :  No
  Ignore I/O Paths                           :  No
  Timing Early Launch at Borrowing Latches   :  No
  Borrow Time for Max Delay Exceptions       :  Yes
  Merge Timing Exceptions                    :  Yes
  Inter-SLR Compensation                     :  Conservative

  Corner  Analyze    Analyze    
  Name    Max Paths  Min Paths  
  ------  ---------  ---------  
  Slow    Yes        Yes        
  Fast    Yes        Yes        


------------------------------------------------------------------------------------------------
| Report Methodology
| ------------------
------------------------------------------------------------------------------------------------

No report available as report_methodology has not been run prior. Run report_methodology on the current design for the summary of methodology violations.



check_timing report

Table of Contents
-----------------
1. checking no_clock (0)
2. checking constant_clock (0)
3. checking pulse_width_clock (0)
4. checking unconstrained_internal_endpoints (0)
5. checking no_input_delay (0)
6. checking no_output_delay (0)
7. checking multiple_clock (0)
8. checking generated_clocks (0)
9. checking loops (0)
10. checking partial_input_delay (0)
11. checking partial_output_delay (0)
12. checking latch_loops (0)

1. checking no_clock (0)
------------------------
 There are 0 register/latch pins with no clock.


2. checking constant_clock (0)
------------------------------
 There are 0 register/latch pins with constant_clock.


3. checking pulse_width_clock (0)
---------------------------------
 There are 0 register/latch pins which need pulse_width check


4. checking unconstrained_internal_endpoints (0)
------------------------------------------------
 There are 0 pins that are not constrained for maximum delay.

 There are 0 pins that are not constrained for maximum delay due to constant clock.


5. checking no_input_delay (0)
------------------------------
 There are 0 input ports with no input delay specified.

 There are 0 input ports with no input delay but user has a false path constraint.


6. checking no_output_delay (0)
-------------------------------
 There are 0 ports with no output delay specified.

 There are 0 ports with no output delay but user has a false path constraint

 There are 0 ports with no output delay but with a timing clock defined on it or propagating through it


7. checking multiple_clock (0)
------------------------------
 There are 0 register/latch pins with multiple clocks.


8. checking generated_clocks (0)
--------------------------------
 There are 0 generated clocks that are not connected to a clock source.


9. checking loops (0)
---------------------
 There are 0 combinational loops in the design.


10. checking partial_input_delay (0)
------------------------------------
 There are 0 input ports with partial input delay specified.


11. checking partial_output_delay (0)
-------------------------------------
 There are 0 ports with partial output delay specified.


12. checking latch_loops (0)
----------------------------
 There are 0 combinational latch loops in the design through latch input



------------------------------------------------------------------------------------------------
| Design Timing Summary
| ---------------------
------------------------------------------------------------------------------------------------

    WNS(ns)      TNS(ns)  TNS Failing Endpoints  TNS Total Endpoints     WPWS(ns)     TPWS(ns)  TPWS Failing Endpoints  TPWS Total Endpoints  
    -------      -------  ---------------------  -------------------     --------     --------  ----------------------  --------------------  
      0.342        0.000                      0                 6585        5.166        0.000                       0                  2867  


All user specified timing constraints are met.


------------------------------------------------------------------------------------------------
| Clock Summary
| -------------
------------------------------------------------------------------------------------------------

Clock     Waveform(ns)       Period(ns)      Frequency(MHz)
-----     ------------       ----------      --------------
clk_pl_0  {0.000 6.667}      13.333          75.002          


------------------------------------------------------------------------------------------------
| Intra Clock Table
| -----------------
------------------------------------------------------------------------------------------------

Clock             WNS(ns)      TNS(ns)  TNS Failing Endpoints  TNS Total Endpoints     WPWS(ns)     TPWS(ns)  TPWS Failing Endpoints  TPWS Total Endpoints  
-----             -------      -------  ---------------------  -------------------     --------     --------  ----------------------  --------------------  
clk_pl_0            0.342        0.000                      0                 5166        5.166        0.000                       0                  2867  


------------------------------------------------------------------------------------------------
| Inter Clock Table
| -----------------
------------------------------------------------------------------------------------------------

From Clock    To Clock          WNS(ns)      TNS(ns)  TNS Failing Endpoints  TNS Total Endpoints  
----------    --------          -------      -------  ---------------------  -------------------  


------------------------------------------------------------------------------------------------
| Other Path Groups Table
| -----------------------
------------------------------------------------------------------------------------------------

Path Group         From Clock         To Clock               WNS(ns)      TNS(ns)  TNS Failing Endpoints  TNS Total Endpoints  
----------         ----------         --------               -------      -------  ---------------------  -------------------  
**async_default**  clk_pl_0           clk_pl_0                 9.065        0.000                      0                 1419  


------------------------------------------------------------------------------------------------
| Timing Details
| --------------
------------------------------------------------------------------------------------------------


---------------------------------------------------------------------------------------------------
From Clock:  clk_pl_0
  To Clock:  clk_pl_0

Setup :            0  Failing Endpoints,  Worst Slack        0.342ns,  Total Violation        0.000ns
Hold  :           NA  Failing Endpoints,  Worst Slack           NA  ,  Total Violation           NA
PW    :            0  Failing Endpoints,  Worst Slack        5.166ns,  Total Violation        0.000ns
---------------------------------------------------------------------------------------------------


Max Delay Paths
--------------------------------------------------------------------------------------
Slack (MET) :             0.342ns  (required time - arrival time)
  Source:                 system_i/aes_ctr_axi_lite_0/inst/key_reg3_reg[21]/C
                            (rising edge-triggered cell FDRE clocked by clk_pl_0  {rise@0.000ns fall@6.667ns period=13.333ns})
  Destination:            system_i/aes_ctr_axi_lite_0/inst/u_aes/ciphertext_reg[68]/D
                            (rising edge-triggered cell FDCE clocked by clk_pl_0  {rise@0.000ns fall@6.667ns period=13.333ns})
  Path Group:             clk_pl_0
  Path Type:              Setup (Max at Slow Process Corner)
  Requirement:            13.333ns  (clk_pl_0 rise@13.333ns - clk_pl_0 rise@0.000ns)
  Data Path Delay:        12.724ns  (logic 4.568ns (35.902%)  route 8.156ns (64.098%))
  Logic Levels:           55  (LUT2=15 LUT3=3 LUT4=1 LUT5=1 LUT6=20 MUXF7=8 MUXF8=7)
  Clock Path Skew:        -0.151ns (DCD - SCD + CPR)
    Destination Clock Delay (DCD):    1.440ns = ( 14.773 - 13.333 ) 
    Source Clock Delay      (SCD):    1.660ns
    Clock Pessimism Removal (CPR):    0.069ns
  Clock Uncertainty:      0.141ns  ((TSJ^2 + DJ^2)^1/2) / 2 + PE
    Total System Jitter     (TSJ):    0.071ns
    Discrete Jitter          (DJ):    0.273ns
    Phase Error              (PE):    0.000ns
  Clock Net Delay (Source):      1.452ns (routing 0.193ns, distribution 1.259ns)
  Clock Net Delay (Destination): 1.272ns (routing 0.172ns, distribution 1.100ns)

    Location             Delay type                Incr(ns)  Path(ns)    Netlist Resource(s)
  -------------------------------------------------------------------    -------------------
                         (clock clk_pl_0 rise edge)
                                                      0.000     0.000 r  <hidden>
    PS8_X0Y0             PS8                          0.000     0.000 r  system_i/zynq_ultra_ps_e_0/inst/PS8_i/PLCLK[0]
                         net (fo=1, routed)           0.180     0.180    system_i/zynq_ultra_ps_e_0/inst/pl_clk_unbuffered[0]
    BUFG_PS_X0Y80        BUFG_PS (Prop_BUFG_PS_I_O)
                                                      0.028     0.208 r  system_i/zynq_ultra_ps_e_0/inst/buffer_pl_clk_0.PL_CLK_0_BUFG/O
    X1Y3 (CLOCK_ROOT)    net (fo=2867, routed)        1.452     1.660    system_i/aes_ctr_axi_lite_0/inst/s_axi_aclk
    SLICE_X58Y290        FDRE                                         r  system_i/aes_ctr_axi_lite_0/inst/key_reg3_reg[21]/C
  -------------------------------------------------------------------    -------------------
    SLICE_X58Y290        FDRE (Prop_DFF_SLICEL_C_Q)
                                                      0.079     1.739 r  system_i/aes_ctr_axi_lite_0/inst/key_reg3_reg[21]/Q
                         net (fo=36, routed)          0.325     2.064    system_i/aes_ctr_axi_lite_0/inst/u_aes/key_value[21]
    SLICE_X57Y287        LUT6 (Prop_G6LUT_SLICEM_I5_O)
                                                      0.150     2.214 r  system_i/aes_ctr_axi_lite_0/inst/u_aes/g1_b5__2/O
                         net (fo=1, routed)           0.017     2.231    system_i/aes_ctr_axi_lite_0/inst/u_key_expansion/aes_sbox_inferred__2/g0_b0__3_i_12_1
    SLICE_X57Y287        MUXF7 (Prop_F7MUX_GH_SLICEM_I1_O)
                                                      0.060     2.291 r  system_i/aes_ctr_axi_lite_0/inst/u_key_expansion/aes_sbox_inferred__2/g0_b0__3_i_23/O
                         net (fo=1, routed)           0.000     2.291    system_i/aes_ctr_axi_lite_0/inst/u_key_expansion/aes_sbox_inferred__2/g0_b0__3_i_23_n_0
    SLICE_X57Y287        MUXF8 (Prop_F8MUX_TOP_SLICEM_I0_O)
                                                      0.028     2.319 r  system_i/aes_ctr_axi_lite_0/inst/u_key_expansion/aes_sbox_inferred__2/g0_b0__3_i_12/O
                         net (fo=20, routed)          0.201     2.520    system_i/aes_ctr_axi_lite_0/inst/u_aes/SubWord_return[29]
    SLICE_X57Y288        LUT5 (Prop_G6LUT_SLICEM_I2_O)
                                                      0.123     2.643 r  system_i/aes_ctr_axi_lite_0/inst/u_aes/g0_b0__3_i_6/O
                         net (fo=33, routed)          0.314     2.957    system_i/aes_ctr_axi_lite_0/inst/u_aes/g0_b0__3_i_6_n_0
    SLICE_X56Y292        LUT6 (Prop_B6LUT_SLICEM_I5_O)
                                                      0.149     3.106 r  system_i/aes_ctr_axi_lite_0/inst/u_aes/g2_b0__3/O
                         net (fo=1, routed)           0.017     3.123    system_i/aes_ctr_axi_lite_0/inst/u_key_expansion/aes_sbox_inferred__3/g0_b0__8_i_7_0
    SLICE_X56Y292        MUXF7 (Prop_F7MUX_AB_SLICEM_I0_O)
                                                      0.060     3.183 r  system_i/aes_ctr_axi_lite_0/inst/u_key_expansion/aes_sbox_inferred__3/g0_b0__8_i_14/O
                         net (fo=1, routed)           0.000     3.183    system_i/aes_ctr_axi_lite_0/inst/u_key_expansion/aes_sbox_inferred__3/g0_b0__8_i_14_n_0
    SLICE_X56Y292        MUXF8 (Prop_F8MUX_BOT_SLICEM_I1_O)
                                                      0.028     3.211 r  system_i/aes_ctr_axi_lite_0/inst/u_key_expansion/aes_sbox_inferred__3/g0_b0__8_i_7/O
                         net (fo=18, routed)          0.178     3.389    system_i/aes_ctr_axi_lite_0/inst/u_aes/state2_reg[64]_0
    SLICE_X55Y293        LUT3 (Prop_F6LUT_SLICEL_I0_O)
                                                      0.148     3.537 r  system_i/aes_ctr_axi_lite_0/inst/u_aes/g0_b0__8_i_1/O
                         net (fo=34, routed)          0.464     4.001    system_i/aes_ctr_axi_lite_0/inst/u_aes/u_key_expansion/(null)[4].word46_out[0]
    SLICE_X50Y296        LUT6 (Prop_D6LUT_SLICEM_I0_O)
                                                      0.088     4.089 r  system_i/aes_ctr_axi_lite_0/inst/u_aes/g0_b2__8/O
                         net (fo=1, routed)           0.025     4.114    system_i/aes_ctr_axi_lite_0/inst/u_key_expansion/aes_sbox_inferred__8/g0_b0__13_i_14_0
    SLICE_X50Y296        MUXF7 (Prop_F7MUX_CD_SLICEM_I0_O)
                                                      0.062     4.176 r  system_i/aes_ctr_axi_lite_0/inst/u_key_expansion/aes_sbox_inferred__8/g0_b0__13_i_18/O
                         net (fo=1, routed)           0.000     4.176    system_i/aes_ctr_axi_lite_0/inst/u_key_expansion/aes_sbox_inferred__8/g0_b0__13_i_18_n_0
    SLICE_X50Y296        MUXF8 (Prop_F8MUX_BOT_SLICEM_I0_O)
                                                      0.030     4.206 r  system_i/aes_ctr_axi_lite_0/inst/u_key_expansion/aes_sbox_inferred__8/g0_b0__13_i_14/O
                         net (fo=10, routed)          0.216     4.422    system_i/aes_ctr_axi_lite_0/inst/u_aes/ciphertext_reg[106]_1
    SLICE_X48Y296        LUT4 (Prop_H6LUT_SLICEL_I0_O)
                                                      0.051     4.473 r  system_i/aes_ctr_axi_lite_0/inst/u_aes/g0_b0__13_i_9/O
                         net (fo=3, routed)           0.048     4.522    system_i/aes_ctr_axi_lite_0/inst/u_aes/u_key_expansion/w[14]_23[10]
    SLICE_X48Y296        LUT2 (Prop_E5LUT_SLICEL_I0_O)
                                                      0.101     4.623 r  system_i/aes_ctr_axi_lite_0/inst/u_aes/g0_b0__13_i_3/O
                         net (fo=34, routed)          0.401     5.023    system_i/aes_ctr_axi_lite_0/inst/u_aes/u_key_expansion/(null)[4].word40_out[10]
    SLICE_X50Y301        LUT6 (Prop_F6LUT_SLICEM_I2_O)
                                                      0.123     5.146 r  system_i/aes_ctr_axi_lite_0/inst/u_aes/g2_b2__13/O
                         net (fo=1, routed)           0.023     5.169    system_i/aes_ctr_axi_lite_0/inst/u_key_expansion/aes_sbox_inferred__13/ciphertext_reg[50]_i_9_2
    SLICE_X50Y301        MUXF7 (Prop_F7MUX_EF_SLICEM_I0_O)
                                                      0.061     5.230 r  system_i/aes_ctr_axi_lite_0/inst/u_key_expansion/aes_sbox_inferred__13/ciphertext_reg[50]_i_15/O
                         net (fo=1, routed)           0.000     5.230    system_i/aes_ctr_axi_lite_0/inst/u_key_expansion/aes_sbox_inferred__13/ciphertext_reg[50]_i_15_n_0
    SLICE_X50Y301        MUXF8 (Prop_F8MUX_TOP_SLICEM_I1_O)
                                                      0.028     5.258 r  system_i/aes_ctr_axi_lite_0/inst/u_key_expansion/aes_sbox_inferred__13/ciphertext_reg[50]_i_9/O
                         net (fo=5, routed)           0.140     5.399    system_i/aes_ctr_axi_lite_0/inst/u_aes/ciphertext_reg[50]_5
    SLICE_X50Y300        LUT3 (Prop_C6LUT_SLICEM_I0_O)
                                                      0.051     5.450 r  system_i/aes_ctr_axi_lite_0/inst/u_aes/state4[82]_i_4/O
                         net (fo=3, routed)           0.091     5.541    system_i/aes_ctr_axi_lite_0/inst/u_aes/u_key_expansion/w[17]_25[18]
    SLICE_X51Y299        LUT2 (Prop_G6LUT_SLICEL_I0_O)
                                                      0.035     5.576 r  system_i/aes_ctr_axi_lite_0/inst/u_aes/g0_b0__18_i_9/O
                         net (fo=3, routed)           0.043     5.619    system_i/aes_ctr_axi_lite_0/inst/u_aes/u_key_expansion/w[18]_18[18]
    SLICE_X51Y299        LUT2 (Prop_H6LUT_SLICEL_I0_O)
                                                      0.099     5.718 r  system_i/aes_ctr_axi_lite_0/inst/u_aes/g0_b0__18_i_3/O
                         net (fo=34, routed)          0.526     6.243    system_i/aes_ctr_axi_lite_0/inst/u_aes/u_key_expansion/(null)[4].word34_out[18]
    SLICE_X57Y302        LUT6 (Prop_C6LUT_SLICEM_I2_O)
                                                      0.145     6.388 r  system_i/aes_ctr_axi_lite_0/inst/u_aes/g1_b5__18/O
                         net (fo=1, routed)           0.021     6.409    system_i/aes_ctr_axi_lite_0/inst/u_key_expansion/aes_sbox_inferred__18/ciphertext_reg[61]_i_10_1
    SLICE_X57Y302        MUXF7 (Prop_F7MUX_CD_SLICEM_I1_O)
                                                      0.061     6.470 r  system_i/aes_ctr_axi_lite_0/inst/u_key_expansion/aes_sbox_inferred__18/ciphertext_reg[61]_i_16/O
                         net (fo=1, routed)           0.000     6.470    system_i/aes_ctr_axi_lite_0/inst/u_key_expansion/aes_sbox_inferred__18/ciphertext_reg[61]_i_16_n_0
    SLICE_X57Y302        MUXF8 (Prop_F8MUX_BOT_SLICEM_I0_O)
                                                      0.030     6.500 r  system_i/aes_ctr_axi_lite_0/inst/u_key_expansion/aes_sbox_inferred__18/ciphertext_reg[61]_i_10/O
                         net (fo=4, routed)           0.211     6.711    system_i/aes_ctr_axi_lite_0/inst/u_aes/state9_reg[125]_1
    SLICE_X57Y303        LUT6 (Prop_H6LUT_SLICEM_I2_O)
                                                      0.125     6.836 r  system_i/aes_ctr_axi_lite_0/inst/u_aes/state5[125]_i_6/O
                         net (fo=2, routed)           0.048     6.884    system_i/aes_ctr_axi_lite_0/inst/u_aes/u_key_expansion/w[20]_11[29]
    SLICE_X57Y303        LUT2 (Prop_E6LUT_SLICEM_I0_O)
                                                      0.091     6.975 r  system_i/aes_ctr_axi_lite_0/inst/u_aes/state5[93]_i_6/O
                         net (fo=3, routed)           0.051     7.026    system_i/aes_ctr_axi_lite_0/inst/u_aes/u_key_expansion/w[21]_20[29]
    SLICE_X57Y303        LUT2 (Prop_A6LUT_SLICEM_I0_O)
                                                      0.053     7.079 r  system_i/aes_ctr_axi_lite_0/inst/u_aes/g0_b0__19_i_12/O
                         net (fo=3, routed)           0.092     7.171    system_i/aes_ctr_axi_lite_0/inst/u_aes/u_key_expansion/w[22]_2[29]
    SLICE_X57Y304        LUT2 (Prop_D6LUT_SLICEM_I0_O)
                                                      0.037     7.208 r  system_i/aes_ctr_axi_lite_0/inst/u_aes/g0_b0__19_i_6/O
                         net (fo=34, routed)          0.245     7.453    system_i/aes_ctr_axi_lite_0/inst/u_aes/u_key_expansion/(null)[4].word28_out[29]
    SLICE_X55Y305        LUT6 (Prop_A6LUT_SLICEL_I5_O)
                                                      0.149     7.602 r  system_i/aes_ctr_axi_lite_0/inst/u_aes/g3_b5__19/O
                         net (fo=1, routed)           0.009     7.611    system_i/aes_ctr_axi_lite_0/inst/u_key_expansion/aes_sbox_inferred__19/ciphertext_reg[37]_i_11_3
    SLICE_X55Y305        MUXF7 (Prop_F7MUX_AB_SLICEL_I1_O)
                                                      0.057     7.668 r  system_i/aes_ctr_axi_lite_0/inst/u_key_expansion/aes_sbox_inferred__19/ciphertext_reg[37]_i_19/O
                         net (fo=1, routed)           0.000     7.668    system_i/aes_ctr_axi_lite_0/inst/u_key_expansion/aes_sbox_inferred__19/ciphertext_reg[37]_i_19_n_0
    SLICE_X55Y305        MUXF8 (Prop_F8MUX_BOT_SLICEL_I1_O)
                                                      0.026     7.694 r  system_i/aes_ctr_axi_lite_0/inst/u_key_expansion/aes_sbox_inferred__19/ciphertext_reg[37]_i_11/O
                         net (fo=4, routed)           0.342     8.036    system_i/aes_ctr_axi_lite_0/inst/u_aes/state9_reg[101]_0
    SLICE_X51Y306        LUT6 (Prop_H6LUT_SLICEL_I3_O)
                                                      0.090     8.126 r  system_i/aes_ctr_axi_lite_0/inst/u_aes/state6[101]_i_2/O
                         net (fo=2, routed)           0.191     8.317    system_i/aes_ctr_axi_lite_0/inst/u_aes/u_key_expansion/w[24]_15[5]
    SLICE_X50Y307        LUT2 (Prop_D6LUT_SLICEM_I0_O)
                                                      0.037     8.354 r  system_i/aes_ctr_axi_lite_0/inst/u_aes/state6[69]_i_2/O
                         net (fo=3, routed)           0.044     8.398    system_i/aes_ctr_axi_lite_0/inst/u_aes/u_key_expansion/w[25]_3[5]
    SLICE_X50Y307        LUT2 (Prop_A6LUT_SLICEM_I0_O)
                                                      0.053     8.451 r  system_i/aes_ctr_axi_lite_0/inst/u_aes/g0_b0__24_i_12/O
                         net (fo=3, routed)           0.113     8.564    system_i/aes_ctr_axi_lite_0/inst/u_aes/u_key_expansion/w[26]_17[5]
    SLICE_X49Y307        LUT2 (Prop_C6LUT_SLICEM_I0_O)
                                                      0.098     8.662 r  system_i/aes_ctr_axi_lite_0/inst/u_aes/g0_b0__24_i_6/O
                         net (fo=35, routed)          0.348     9.010    system_i/aes_ctr_axi_lite_0/inst/u_aes/u_key_expansion/(null)[4].word22_out[5]
    SLICE_X44Y308        LUT6 (Prop_B6LUT_SLICEL_I5_O)
                                                      0.148     9.158 r  system_i/aes_ctr_axi_lite_0/inst/u_aes/g2_b2__24/O
                         net (fo=1, routed)           0.009     9.167    system_i/aes_ctr_axi_lite_0/inst/u_key_expansion/aes_sbox_inferred__24/g0_b0__37_i_32_2
    SLICE_X44Y308        MUXF7 (Prop_F7MUX_AB_SLICEL_I0_O)
                                                      0.056     9.223 r  system_i/aes_ctr_axi_lite_0/inst/u_key_expansion/aes_sbox_inferred__24/g0_b0__37_i_54/O
                         net (fo=1, routed)           0.000     9.223    system_i/aes_ctr_axi_lite_0/inst/u_key_expansion/aes_sbox_inferred__24/g0_b0__37_i_54_n_0
    SLICE_X44Y308        MUXF8 (Prop_F8MUX_BOT_SLICEL_I1_O)
                                                      0.026     9.249 r  system_i/aes_ctr_axi_lite_0/inst/u_key_expansion/aes_sbox_inferred__24/g0_b0__37_i_32/O
                         net (fo=4, routed)           0.162     9.411    system_i/aes_ctr_axi_lite_0/inst/u_aes/ciphertext_reg[42]_4
    SLICE_X44Y310        LUT6 (Prop_H6LUT_SLICEL_I3_O)
                                                      0.150     9.561 r  system_i/aes_ctr_axi_lite_0/inst/u_aes/state7[106]_i_3/O
                         net (fo=2, routed)           0.120     9.681    system_i/aes_ctr_axi_lite_0/inst/u_aes/u_key_expansion/w[28]_10[10]
    SLICE_X42Y311        LUT2 (Prop_G6LUT_SLICEM_I0_O)
                                                      0.150     9.831 r  system_i/aes_ctr_axi_lite_0/inst/u_aes/state7[74]_i_3/O
                         net (fo=3, routed)           0.053     9.884    system_i/aes_ctr_axi_lite_0/inst/u_aes/u_key_expansion/w[29]_19[10]
    SLICE_X42Y311        LUT2 (Prop_F6LUT_SLICEM_I0_O)
                                                      0.098     9.982 r  system_i/aes_ctr_axi_lite_0/inst/u_aes/g0_b0__29_i_9/O
                         net (fo=5, routed)           0.192    10.174    system_i/aes_ctr_axi_lite_0/inst/u_aes/u_key_expansion/w[30]_0[10]
    SLICE_X43Y314        LUT2 (Prop_F6LUT_SLICEL_I0_O)
                                                      0.049    10.223 r  system_i/aes_ctr_axi_lite_0/inst/u_aes/g0_b0__29_i_3/O
                         net (fo=35, routed)          0.191    10.414    system_i/aes_ctr_axi_lite_0/inst/u_aes/u_key_expansion/(null)[4].word16_out[10]
    SLICE_X46Y314        LUT6 (Prop_F6LUT_SLICEM_I2_O)
                                                      0.088    10.502 r  system_i/aes_ctr_axi_lite_0/inst/u_aes/g1_b0__29/O
                         net (fo=1, routed)           0.143    10.645    system_i/aes_ctr_axi_lite_0/inst/u_key_expansion/state8[112]_i_3_1
    SLICE_X46Y315        LUT6 (Prop_H6LUT_SLICEM_I3_O)
                                                      0.125    10.770 r  system_i/aes_ctr_axi_lite_0/inst/u_key_expansion/aes_sbox_inferred__29/g0_b0__38_i_23/O
                         net (fo=4, routed)           0.297    11.067    system_i/aes_ctr_axi_lite_0/inst/u_aes/ciphertext_reg[48]_1
    SLICE_X51Y317        LUT6 (Prop_E6LUT_SLICEL_I3_O)
                                                      0.051    11.118 r  system_i/aes_ctr_axi_lite_0/inst/u_aes/state8[112]_i_3/O
                         net (fo=2, routed)           0.312    11.430    system_i/aes_ctr_axi_lite_0/inst/u_aes/u_key_expansion/w[32]_16[16]
    SLICE_X52Y318        LUT3 (Prop_E6LUT_SLICEL_I2_O)
                                                      0.051    11.481 r  system_i/aes_ctr_axi_lite_0/inst/u_aes/g0_b0__38_i_8/O
                         net (fo=4, routed)           0.099    11.580    system_i/aes_ctr_axi_lite_0/inst/u_aes/u_key_expansion/w[33]_1[16]
    SLICE_X53Y318        LUT2 (Prop_E6LUT_SLICEM_I0_O)
                                                      0.037    11.617 r  system_i/aes_ctr_axi_lite_0/inst/u_aes/g0_b0__34_i_7/O
                         net (fo=4, routed)           0.202    11.819    system_i/aes_ctr_axi_lite_0/inst/u_aes/u_key_expansion/w[34]_4[16]
    SLICE_X55Y317        LUT2 (Prop_F6LUT_SLICEL_I0_O)
                                                      0.035    11.854 r  system_i/aes_ctr_axi_lite_0/inst/u_aes/g0_b0__34_i_1/O
                         net (fo=33, routed)          0.314    12.168    system_i/aes_ctr_axi_lite_0/inst/u_aes/u_key_expansion/(null)[4].word10_out[16]
    SLICE_X58Y316        LUT6 (Prop_E6LUT_SLICEL_I0_O)
                                                      0.147    12.315 r  system_i/aes_ctr_axi_lite_0/inst/u_aes/g3_b1__34/O
                         net (fo=1, routed)           0.189    12.504    system_i/aes_ctr_axi_lite_0/inst/u_key_expansion/state9[121]_i_4
    SLICE_X57Y314        LUT6 (Prop_G6LUT_SLICEM_I0_O)
                                                      0.037    12.541 r  system_i/aes_ctr_axi_lite_0/inst/u_key_expansion/aes_sbox_inferred__34/g0_b0__35_i_26/O
                         net (fo=3, routed)           0.143    12.684    system_i/aes_ctr_axi_lite_0/inst/u_aes/ciphertext_reg[57]_1
    SLICE_X60Y314        LUT6 (Prop_A6LUT_SLICEL_I2_O)
                                                      0.124    12.808 r  system_i/aes_ctr_axi_lite_0/inst/u_aes/g0_b0__35_i_9/O
                         net (fo=3, routed)           0.107    12.916    system_i/aes_ctr_axi_lite_0/inst/u_aes/g0_b0__35_i_9_n_0
    SLICE_X59Y314        LUT6 (Prop_E6LUT_SLICEL_I0_O)
                                                      0.147    13.063 r  system_i/aes_ctr_axi_lite_0/inst/u_aes/g0_b0__35_i_2/O
                         net (fo=33, routed)          0.351    13.414    system_i/aes_ctr_axi_lite_0/inst/u_aes/u_key_expansion/p_54_in[25]
    SLICE_X56Y308        LUT6 (Prop_C6LUT_SLICEM_I1_O)
                                                      0.098    13.512 r  system_i/aes_ctr_axi_lite_0/inst/u_aes/g1_b4__35/O
                         net (fo=1, routed)           0.021    13.533    system_i/aes_ctr_axi_lite_0/inst/u_key_expansion/ciphertext[36]_i_3_0
    SLICE_X56Y308        MUXF7 (Prop_F7MUX_CD_SLICEM_I1_O)
                                                      0.068    13.601 r  system_i/aes_ctr_axi_lite_0/inst/u_key_expansion/aes_sbox_inferred__35/ciphertext_reg[36]_i_8/O
                         net (fo=1, routed)           0.149    13.750    system_i/aes_ctr_axi_lite_0/inst/u_aes/ciphertext_reg[36]_2
    SLICE_X55Y308        LUT6 (Prop_H6LUT_SLICEL_I5_O)
                                                      0.150    13.900 r  system_i/aes_ctr_axi_lite_0/inst/u_aes/ciphertext[36]_i_3/O
                         net (fo=4, routed)           0.208    14.108    system_i/aes_ctr_axi_lite_0/inst/u_aes/ciphertext[36]_i_3_n_0
    SLICE_X54Y307        LUT6 (Prop_C6LUT_SLICEM_I2_O)
                                                      0.037    14.145 r  system_i/aes_ctr_axi_lite_0/inst/u_aes/ciphertext[68]_i_2/O
                         net (fo=1, routed)           0.090    14.235    system_i/aes_ctr_axi_lite_0/inst/u_aes/round_keys[68]
    SLICE_X54Y307        LUT2 (Prop_G6LUT_SLICEM_I0_O)
                                                      0.090    14.325 r  system_i/aes_ctr_axi_lite_0/inst/u_aes/ciphertext[68]_i_1/O
                         net (fo=1, routed)           0.059    14.384    system_i/aes_ctr_axi_lite_0/inst/u_aes/rk10[68]
    SLICE_X54Y307        FDCE                                         r  system_i/aes_ctr_axi_lite_0/inst/u_aes/ciphertext_reg[68]/D
  -------------------------------------------------------------------    -------------------

                         (clock clk_pl_0 rise edge)
                                                     13.333    13.333 r  <hidden>
    PS8_X0Y0             PS8                          0.000    13.333 r  system_i/zynq_ultra_ps_e_0/inst/PS8_i/PLCLK[0]
                         net (fo=1, routed)           0.143    13.476    system_i/zynq_ultra_ps_e_0/inst/pl_clk_unbuffered[0]
    BUFG_PS_X0Y80        BUFG_PS (Prop_BUFG_PS_I_O)
                                                      0.025    13.501 r  system_i/zynq_ultra_ps_e_0/inst/buffer_pl_clk_0.PL_CLK_0_BUFG/O
    X1Y3 (CLOCK_ROOT)    net (fo=2867, routed)        1.272    14.773    system_i/aes_ctr_axi_lite_0/inst/u_aes/s_axi_aclk
    SLICE_X54Y307        FDCE                                         r  system_i/aes_ctr_axi_lite_0/inst/u_aes/ciphertext_reg[68]/C
                         clock pessimism              0.069    14.842    <hidden>
                         clock uncertainty           -0.141    14.701    <hidden>
    SLICE_X54Y307        FDCE (Setup_GFF_SLICEM_C_D)
                                                      0.025    14.726    system_i/aes_ctr_axi_lite_0/inst/u_aes/ciphertext_reg[68]
  -------------------------------------------------------------------
                         required time                         14.726    <hidden>
                         arrival time                         -14.384    <hidden>
  -------------------------------------------------------------------
                         slack                                  0.342    <hidden>

Slack (MET) :             0.377ns  (required time - arrival time)
  Source:                 system_i/aes_ctr_axi_lite_0/inst/key_reg3_reg[21]/C
                            (rising edge-triggered cell FDRE clocked by clk_pl_0  {rise@0.000ns fall@6.667ns period=13.333ns})
  Destination:            system_i/aes_ctr_axi_lite_0/inst/u_aes/ciphertext_reg[100]/D
                            (rising edge-triggered cell FDCE clocked by clk_pl_0  {rise@0.000ns fall@6.667ns period=13.333ns})
  Path Group:             clk_pl_0
  Path Type:              Setup (Max at Slow Process Corner)
  Requirement:            13.333ns  (clk_pl_0 rise@13.333ns - clk_pl_0 rise@0.000ns)
  Data Path Delay:        12.689ns  (logic 4.579ns (36.087%)  route 8.110ns (63.913%))
  Logic Levels:           55  (LUT2=15 LUT3=3 LUT4=1 LUT5=1 LUT6=20 MUXF7=8 MUXF8=7)
  Clock Path Skew:        -0.151ns (DCD - SCD + CPR)
    Destination Clock Delay (DCD):    1.440ns = ( 14.773 - 13.333 ) 
    Source Clock Delay      (SCD):    1.660ns
    Clock Pessimism Removal (CPR):    0.069ns
  Clock Uncertainty:      0.141ns  ((TSJ^2 + DJ^2)^1/2) / 2 + PE
    Total System Jitter     (TSJ):    0.071ns
    Discrete Jitter          (DJ):    0.273ns
    Phase Error              (PE):    0.000ns
  Clock Net Delay (Source):      1.452ns (routing 0.193ns, distribution 1.259ns)
  Clock Net Delay (Destination): 1.272ns (routing 0.172ns, distribution 1.100ns)

    Location             Delay type                Incr(ns)  Path(ns)    Netlist Resource(s)
  -------------------------------------------------------------------    -------------------
                         (clock clk_pl_0 rise edge)
                                                      0.000     0.000 r  <hidden>
    PS8_X0Y0             PS8                          0.000     0.000 r  system_i/zynq_ultra_ps_e_0/inst/PS8_i/PLCLK[0]
                         net (fo=1, routed)           0.180     0.180    system_i/zynq_ultra_ps_e_0/inst/pl_clk_unbuffered[0]
    BUFG_PS_X0Y80        BUFG_PS (Prop_BUFG_PS_I_O)
                                                      0.028     0.208 r  system_i/zynq_ultra_ps_e_0/inst/buffer_pl_clk_0.PL_CLK_0_BUFG/O
    X1Y3 (CLOCK_ROOT)    net (fo=2867, routed)        1.452     1.660    system_i/aes_ctr_axi_lite_0/inst/s_axi_aclk
    SLICE_X58Y290        FDRE                                         r  system_i/aes_ctr_axi_lite_0/inst/key_reg3_reg[21]/C
  -------------------------------------------------------------------    -------------------
    SLICE_X58Y290        FDRE (Prop_DFF_SLICEL_C_Q)
                                                      0.079     1.739 r  system_i/aes_ctr_axi_lite_0/inst/key_reg3_reg[21]/Q
                         net (fo=36, routed)          0.325     2.064    system_i/aes_ctr_axi_lite_0/inst/u_aes/key_value[21]
    SLICE_X57Y287        LUT6 (Prop_G6LUT_SLICEM_I5_O)
                                                      0.150     2.214 r  system_i/aes_ctr_axi_lite_0/inst/u_aes/g1_b5__2/O
                         net (fo=1, routed)           0.017     2.231    system_i/aes_ctr_axi_lite_0/inst/u_key_expansion/aes_sbox_inferred__2/g0_b0__3_i_12_1
    SLICE_X57Y287        MUXF7 (Prop_F7MUX_GH_SLICEM_I1_O)
                                                      0.060     2.291 r  system_i/aes_ctr_axi_lite_0/inst/u_key_expansion/aes_sbox_inferred__2/g0_b0__3_i_23/O
                         net (fo=1, routed)           0.000     2.291    system_i/aes_ctr_axi_lite_0/inst/u_key_expansion/aes_sbox_inferred__2/g0_b0__3_i_23_n_0
    SLICE_X57Y287        MUXF8 (Prop_F8MUX_TOP_SLICEM_I0_O)
                                                      0.028     2.319 r  system_i/aes_ctr_axi_lite_0/inst/u_key_expansion/aes_sbox_inferred__2/g0_b0__3_i_12/O
                         net (fo=20, routed)          0.201     2.520    system_i/aes_ctr_axi_lite_0/inst/u_aes/SubWord_return[29]
    SLICE_X57Y288        LUT5 (Prop_G6LUT_SLICEM_I2_O)
                                                      0.123     2.643 r  system_i/aes_ctr_axi_lite_0/inst/u_aes/g0_b0__3_i_6/O
                         net (fo=33, routed)          0.314     2.957    system_i/aes_ctr_axi_lite_0/inst/u_aes/g0_b0__3_i_6_n_0
    SLICE_X56Y292        LUT6 (Prop_B6LUT_SLICEM_I5_O)
                                                      0.149     3.106 r  system_i/aes_ctr_axi_lite_0/inst/u_aes/g2_b0__3/O
                         net (fo=1, routed)           0.017     3.123    system_i/aes_ctr_axi_lite_0/inst/u_key_expansion/aes_sbox_inferred__3/g0_b0__8_i_7_0
    SLICE_X56Y292        MUXF7 (Prop_F7MUX_AB_SLICEM_I0_O)
                                                      0.060     3.183 r  system_i/aes_ctr_axi_lite_0/inst/u_key_expansion/aes_sbox_inferred__3/g0_b0__8_i_14/O
                         net (fo=1, routed)           0.000     3.183    system_i/aes_ctr_axi_lite_0/inst/u_key_expansion/aes_sbox_inferred__3/g0_b0__8_i_14_n_0
    SLICE_X56Y292        MUXF8 (Prop_F8MUX_BOT_SLICEM_I1_O)
                                                      0.028     3.211 r  system_i/aes_ctr_axi_lite_0/inst/u_key_expansion/aes_sbox_inferred__3/g0_b0__8_i_7/O
                         net (fo=18, routed)          0.178     3.389    system_i/aes_ctr_axi_lite_0/inst/u_aes/state2_reg[64]_0
    SLICE_X55Y293        LUT3 (Prop_F6LUT_SLICEL_I0_O)
                                                      0.148     3.537 r  system_i/aes_ctr_axi_lite_0/inst/u_aes/g0_b0__8_i_1/O
                         net (fo=34, routed)          0.464     4.001    system_i/aes_ctr_axi_lite_0/inst/u_aes/u_key_expansion/(null)[4].word46_out[0]
    SLICE_X50Y296        LUT6 (Prop_D6LUT_SLICEM_I0_O)
                                                      0.088     4.089 r  system_i/aes_ctr_axi_lite_0/inst/u_aes/g0_b2__8/O
                         net (fo=1, routed)           0.025     4.114    system_i/aes_ctr_axi_lite_0/inst/u_key_expansion/aes_sbox_inferred__8/g0_b0__13_i_14_0
    SLICE_X50Y296        MUXF7 (Prop_F7MUX_CD_SLICEM_I0_O)
                                                      0.062     4.176 r  system_i/aes_ctr_axi_lite_0/inst/u_key_expansion/aes_sbox_inferred__8/g0_b0__13_i_18/O
                         net (fo=1, routed)           0.000     4.176    system_i/aes_ctr_axi_lite_0/inst/u_key_expansion/aes_sbox_inferred__8/g0_b0__13_i_18_n_0
    SLICE_X50Y296        MUXF8 (Prop_F8MUX_BOT_SLICEM_I0_O)
                                                      0.030     4.206 r  system_i/aes_ctr_axi_lite_0/inst/u_key_expansion/aes_sbox_inferred__8/g0_b0__13_i_14/O
                         net (fo=10, routed)          0.216     4.422    system_i/aes_ctr_axi_lite_0/inst/u_aes/ciphertext_reg[106]_1
    SLICE_X48Y296        LUT4 (Prop_H6LUT_SLICEL_I0_O)
                                                      0.051     4.473 r  system_i/aes_ctr_axi_lite_0/inst/u_aes/g0_b0__13_i_9/O
                         net (fo=3, routed)           0.048     4.522    system_i/aes_ctr_axi_lite_0/inst/u_aes/u_key_expansion/w[14]_23[10]
    SLICE_X48Y296        LUT2 (Prop_E5LUT_SLICEL_I0_O)
                                                      0.101     4.623 r  system_i/aes_ctr_axi_lite_0/inst/u_aes/g0_b0__13_i_3/O
                         net (fo=34, routed)          0.401     5.023    system_i/aes_ctr_axi_lite_0/inst/u_aes/u_key_expansion/(null)[4].word40_out[10]
    SLICE_X50Y301        LUT6 (Prop_F6LUT_SLICEM_I2_O)
                                                      0.123     5.146 r  system_i/aes_ctr_axi_lite_0/inst/u_aes/g2_b2__13/O
                         net (fo=1, routed)           0.023     5.169    system_i/aes_ctr_axi_lite_0/inst/u_key_expansion/aes_sbox_inferred__13/ciphertext_reg[50]_i_9_2
    SLICE_X50Y301        MUXF7 (Prop_F7MUX_EF_SLICEM_I0_O)
                                                      0.061     5.230 r  system_i/aes_ctr_axi_lite_0/inst/u_key_expansion/aes_sbox_inferred__13/ciphertext_reg[50]_i_15/O
                         net (fo=1, routed)           0.000     5.230    system_i/aes_ctr_axi_lite_0/inst/u_key_expansion/aes_sbox_inferred__13/ciphertext_reg[50]_i_15_n_0
    SLICE_X50Y301        MUXF8 (Prop_F8MUX_TOP_SLICEM_I1_O)
                                                      0.028     5.258 r  system_i/aes_ctr_axi_lite_0/inst/u_key_expansion/aes_sbox_inferred__13/ciphertext_reg[50]_i_9/O
                         net (fo=5, routed)           0.140     5.399    system_i/aes_ctr_axi_lite_0/inst/u_aes/ciphertext_reg[50]_5
    SLICE_X50Y300        LUT3 (Prop_C6LUT_SLICEM_I0_O)
                                                      0.051     5.450 r  system_i/aes_ctr_axi_lite_0/inst/u_aes/state4[82]_i_4/O
                         net (fo=3, routed)           0.091     5.541    system_i/aes_ctr_axi_lite_0/inst/u_aes/u_key_expansion/w[17]_25[18]
    SLICE_X51Y299        LUT2 (Prop_G6LUT_SLICEL_I0_O)
                                                      0.035     5.576 r  system_i/aes_ctr_axi_lite_0/inst/u_aes/g0_b0__18_i_9/O
                         net (fo=3, routed)           0.043     5.619    system_i/aes_ctr_axi_lite_0/inst/u_aes/u_key_expansion/w[18]_18[18]
    SLICE_X51Y299        LUT2 (Prop_H6LUT_SLICEL_I0_O)
                                                      0.099     5.718 r  system_i/aes_ctr_axi_lite_0/inst/u_aes/g0_b0__18_i_3/O
                         net (fo=34, routed)          0.526     6.243    system_i/aes_ctr_axi_lite_0/inst/u_aes/u_key_expansion/(null)[4].word34_out[18]
    SLICE_X57Y302        LUT6 (Prop_C6LUT_SLICEM_I2_O)
                                                      0.145     6.388 r  system_i/aes_ctr_axi_lite_0/inst/u_aes/g1_b5__18/O
                         net (fo=1, routed)           0.021     6.409    system_i/aes_ctr_axi_lite_0/inst/u_key_expansion/aes_sbox_inferred__18/ciphertext_reg[61]_i_10_1
    SLICE_X57Y302        MUXF7 (Prop_F7MUX_CD_SLICEM_I1_O)
                                                      0.061     6.470 r  system_i/aes_ctr_axi_lite_0/inst/u_key_expansion/aes_sbox_inferred__18/ciphertext_reg[61]_i_16/O
                         net (fo=1, routed)           0.000     6.470    system_i/aes_ctr_axi_lite_0/inst/u_key_expansion/aes_sbox_inferred__18/ciphertext_reg[61]_i_16_n_0
    SLICE_X57Y302        MUXF8 (Prop_F8MUX_BOT_SLICEM_I0_O)
                                                      0.030     6.500 r  system_i/aes_ctr_axi_lite_0/inst/u_key_expansion/aes_sbox_inferred__18/ciphertext_reg[61]_i_10/O
                         net (fo=4, routed)           0.211     6.711    system_i/aes_ctr_axi_lite_0/inst/u_aes/state9_reg[125]_1
    SLICE_X57Y303        LUT6 (Prop_H6LUT_SLICEM_I2_O)
                                                      0.125     6.836 r  system_i/aes_ctr_axi_lite_0/inst/u_aes/state5[125]_i_6/O
                         net (fo=2, routed)           0.048     6.884    system_i/aes_ctr_axi_lite_0/inst/u_aes/u_key_expansion/w[20]_11[29]
    SLICE_X57Y303        LUT2 (Prop_E6LUT_SLICEM_I0_O)
                                                      0.091     6.975 r  system_i/aes_ctr_axi_lite_0/inst/u_aes/state5[93]_i_6/O
                         net (fo=3, routed)           0.051     7.026    system_i/aes_ctr_axi_lite_0/inst/u_aes/u_key_expansion/w[21]_20[29]
    SLICE_X57Y303        LUT2 (Prop_A6LUT_SLICEM_I0_O)
                                                      0.053     7.079 r  system_i/aes_ctr_axi_lite_0/inst/u_aes/g0_b0__19_i_12/O
                         net (fo=3, routed)           0.092     7.171    system_i/aes_ctr_axi_lite_0/inst/u_aes/u_key_expansion/w[22]_2[29]
    SLICE_X57Y304        LUT2 (Prop_D6LUT_SLICEM_I0_O)
                                                      0.037     7.208 r  system_i/aes_ctr_axi_lite_0/inst/u_aes/g0_b0__19_i_6/O
                         net (fo=34, routed)          0.245     7.453    system_i/aes_ctr_axi_lite_0/inst/u_aes/u_key_expansion/(null)[4].word28_out[29]
    SLICE_X55Y305        LUT6 (Prop_A6LUT_SLICEL_I5_O)
                                                      0.149     7.602 r  system_i/aes_ctr_axi_lite_0/inst/u_aes/g3_b5__19/O
                         net (fo=1, routed)           0.009     7.611    system_i/aes_ctr_axi_lite_0/inst/u_key_expansion/aes_sbox_inferred__19/ciphertext_reg[37]_i_11_3
    SLICE_X55Y305        MUXF7 (Prop_F7MUX_AB_SLICEL_I1_O)
                                                      0.057     7.668 r  system_i/aes_ctr_axi_lite_0/inst/u_key_expansion/aes_sbox_inferred__19/ciphertext_reg[37]_i_19/O
                         net (fo=1, routed)           0.000     7.668    system_i/aes_ctr_axi_lite_0/inst/u_key_expansion/aes_sbox_inferred__19/ciphertext_reg[37]_i_19_n_0
    SLICE_X55Y305        MUXF8 (Prop_F8MUX_BOT_SLICEL_I1_O)
                                                      0.026     7.694 r  system_i/aes_ctr_axi_lite_0/inst/u_key_expansion/aes_sbox_inferred__19/ciphertext_reg[37]_i_11/O
                         net (fo=4, routed)           0.342     8.036    system_i/aes_ctr_axi_lite_0/inst/u_aes/state9_reg[101]_0
    SLICE_X51Y306        LUT6 (Prop_H6LUT_SLICEL_I3_O)
                                                      0.090     8.126 r  system_i/aes_ctr_axi_lite_0/inst/u_aes/state6[101]_i_2/O
                         net (fo=2, routed)           0.191     8.317    system_i/aes_ctr_axi_lite_0/inst/u_aes/u_key_expansion/w[24]_15[5]
    SLICE_X50Y307        LUT2 (Prop_D6LUT_SLICEM_I0_O)
                                                      0.037     8.354 r  system_i/aes_ctr_axi_lite_0/inst/u_aes/state6[69]_i_2/O
                         net (fo=3, routed)           0.044     8.398    system_i/aes_ctr_axi_lite_0/inst/u_aes/u_key_expansion/w[25]_3[5]
    SLICE_X50Y307        LUT2 (Prop_A6LUT_SLICEM_I0_O)
                                                      0.053     8.451 r  system_i/aes_ctr_axi_lite_0/inst/u_aes/g0_b0__24_i_12/O
                         net (fo=3, routed)           0.113     8.564    system_i/aes_ctr_axi_lite_0/inst/u_aes/u_key_expansion/w[26]_17[5]
    SLICE_X49Y307        LUT2 (Prop_C6LUT_SLICEM_I0_O)
                                                      0.098     8.662 r  system_i/aes_ctr_axi_lite_0/inst/u_aes/g0_b0__24_i_6/O
                         net (fo=35, routed)          0.348     9.010    system_i/aes_ctr_axi_lite_0/inst/u_aes/u_key_expansion/(null)[4].word22_out[5]
    SLICE_X44Y308        LUT6 (Prop_B6LUT_SLICEL_I5_O)
                                                      0.148     9.158 r  system_i/aes_ctr_axi_lite_0/inst/u_aes/g2_b2__24/O
                         net (fo=1, routed)           0.009     9.167    system_i/aes_ctr_axi_lite_0/inst/u_key_expansion/aes_sbox_inferred__24/g0_b0__37_i_32_2
    SLICE_X44Y308        MUXF7 (Prop_F7MUX_AB_SLICEL_I0_O)
                                                      0.056     9.223 r  system_i/aes_ctr_axi_lite_0/inst/u_key_expansion/aes_sbox_inferred__24/g0_b0__37_i_54/O
                         net (fo=1, routed)           0.000     9.223    system_i/aes_ctr_axi_lite_0/inst/u_key_expansion/aes_sbox_inferred__24/g0_b0__37_i_54_n_0
    SLICE_X44Y308        MUXF8 (Prop_F8MUX_BOT_SLICEL_I1_O)
                                                      0.026     9.249 r  system_i/aes_ctr_axi_lite_0/inst/u_key_expansion/aes_sbox_inferred__24/g0_b0__37_i_32/O
                         net (fo=4, routed)           0.162     9.411    system_i/aes_ctr_axi_lite_0/inst/u_aes/ciphertext_reg[42]_4
    SLICE_X44Y310        LUT6 (Prop_H6LUT_SLICEL_I3_O)
                                                      0.150     9.561 r  system_i/aes_ctr_axi_lite_0/inst/u_aes/state7[106]_i_3/O
                         net (fo=2, routed)           0.120     9.681    system_i/aes_ctr_axi_lite_0/inst/u_aes/u_key_expansion/w[28]_10[10]
    SLICE_X42Y311        LUT2 (Prop_G6LUT_SLICEM_I0_O)
                                                      0.150     9.831 r  system_i/aes_ctr_axi_lite_0/inst/u_aes/state7[74]_i_3/O
                         net (fo=3, routed)           0.053     9.884    system_i/aes_ctr_axi_lite_0/inst/u_aes/u_key_expansion/w[29]_19[10]
    SLICE_X42Y311        LUT2 (Prop_F6LUT_SLICEM_I0_O)
                                                      0.098     9.982 r  system_i/aes_ctr_axi_lite_0/inst/u_aes/g0_b0__29_i_9/O
                         net (fo=5, routed)           0.192    10.174    system_i/aes_ctr_axi_lite_0/inst/u_aes/u_key_expansion/w[30]_0[10]
    SLICE_X43Y314        LUT2 (Prop_F6LUT_SLICEL_I0_O)
                                                      0.049    10.223 r  system_i/aes_ctr_axi_lite_0/inst/u_aes/g0_b0__29_i_3/O
                         net (fo=35, routed)          0.191    10.414    system_i/aes_ctr_axi_lite_0/inst/u_aes/u_key_expansion/(null)[4].word16_out[10]
    SLICE_X46Y314        LUT6 (Prop_F6LUT_SLICEM_I2_O)
                                                      0.088    10.502 r  system_i/aes_ctr_axi_lite_0/inst/u_aes/g1_b0__29/O
                         net (fo=1, routed)           0.143    10.645    system_i/aes_ctr_axi_lite_0/inst/u_key_expansion/state8[112]_i_3_1
    SLICE_X46Y315        LUT6 (Prop_H6LUT_SLICEM_I3_O)
                                                      0.125    10.770 r  system_i/aes_ctr_axi_lite_0/inst/u_key_expansion/aes_sbox_inferred__29/g0_b0__38_i_23/O
                         net (fo=4, routed)           0.297    11.067    system_i/aes_ctr_axi_lite_0/inst/u_aes/ciphertext_reg[48]_1
    SLICE_X51Y317        LUT6 (Prop_E6LUT_SLICEL_I3_O)
                                                      0.051    11.118 r  system_i/aes_ctr_axi_lite_0/inst/u_aes/state8[112]_i_3/O
                         net (fo=2, routed)           0.312    11.430    system_i/aes_ctr_axi_lite_0/inst/u_aes/u_key_expansion/w[32]_16[16]
    SLICE_X52Y318        LUT3 (Prop_E6LUT_SLICEL_I2_O)
                                                      0.051    11.481 r  system_i/aes_ctr_axi_lite_0/inst/u_aes/g0_b0__38_i_8/O
                         net (fo=4, routed)           0.099    11.580    system_i/aes_ctr_axi_lite_0/inst/u_aes/u_key_expansion/w[33]_1[16]
    SLICE_X53Y318        LUT2 (Prop_E6LUT_SLICEM_I0_O)
                                                      0.037    11.617 r  system_i/aes_ctr_axi_lite_0/inst/u_aes/g0_b0__34_i_7/O
                         net (fo=4, routed)           0.202    11.819    system_i/aes_ctr_axi_lite_0/inst/u_aes/u_key_expansion/w[34]_4[16]
    SLICE_X55Y317        LUT2 (Prop_F6LUT_SLICEL_I0_O)
                                                      0.035    11.854 r  system_i/aes_ctr_axi_lite_0/inst/u_aes/g0_b0__34_i_1/O
                         net (fo=33, routed)          0.314    12.168    system_i/aes_ctr_axi_lite_0/inst/u_aes/u_key_expansion/(null)[4].word10_out[16]
    SLICE_X58Y316        LUT6 (Prop_E6LUT_SLICEL_I0_O)
                                                      0.147    12.315 r  system_i/aes_ctr_axi_lite_0/inst/u_aes/g3_b1__34/O
                         net (fo=1, routed)           0.189    12.504    system_i/aes_ctr_axi_lite_0/inst/u_key_expansion/state9[121]_i_4
    SLICE_X57Y314        LUT6 (Prop_G6LUT_SLICEM_I0_O)
                                                      0.037    12.541 r  system_i/aes_ctr_axi_lite_0/inst/u_key_expansion/aes_sbox_inferred__34/g0_b0__35_i_26/O
                         net (fo=3, routed)           0.143    12.684    system_i/aes_ctr_axi_lite_0/inst/u_aes/ciphertext_reg[57]_1
    SLICE_X60Y314        LUT6 (Prop_A6LUT_SLICEL_I2_O)
                                                      0.124    12.808 r  system_i/aes_ctr_axi_lite_0/inst/u_aes/g0_b0__35_i_9/O
                         net (fo=3, routed)           0.107    12.916    system_i/aes_ctr_axi_lite_0/inst/u_aes/g0_b0__35_i_9_n_0
    SLICE_X59Y314        LUT6 (Prop_E6LUT_SLICEL_I0_O)
                                                      0.147    13.063 r  system_i/aes_ctr_axi_lite_0/inst/u_aes/g0_b0__35_i_2/O
                         net (fo=33, routed)          0.351    13.414    system_i/aes_ctr_axi_lite_0/inst/u_aes/u_key_expansion/p_54_in[25]
    SLICE_X56Y308        LUT6 (Prop_C6LUT_SLICEM_I1_O)
                                                      0.098    13.512 r  system_i/aes_ctr_axi_lite_0/inst/u_aes/g1_b4__35/O
                         net (fo=1, routed)           0.021    13.533    system_i/aes_ctr_axi_lite_0/inst/u_key_expansion/ciphertext[36]_i_3_0
    SLICE_X56Y308        MUXF7 (Prop_F7MUX_CD_SLICEM_I1_O)
                                                      0.068    13.601 r  system_i/aes_ctr_axi_lite_0/inst/u_key_expansion/aes_sbox_inferred__35/ciphertext_reg[36]_i_8/O
                         net (fo=1, routed)           0.149    13.750    system_i/aes_ctr_axi_lite_0/inst/u_aes/ciphertext_reg[36]_2
    SLICE_X55Y308        LUT6 (Prop_H6LUT_SLICEL_I5_O)
                                                      0.150    13.900 r  system_i/aes_ctr_axi_lite_0/inst/u_aes/ciphertext[36]_i_3/O
                         net (fo=4, routed)           0.208    14.108    system_i/aes_ctr_axi_lite_0/inst/u_aes/ciphertext[36]_i_3_n_0
    SLICE_X54Y307        LUT6 (Prop_D6LUT_SLICEM_I3_O)
                                                      0.037    14.145 r  system_i/aes_ctr_axi_lite_0/inst/u_aes/ciphertext[100]_i_2/O
                         net (fo=1, routed)           0.045    14.190    system_i/aes_ctr_axi_lite_0/inst/u_aes/u_key_expansion/w[40]_14[4]
    SLICE_X54Y307        LUT2 (Prop_H6LUT_SLICEM_I0_O)
                                                      0.101    14.291 r  system_i/aes_ctr_axi_lite_0/inst/u_aes/ciphertext[100]_i_1/O
                         net (fo=1, routed)           0.058    14.349    system_i/aes_ctr_axi_lite_0/inst/u_aes/rk10[100]
    SLICE_X54Y307        FDCE                                         r  system_i/aes_ctr_axi_lite_0/inst/u_aes/ciphertext_reg[100]/D
  -------------------------------------------------------------------    -------------------

                         (clock clk_pl_0 rise edge)
                                                     13.333    13.333 r  <hidden>
    PS8_X0Y0             PS8                          0.000    13.333 r  system_i/zynq_ultra_ps_e_0/inst/PS8_i/PLCLK[0]
                         net (fo=1, routed)           0.143    13.476    system_i/zynq_ultra_ps_e_0/inst/pl_clk_unbuffered[0]
    BUFG_PS_X0Y80        BUFG_PS (Prop_BUFG_PS_I_O)
                                                      0.025    13.501 r  system_i/zynq_ultra_ps_e_0/inst/buffer_pl_clk_0.PL_CLK_0_BUFG/O
    X1Y3 (CLOCK_ROOT)    net (fo=2867, routed)        1.272    14.773    system_i/aes_ctr_axi_lite_0/inst/u_aes/s_axi_aclk
    SLICE_X54Y307        FDCE                                         r  system_i/aes_ctr_axi_lite_0/inst/u_aes/ciphertext_reg[100]/C
                         clock pessimism              0.069    14.842    <hidden>
                         clock uncertainty           -0.141    14.701    <hidden>
    SLICE_X54Y307        FDCE (Setup_HFF_SLICEM_C_D)
                                                      0.025    14.726    system_i/aes_ctr_axi_lite_0/inst/u_aes/ciphertext_reg[100]
  -------------------------------------------------------------------
                         required time                         14.726    <hidden>
                         arrival time                         -14.349    <hidden>
  -------------------------------------------------------------------
                         slack                                  0.377    <hidden>

Slack (MET) :             0.378ns  (required time - arrival time)
  Source:                 system_i/aes_ctr_axi_lite_0/inst/key_reg3_reg[21]/C
                            (rising edge-triggered cell FDRE clocked by clk_pl_0  {rise@0.000ns fall@6.667ns period=13.333ns})
  Destination:            system_i/aes_ctr_axi_lite_0/inst/u_aes/ciphertext_reg[2]/D
                            (rising edge-triggered cell FDCE clocked by clk_pl_0  {rise@0.000ns fall@6.667ns period=13.333ns})
  Path Group:             clk_pl_0
  Path Type:              Setup (Max at Slow Process Corner)
  Requirement:            13.333ns  (clk_pl_0 rise@13.333ns - clk_pl_0 rise@0.000ns)
  Data Path Delay:        12.688ns  (logic 4.504ns (35.498%)  route 8.184ns (64.502%))
  Logic Levels:           55  (LUT2=15 LUT3=3 LUT4=1 LUT5=1 LUT6=20 MUXF7=8 MUXF8=7)
  Clock Path Skew:        -0.151ns (DCD - SCD + CPR)
    Destination Clock Delay (DCD):    1.440ns = ( 14.773 - 13.333 ) 
    Source Clock Delay      (SCD):    1.660ns
    Clock Pessimism Removal (CPR):    0.069ns
  Clock Uncertainty:      0.141ns  ((TSJ^2 + DJ^2)^1/2) / 2 + PE
    Total System Jitter     (TSJ):    0.071ns
    Discrete Jitter          (DJ):    0.273ns
    Phase Error              (PE):    0.000ns
  Clock Net Delay (Source):      1.452ns (routing 0.193ns, distribution 1.259ns)
  Clock Net Delay (Destination): 1.272ns (routing 0.172ns, distribution 1.100ns)

    Location             Delay type                Incr(ns)  Path(ns)    Netlist Resource(s)
  -------------------------------------------------------------------    -------------------
                         (clock clk_pl_0 rise edge)
                                                      0.000     0.000 r  <hidden>
    PS8_X0Y0             PS8                          0.000     0.000 r  system_i/zynq_ultra_ps_e_0/inst/PS8_i/PLCLK[0]
                         net (fo=1, routed)           0.180     0.180    system_i/zynq_ultra_ps_e_0/inst/pl_clk_unbuffered[0]
    BUFG_PS_X0Y80        BUFG_PS (Prop_BUFG_PS_I_O)
                                                      0.028     0.208 r  system_i/zynq_ultra_ps_e_0/inst/buffer_pl_clk_0.PL_CLK_0_BUFG/O
    X1Y3 (CLOCK_ROOT)    net (fo=2867, routed)        1.452     1.660    system_i/aes_ctr_axi_lite_0/inst/s_axi_aclk
    SLICE_X58Y290        FDRE                                         r  system_i/aes_ctr_axi_lite_0/inst/key_reg3_reg[21]/C
  -------------------------------------------------------------------    -------------------
    SLICE_X58Y290        FDRE (Prop_DFF_SLICEL_C_Q)
                                                      0.079     1.739 r  system_i/aes_ctr_axi_lite_0/inst/key_reg3_reg[21]/Q
                         net (fo=36, routed)          0.325     2.064    system_i/aes_ctr_axi_lite_0/inst/u_aes/key_value[21]
    SLICE_X57Y287        LUT6 (Prop_G6LUT_SLICEM_I5_O)
                                                      0.150     2.214 r  system_i/aes_ctr_axi_lite_0/inst/u_aes/g1_b5__2/O
                         net (fo=1, routed)           0.017     2.231    system_i/aes_ctr_axi_lite_0/inst/u_key_expansion/aes_sbox_inferred__2/g0_b0__3_i_12_1
    SLICE_X57Y287        MUXF7 (Prop_F7MUX_GH_SLICEM_I1_O)
                                                      0.060     2.291 r  system_i/aes_ctr_axi_lite_0/inst/u_key_expansion/aes_sbox_inferred__2/g0_b0__3_i_23/O
                         net (fo=1, routed)           0.000     2.291    system_i/aes_ctr_axi_lite_0/inst/u_key_expansion/aes_sbox_inferred__2/g0_b0__3_i_23_n_0
    SLICE_X57Y287        MUXF8 (Prop_F8MUX_TOP_SLICEM_I0_O)
                                                      0.028     2.319 r  system_i/aes_ctr_axi_lite_0/inst/u_key_expansion/aes_sbox_inferred__2/g0_b0__3_i_12/O
                         net (fo=20, routed)          0.201     2.520    system_i/aes_ctr_axi_lite_0/inst/u_aes/SubWord_return[29]
    SLICE_X57Y288        LUT5 (Prop_G6LUT_SLICEM_I2_O)
                                                      0.123     2.643 r  system_i/aes_ctr_axi_lite_0/inst/u_aes/g0_b0__3_i_6/O
                         net (fo=33, routed)          0.314     2.957    system_i/aes_ctr_axi_lite_0/inst/u_aes/g0_b0__3_i_6_n_0
    SLICE_X56Y292        LUT6 (Prop_B6LUT_SLICEM_I5_O)
                                                      0.149     3.106 r  system_i/aes_ctr_axi_lite_0/inst/u_aes/g2_b0__3/O
                         net (fo=1, routed)           0.017     3.123    system_i/aes_ctr_axi_lite_0/inst/u_key_expansion/aes_sbox_inferred__3/g0_b0__8_i_7_0
    SLICE_X56Y292        MUXF7 (Prop_F7MUX_AB_SLICEM_I0_O)
                                                      0.060     3.183 r  system_i/aes_ctr_axi_lite_0/inst/u_key_expansion/aes_sbox_inferred__3/g0_b0__8_i_14/O
                         net (fo=1, routed)           0.000     3.183    system_i/aes_ctr_axi_lite_0/inst/u_key_expansion/aes_sbox_inferred__3/g0_b0__8_i_14_n_0
    SLICE_X56Y292        MUXF8 (Prop_F8MUX_BOT_SLICEM_I1_O)
                                                      0.028     3.211 r  system_i/aes_ctr_axi_lite_0/inst/u_key_expansion/aes_sbox_inferred__3/g0_b0__8_i_7/O
                         net (fo=18, routed)          0.178     3.389    system_i/aes_ctr_axi_lite_0/inst/u_aes/state2_reg[64]_0
    SLICE_X55Y293        LUT3 (Prop_F6LUT_SLICEL_I0_O)
                                                      0.148     3.537 r  system_i/aes_ctr_axi_lite_0/inst/u_aes/g0_b0__8_i_1/O
                         net (fo=34, routed)          0.464     4.001    system_i/aes_ctr_axi_lite_0/inst/u_aes/u_key_expansion/(null)[4].word46_out[0]
    SLICE_X50Y296        LUT6 (Prop_D6LUT_SLICEM_I0_O)
                                                      0.088     4.089 r  system_i/aes_ctr_axi_lite_0/inst/u_aes/g0_b2__8/O
                         net (fo=1, routed)           0.025     4.114    system_i/aes_ctr_axi_lite_0/inst/u_key_expansion/aes_sbox_inferred__8/g0_b0__13_i_14_0
    SLICE_X50Y296        MUXF7 (Prop_F7MUX_CD_SLICEM_I0_O)
                                                      0.062     4.176 r  system_i/aes_ctr_axi_lite_0/inst/u_key_expansion/aes_sbox_inferred__8/g0_b0__13_i_18/O
                         net (fo=1, routed)           0.000     4.176    system_i/aes_ctr_axi_lite_0/inst/u_key_expansion/aes_sbox_inferred__8/g0_b0__13_i_18_n_0
    SLICE_X50Y296        MUXF8 (Prop_F8MUX_BOT_SLICEM_I0_O)
                                                      0.030     4.206 r  system_i/aes_ctr_axi_lite_0/inst/u_key_expansion/aes_sbox_inferred__8/g0_b0__13_i_14/O
                         net (fo=10, routed)          0.216     4.422    system_i/aes_ctr_axi_lite_0/inst/u_aes/ciphertext_reg[106]_1
    SLICE_X48Y296        LUT4 (Prop_H6LUT_SLICEL_I0_O)
                                                      0.051     4.473 r  system_i/aes_ctr_axi_lite_0/inst/u_aes/g0_b0__13_i_9/O
                         net (fo=3, routed)           0.048     4.522    system_i/aes_ctr_axi_lite_0/inst/u_aes/u_key_expansion/w[14]_23[10]
    SLICE_X48Y296        LUT2 (Prop_E5LUT_SLICEL_I0_O)
                                                      0.101     4.623 r  system_i/aes_ctr_axi_lite_0/inst/u_aes/g0_b0__13_i_3/O
                         net (fo=34, routed)          0.401     5.023    system_i/aes_ctr_axi_lite_0/inst/u_aes/u_key_expansion/(null)[4].word40_out[10]
    SLICE_X50Y301        LUT6 (Prop_F6LUT_SLICEM_I2_O)
                                                      0.123     5.146 r  system_i/aes_ctr_axi_lite_0/inst/u_aes/g2_b2__13/O
                         net (fo=1, routed)           0.023     5.169    system_i/aes_ctr_axi_lite_0/inst/u_key_expansion/aes_sbox_inferred__13/ciphertext_reg[50]_i_9_2
    SLICE_X50Y301        MUXF7 (Prop_F7MUX_EF_SLICEM_I0_O)
                                                      0.061     5.230 r  system_i/aes_ctr_axi_lite_0/inst/u_key_expansion/aes_sbox_inferred__13/ciphertext_reg[50]_i_15/O
                         net (fo=1, routed)           0.000     5.230    system_i/aes_ctr_axi_lite_0/inst/u_key_expansion/aes_sbox_inferred__13/ciphertext_reg[50]_i_15_n_0
    SLICE_X50Y301        MUXF8 (Prop_F8MUX_TOP_SLICEM_I1_O)
                                                      0.028     5.258 r  system_i/aes_ctr_axi_lite_0/inst/u_key_expansion/aes_sbox_inferred__13/ciphertext_reg[50]_i_9/O
                         net (fo=5, routed)           0.140     5.399    system_i/aes_ctr_axi_lite_0/inst/u_aes/ciphertext_reg[50]_5
    SLICE_X50Y300        LUT3 (Prop_C6LUT_SLICEM_I0_O)
                                                      0.051     5.450 r  system_i/aes_ctr_axi_lite_0/inst/u_aes/state4[82]_i_4/O
                         net (fo=3, routed)           0.091     5.541    system_i/aes_ctr_axi_lite_0/inst/u_aes/u_key_expansion/w[17]_25[18]
    SLICE_X51Y299        LUT2 (Prop_G6LUT_SLICEL_I0_O)
                                                      0.035     5.576 r  system_i/aes_ctr_axi_lite_0/inst/u_aes/g0_b0__18_i_9/O
                         net (fo=3, routed)           0.043     5.619    system_i/aes_ctr_axi_lite_0/inst/u_aes/u_key_expansion/w[18]_18[18]
    SLICE_X51Y299        LUT2 (Prop_H6LUT_SLICEL_I0_O)
                                                      0.099     5.718 r  system_i/aes_ctr_axi_lite_0/inst/u_aes/g0_b0__18_i_3/O
                         net (fo=34, routed)          0.526     6.243    system_i/aes_ctr_axi_lite_0/inst/u_aes/u_key_expansion/(null)[4].word34_out[18]
    SLICE_X57Y302        LUT6 (Prop_C6LUT_SLICEM_I2_O)
                                                      0.145     6.388 r  system_i/aes_ctr_axi_lite_0/inst/u_aes/g1_b5__18/O
                         net (fo=1, routed)           0.021     6.409    system_i/aes_ctr_axi_lite_0/inst/u_key_expansion/aes_sbox_inferred__18/ciphertext_reg[61]_i_10_1
    SLICE_X57Y302        MUXF7 (Prop_F7MUX_CD_SLICEM_I1_O)
                                                      0.061     6.470 r  system_i/aes_ctr_axi_lite_0/inst/u_key_expansion/aes_sbox_inferred__18/ciphertext_reg[61]_i_16/O
                         net (fo=1, routed)           0.000     6.470    system_i/aes_ctr_axi_lite_0/inst/u_key_expansion/aes_sbox_inferred__18/ciphertext_reg[61]_i_16_n_0
    SLICE_X57Y302        MUXF8 (Prop_F8MUX_BOT_SLICEM_I0_O)
                                                      0.030     6.500 r  system_i/aes_ctr_axi_lite_0/inst/u_key_expansion/aes_sbox_inferred__18/ciphertext_reg[61]_i_10/O
                         net (fo=4, routed)           0.211     6.711    system_i/aes_ctr_axi_lite_0/inst/u_aes/state9_reg[125]_1
    SLICE_X57Y303        LUT6 (Prop_H6LUT_SLICEM_I2_O)
                                                      0.125     6.836 r  system_i/aes_ctr_axi_lite_0/inst/u_aes/state5[125]_i_6/O
                         net (fo=2, routed)           0.048     6.884    system_i/aes_ctr_axi_lite_0/inst/u_aes/u_key_expansion/w[20]_11[29]
    SLICE_X57Y303        LUT2 (Prop_E6LUT_SLICEM_I0_O)
                                                      0.091     6.975 r  system_i/aes_ctr_axi_lite_0/inst/u_aes/state5[93]_i_6/O
                         net (fo=3, routed)           0.051     7.026    system_i/aes_ctr_axi_lite_0/inst/u_aes/u_key_expansion/w[21]_20[29]
    SLICE_X57Y303        LUT2 (Prop_A6LUT_SLICEM_I0_O)
                                                      0.053     7.079 r  system_i/aes_ctr_axi_lite_0/inst/u_aes/g0_b0__19_i_12/O
                         net (fo=3, routed)           0.092     7.171    system_i/aes_ctr_axi_lite_0/inst/u_aes/u_key_expansion/w[22]_2[29]
    SLICE_X57Y304        LUT2 (Prop_D6LUT_SLICEM_I0_O)
                                                      0.037     7.208 r  system_i/aes_ctr_axi_lite_0/inst/u_aes/g0_b0__19_i_6/O
                         net (fo=34, routed)          0.245     7.453    system_i/aes_ctr_axi_lite_0/inst/u_aes/u_key_expansion/(null)[4].word28_out[29]
    SLICE_X55Y305        LUT6 (Prop_A6LUT_SLICEL_I5_O)
                                                      0.149     7.602 r  system_i/aes_ctr_axi_lite_0/inst/u_aes/g3_b5__19/O
                         net (fo=1, routed)           0.009     7.611    system_i/aes_ctr_axi_lite_0/inst/u_key_expansion/aes_sbox_inferred__19/ciphertext_reg[37]_i_11_3
    SLICE_X55Y305        MUXF7 (Prop_F7MUX_AB_SLICEL_I1_O)
                                                      0.057     7.668 r  system_i/aes_ctr_axi_lite_0/inst/u_key_expansion/aes_sbox_inferred__19/ciphertext_reg[37]_i_19/O
                         net (fo=1, routed)           0.000     7.668    system_i/aes_ctr_axi_lite_0/inst/u_key_expansion/aes_sbox_inferred__19/ciphertext_reg[37]_i_19_n_0
    SLICE_X55Y305        MUXF8 (Prop_F8MUX_BOT_SLICEL_I1_O)
                                                      0.026     7.694 r  system_i/aes_ctr_axi_lite_0/inst/u_key_expansion/aes_sbox_inferred__19/ciphertext_reg[37]_i_11/O
                         net (fo=4, routed)           0.342     8.036    system_i/aes_ctr_axi_lite_0/inst/u_aes/state9_reg[101]_0
    SLICE_X51Y306        LUT6 (Prop_H6LUT_SLICEL_I3_O)
                                                      0.090     8.126 r  system_i/aes_ctr_axi_lite_0/inst/u_aes/state6[101]_i_2/O
                         net (fo=2, routed)           0.191     8.317    system_i/aes_ctr_axi_lite_0/inst/u_aes/u_key_expansion/w[24]_15[5]
    SLICE_X50Y307        LUT2 (Prop_D6LUT_SLICEM_I0_O)
                                                      0.037     8.354 r  system_i/aes_ctr_axi_lite_0/inst/u_aes/state6[69]_i_2/O
                         net (fo=3, routed)           0.044     8.398    system_i/aes_ctr_axi_lite_0/inst/u_aes/u_key_expansion/w[25]_3[5]
    SLICE_X50Y307        LUT2 (Prop_A6LUT_SLICEM_I0_O)
                                                      0.053     8.451 r  system_i/aes_ctr_axi_lite_0/inst/u_aes/g0_b0__24_i_12/O
                         net (fo=3, routed)           0.113     8.564    system_i/aes_ctr_axi_lite_0/inst/u_aes/u_key_expansion/w[26]_17[5]
    SLICE_X49Y307        LUT2 (Prop_C6LUT_SLICEM_I0_O)
                                                      0.098     8.662 r  system_i/aes_ctr_axi_lite_0/inst/u_aes/g0_b0__24_i_6/O
                         net (fo=35, routed)          0.348     9.010    system_i/aes_ctr_axi_lite_0/inst/u_aes/u_key_expansion/(null)[4].word22_out[5]
    SLICE_X44Y308        LUT6 (Prop_B6LUT_SLICEL_I5_O)
                                                      0.148     9.158 r  system_i/aes_ctr_axi_lite_0/inst/u_aes/g2_b2__24/O
                         net (fo=1, routed)           0.009     9.167    system_i/aes_ctr_axi_lite_0/inst/u_key_expansion/aes_sbox_inferred__24/g0_b0__37_i_32_2
    SLICE_X44Y308        MUXF7 (Prop_F7MUX_AB_SLICEL_I0_O)
                                                      0.056     9.223 r  system_i/aes_ctr_axi_lite_0/inst/u_key_expansion/aes_sbox_inferred__24/g0_b0__37_i_54/O
                         net (fo=1, routed)           0.000     9.223    system_i/aes_ctr_axi_lite_0/inst/u_key_expansion/aes_sbox_inferred__24/g0_b0__37_i_54_n_0
    SLICE_X44Y308        MUXF8 (Prop_F8MUX_BOT_SLICEL_I1_O)
                                                      0.026     9.249 r  system_i/aes_ctr_axi_lite_0/inst/u_key_expansion/aes_sbox_inferred__24/g0_b0__37_i_32/O
                         net (fo=4, routed)           0.162     9.411    system_i/aes_ctr_axi_lite_0/inst/u_aes/ciphertext_reg[42]_4
    SLICE_X44Y310        LUT6 (Prop_H6LUT_SLICEL_I3_O)
                                                      0.150     9.561 r  system_i/aes_ctr_axi_lite_0/inst/u_aes/state7[106]_i_3/O
                         net (fo=2, routed)           0.120     9.681    system_i/aes_ctr_axi_lite_0/inst/u_aes/u_key_expansion/w[28]_10[10]
    SLICE_X42Y311        LUT2 (Prop_G6LUT_SLICEM_I0_O)
                                                      0.150     9.831 r  system_i/aes_ctr_axi_lite_0/inst/u_aes/state7[74]_i_3/O
                         net (fo=3, routed)           0.053     9.884    system_i/aes_ctr_axi_lite_0/inst/u_aes/u_key_expansion/w[29]_19[10]
    SLICE_X42Y311        LUT2 (Prop_F6LUT_SLICEM_I0_O)
                                                      0.098     9.982 r  system_i/aes_ctr_axi_lite_0/inst/u_aes/g0_b0__29_i_9/O
                         net (fo=5, routed)           0.192    10.174    system_i/aes_ctr_axi_lite_0/inst/u_aes/u_key_expansion/w[30]_0[10]
    SLICE_X43Y314        LUT2 (Prop_F6LUT_SLICEL_I0_O)
                                                      0.049    10.223 r  system_i/aes_ctr_axi_lite_0/inst/u_aes/g0_b0__29_i_3/O
                         net (fo=35, routed)          0.191    10.414    system_i/aes_ctr_axi_lite_0/inst/u_aes/u_key_expansion/(null)[4].word16_out[10]
    SLICE_X46Y314        LUT6 (Prop_F6LUT_SLICEM_I2_O)
                                                      0.088    10.502 r  system_i/aes_ctr_axi_lite_0/inst/u_aes/g1_b0__29/O
                         net (fo=1, routed)           0.143    10.645    system_i/aes_ctr_axi_lite_0/inst/u_key_expansion/state8[112]_i_3_1
    SLICE_X46Y315        LUT6 (Prop_H6LUT_SLICEM_I3_O)
                                                      0.125    10.770 r  system_i/aes_ctr_axi_lite_0/inst/u_key_expansion/aes_sbox_inferred__29/g0_b0__38_i_23/O
                         net (fo=4, routed)           0.297    11.067    system_i/aes_ctr_axi_lite_0/inst/u_aes/ciphertext_reg[48]_1
    SLICE_X51Y317        LUT6 (Prop_E6LUT_SLICEL_I3_O)
                                                      0.051    11.118 r  system_i/aes_ctr_axi_lite_0/inst/u_aes/state8[112]_i_3/O
                         net (fo=2, routed)           0.312    11.430    system_i/aes_ctr_axi_lite_0/inst/u_aes/u_key_expansion/w[32]_16[16]
    SLICE_X52Y318        LUT3 (Prop_E6LUT_SLICEL_I2_O)
                                                      0.051    11.481 r  system_i/aes_ctr_axi_lite_0/inst/u_aes/g0_b0__38_i_8/O
                         net (fo=4, routed)           0.099    11.580    system_i/aes_ctr_axi_lite_0/inst/u_aes/u_key_expansion/w[33]_1[16]
    SLICE_X53Y318        LUT2 (Prop_E6LUT_SLICEM_I0_O)
                                                      0.037    11.617 r  system_i/aes_ctr_axi_lite_0/inst/u_aes/g0_b0__34_i_7/O
                         net (fo=4, routed)           0.202    11.819    system_i/aes_ctr_axi_lite_0/inst/u_aes/u_key_expansion/w[34]_4[16]
    SLICE_X55Y317        LUT2 (Prop_F6LUT_SLICEL_I0_O)
                                                      0.035    11.854 r  system_i/aes_ctr_axi_lite_0/inst/u_aes/g0_b0__34_i_1/O
                         net (fo=33, routed)          0.460    12.314    system_i/aes_ctr_axi_lite_0/inst/u_aes/u_key_expansion/(null)[4].word10_out[16]
    SLICE_X61Y316        LUT6 (Prop_G6LUT_SLICEM_I0_O)
                                                      0.123    12.437 r  system_i/aes_ctr_axi_lite_0/inst/u_aes/g2_b3__34/O
                         net (fo=1, routed)           0.170    12.607    system_i/aes_ctr_axi_lite_0/inst/u_key_expansion/state9[123]_i_4_0
    SLICE_X61Y310        LUT6 (Prop_A6LUT_SLICEM_I1_O)
                                                      0.125    12.732 r  system_i/aes_ctr_axi_lite_0/inst/u_key_expansion/aes_sbox_inferred__34/g0_b0__35_i_36/O
                         net (fo=3, routed)           0.053    12.785    system_i/aes_ctr_axi_lite_0/inst/u_aes/ciphertext_reg[59]_1
    SLICE_X61Y310        LUT6 (Prop_C6LUT_SLICEM_I2_O)
                                                      0.037    12.822 r  system_i/aes_ctr_axi_lite_0/inst/u_aes/g0_b0__35_i_13/O
                         net (fo=3, routed)           0.143    12.965    system_i/aes_ctr_axi_lite_0/inst/u_aes/g0_b0__35_i_13_n_0
    SLICE_X60Y312        LUT6 (Prop_C6LUT_SLICEL_I0_O)
                                                      0.088    13.053 r  system_i/aes_ctr_axi_lite_0/inst/u_aes/g0_b0__35_i_4/O
                         net (fo=33, routed)          0.302    13.355    system_i/aes_ctr_axi_lite_0/inst/u_aes/u_key_expansion/p_54_in[27]
    SLICE_X58Y308        LUT6 (Prop_H6LUT_SLICEL_I3_O)
                                                      0.150    13.505 r  system_i/aes_ctr_axi_lite_0/inst/u_aes/g2_b2__35/O
                         net (fo=1, routed)           0.010    13.515    system_i/aes_ctr_axi_lite_0/inst/u_key_expansion/ciphertext[34]_i_3_1
    SLICE_X58Y308        MUXF7 (Prop_F7MUX_GH_SLICEL_I0_O)
                                                      0.064    13.579 r  system_i/aes_ctr_axi_lite_0/inst/u_key_expansion/aes_sbox_inferred__35/ciphertext_reg[34]_i_7/O
                         net (fo=1, routed)           0.173    13.752    system_i/aes_ctr_axi_lite_0/inst/u_aes/ciphertext_reg[34]_1
    SLICE_X59Y307        LUT6 (Prop_F6LUT_SLICEL_I3_O)
                                                      0.089    13.841 r  system_i/aes_ctr_axi_lite_0/inst/u_aes/ciphertext[34]_i_3/O
                         net (fo=4, routed)           0.172    14.013    system_i/aes_ctr_axi_lite_0/inst/u_aes/ciphertext[34]_i_3_n_0
    SLICE_X56Y307        LUT6 (Prop_H6LUT_SLICEM_I1_O)
                                                      0.090    14.103 r  system_i/aes_ctr_axi_lite_0/inst/u_aes/ciphertext[2]_i_2/O
                         net (fo=1, routed)           0.154    14.257    system_i/aes_ctr_axi_lite_0/inst/u_aes/round_keys[2]
    SLICE_X54Y307        LUT2 (Prop_G5LUT_SLICEM_I0_O)
                                                      0.068    14.325 r  system_i/aes_ctr_axi_lite_0/inst/u_aes/ciphertext[2]_i_1/O
                         net (fo=1, routed)           0.023    14.348    system_i/aes_ctr_axi_lite_0/inst/u_aes/rk10[2]
    SLICE_X54Y307        FDCE                                         r  system_i/aes_ctr_axi_lite_0/inst/u_aes/ciphertext_reg[2]/D
  -------------------------------------------------------------------    -------------------

                         (clock clk_pl_0 rise edge)
                                                     13.333    13.333 r  <hidden>
    PS8_X0Y0             PS8                          0.000    13.333 r  system_i/zynq_ultra_ps_e_0/inst/PS8_i/PLCLK[0]
                         net (fo=1, routed)           0.143    13.476    system_i/zynq_ultra_ps_e_0/inst/pl_clk_unbuffered[0]
    BUFG_PS_X0Y80        BUFG_PS (Prop_BUFG_PS_I_O)
                                                      0.025    13.501 r  system_i/zynq_ultra_ps_e_0/inst/buffer_pl_clk_0.PL_CLK_0_BUFG/O
    X1Y3 (CLOCK_ROOT)    net (fo=2867, routed)        1.272    14.773    system_i/aes_ctr_axi_lite_0/inst/u_aes/s_axi_aclk
    SLICE_X54Y307        FDCE                                         r  system_i/aes_ctr_axi_lite_0/inst/u_aes/ciphertext_reg[2]/C
                         clock pessimism              0.069    14.842    <hidden>
                         clock uncertainty           -0.141    14.701    <hidden>
    SLICE_X54Y307        FDCE (Setup_GFF2_SLICEM_C_D)
                                                      0.025    14.726    system_i/aes_ctr_axi_lite_0/inst/u_aes/ciphertext_reg[2]
  -------------------------------------------------------------------
                         required time                         14.726    <hidden>
                         arrival time                         -14.348    <hidden>
  -------------------------------------------------------------------
                         slack                                  0.378    <hidden>

Slack (MET) :             0.408ns  (required time - arrival time)
  Source:                 system_i/aes_ctr_axi_lite_0/inst/key_reg3_reg[21]/C
                            (rising edge-triggered cell FDRE clocked by clk_pl_0  {rise@0.000ns fall@6.667ns period=13.333ns})
  Destination:            system_i/aes_ctr_axi_lite_0/inst/u_aes/ciphertext_reg[70]/D
                            (rising edge-triggered cell FDCE clocked by clk_pl_0  {rise@0.000ns fall@6.667ns period=13.333ns})
  Path Group:             clk_pl_0
  Path Type:              Setup (Max at Slow Process Corner)
  Requirement:            13.333ns  (clk_pl_0 rise@13.333ns - clk_pl_0 rise@0.000ns)
  Data Path Delay:        12.672ns  (logic 4.612ns (36.395%)  route 8.060ns (63.605%))
  Logic Levels:           55  (LUT2=15 LUT3=3 LUT4=1 LUT5=1 LUT6=20 MUXF7=8 MUXF8=7)
  Clock Path Skew:        -0.137ns (DCD - SCD + CPR)
    Destination Clock Delay (DCD):    1.454ns = ( 14.787 - 13.333 ) 
    Source Clock Delay      (SCD):    1.660ns
    Clock Pessimism Removal (CPR):    0.069ns
  Clock Uncertainty:      0.141ns  ((TSJ^2 + DJ^2)^1/2) / 2 + PE
    Total System Jitter     (TSJ):    0.071ns
    Discrete Jitter          (DJ):    0.273ns
    Phase Error              (PE):    0.000ns
  Clock Net Delay (Source):      1.452ns (routing 0.193ns, distribution 1.259ns)
  Clock Net Delay (Destination): 1.286ns (routing 0.172ns, distribution 1.114ns)

    Location             Delay type                Incr(ns)  Path(ns)    Netlist Resource(s)
  -------------------------------------------------------------------    -------------------
                         (clock clk_pl_0 rise edge)
                                                      0.000     0.000 r  <hidden>
    PS8_X0Y0             PS8                          0.000     0.000 r  system_i/zynq_ultra_ps_e_0/inst/PS8_i/PLCLK[0]
                         net (fo=1, routed)           0.180     0.180    system_i/zynq_ultra_ps_e_0/inst/pl_clk_unbuffered[0]
    BUFG_PS_X0Y80        BUFG_PS (Prop_BUFG_PS_I_O)
                                                      0.028     0.208 r  system_i/zynq_ultra_ps_e_0/inst/buffer_pl_clk_0.PL_CLK_0_BUFG/O
    X1Y3 (CLOCK_ROOT)    net (fo=2867, routed)        1.452     1.660    system_i/aes_ctr_axi_lite_0/inst/s_axi_aclk
    SLICE_X58Y290        FDRE                                         r  system_i/aes_ctr_axi_lite_0/inst/key_reg3_reg[21]/C
  -------------------------------------------------------------------    -------------------
    SLICE_X58Y290        FDRE (Prop_DFF_SLICEL_C_Q)
                                                      0.079     1.739 r  system_i/aes_ctr_axi_lite_0/inst/key_reg3_reg[21]/Q
                         net (fo=36, routed)          0.325     2.064    system_i/aes_ctr_axi_lite_0/inst/u_aes/key_value[21]
    SLICE_X57Y287        LUT6 (Prop_G6LUT_SLICEM_I5_O)
                                                      0.150     2.214 r  system_i/aes_ctr_axi_lite_0/inst/u_aes/g1_b5__2/O
                         net (fo=1, routed)           0.017     2.231    system_i/aes_ctr_axi_lite_0/inst/u_key_expansion/aes_sbox_inferred__2/g0_b0__3_i_12_1
    SLICE_X57Y287        MUXF7 (Prop_F7MUX_GH_SLICEM_I1_O)
                                                      0.060     2.291 r  system_i/aes_ctr_axi_lite_0/inst/u_key_expansion/aes_sbox_inferred__2/g0_b0__3_i_23/O
                         net (fo=1, routed)           0.000     2.291    system_i/aes_ctr_axi_lite_0/inst/u_key_expansion/aes_sbox_inferred__2/g0_b0__3_i_23_n_0
    SLICE_X57Y287        MUXF8 (Prop_F8MUX_TOP_SLICEM_I0_O)
                                                      0.028     2.319 r  system_i/aes_ctr_axi_lite_0/inst/u_key_expansion/aes_sbox_inferred__2/g0_b0__3_i_12/O
                         net (fo=20, routed)          0.201     2.520    system_i/aes_ctr_axi_lite_0/inst/u_aes/SubWord_return[29]
    SLICE_X57Y288        LUT5 (Prop_G6LUT_SLICEM_I2_O)
                                                      0.123     2.643 r  system_i/aes_ctr_axi_lite_0/inst/u_aes/g0_b0__3_i_6/O
                         net (fo=33, routed)          0.314     2.957    system_i/aes_ctr_axi_lite_0/inst/u_aes/g0_b0__3_i_6_n_0
    SLICE_X56Y292        LUT6 (Prop_B6LUT_SLICEM_I5_O)
                                                      0.149     3.106 r  system_i/aes_ctr_axi_lite_0/inst/u_aes/g2_b0__3/O
                         net (fo=1, routed)           0.017     3.123    system_i/aes_ctr_axi_lite_0/inst/u_key_expansion/aes_sbox_inferred__3/g0_b0__8_i_7_0
    SLICE_X56Y292        MUXF7 (Prop_F7MUX_AB_SLICEM_I0_O)
                                                      0.060     3.183 r  system_i/aes_ctr_axi_lite_0/inst/u_key_expansion/aes_sbox_inferred__3/g0_b0__8_i_14/O
                         net (fo=1, routed)           0.000     3.183    system_i/aes_ctr_axi_lite_0/inst/u_key_expansion/aes_sbox_inferred__3/g0_b0__8_i_14_n_0
    SLICE_X56Y292        MUXF8 (Prop_F8MUX_BOT_SLICEM_I1_O)
                                                      0.028     3.211 r  system_i/aes_ctr_axi_lite_0/inst/u_key_expansion/aes_sbox_inferred__3/g0_b0__8_i_7/O
                         net (fo=18, routed)          0.178     3.389    system_i/aes_ctr_axi_lite_0/inst/u_aes/state2_reg[64]_0
    SLICE_X55Y293        LUT3 (Prop_F6LUT_SLICEL_I0_O)
                                                      0.148     3.537 r  system_i/aes_ctr_axi_lite_0/inst/u_aes/g0_b0__8_i_1/O
                         net (fo=34, routed)          0.464     4.001    system_i/aes_ctr_axi_lite_0/inst/u_aes/u_key_expansion/(null)[4].word46_out[0]
    SLICE_X50Y296        LUT6 (Prop_D6LUT_SLICEM_I0_O)
                                                      0.088     4.089 r  system_i/aes_ctr_axi_lite_0/inst/u_aes/g0_b2__8/O
                         net (fo=1, routed)           0.025     4.114    system_i/aes_ctr_axi_lite_0/inst/u_key_expansion/aes_sbox_inferred__8/g0_b0__13_i_14_0
    SLICE_X50Y296        MUXF7 (Prop_F7MUX_CD_SLICEM_I0_O)
                                                      0.062     4.176 r  system_i/aes_ctr_axi_lite_0/inst/u_key_expansion/aes_sbox_inferred__8/g0_b0__13_i_18/O
                         net (fo=1, routed)           0.000     4.176    system_i/aes_ctr_axi_lite_0/inst/u_key_expansion/aes_sbox_inferred__8/g0_b0__13_i_18_n_0
    SLICE_X50Y296        MUXF8 (Prop_F8MUX_BOT_SLICEM_I0_O)
                                                      0.030     4.206 r  system_i/aes_ctr_axi_lite_0/inst/u_key_expansion/aes_sbox_inferred__8/g0_b0__13_i_14/O
                         net (fo=10, routed)          0.216     4.422    system_i/aes_ctr_axi_lite_0/inst/u_aes/ciphertext_reg[106]_1
    SLICE_X48Y296        LUT4 (Prop_H6LUT_SLICEL_I0_O)
                                                      0.051     4.473 r  system_i/aes_ctr_axi_lite_0/inst/u_aes/g0_b0__13_i_9/O
                         net (fo=3, routed)           0.048     4.522    system_i/aes_ctr_axi_lite_0/inst/u_aes/u_key_expansion/w[14]_23[10]
    SLICE_X48Y296        LUT2 (Prop_E5LUT_SLICEL_I0_O)
                                                      0.101     4.623 r  system_i/aes_ctr_axi_lite_0/inst/u_aes/g0_b0__13_i_3/O
                         net (fo=34, routed)          0.401     5.023    system_i/aes_ctr_axi_lite_0/inst/u_aes/u_key_expansion/(null)[4].word40_out[10]
    SLICE_X50Y301        LUT6 (Prop_F6LUT_SLICEM_I2_O)
                                                      0.123     5.146 r  system_i/aes_ctr_axi_lite_0/inst/u_aes/g2_b2__13/O
                         net (fo=1, routed)           0.023     5.169    system_i/aes_ctr_axi_lite_0/inst/u_key_expansion/aes_sbox_inferred__13/ciphertext_reg[50]_i_9_2
    SLICE_X50Y301        MUXF7 (Prop_F7MUX_EF_SLICEM_I0_O)
                                                      0.061     5.230 r  system_i/aes_ctr_axi_lite_0/inst/u_key_expansion/aes_sbox_inferred__13/ciphertext_reg[50]_i_15/O
                         net (fo=1, routed)           0.000     5.230    system_i/aes_ctr_axi_lite_0/inst/u_key_expansion/aes_sbox_inferred__13/ciphertext_reg[50]_i_15_n_0
    SLICE_X50Y301        MUXF8 (Prop_F8MUX_TOP_SLICEM_I1_O)
                                                      0.028     5.258 r  system_i/aes_ctr_axi_lite_0/inst/u_key_expansion/aes_sbox_inferred__13/ciphertext_reg[50]_i_9/O
                         net (fo=5, routed)           0.140     5.399    system_i/aes_ctr_axi_lite_0/inst/u_aes/ciphertext_reg[50]_5
    SLICE_X50Y300        LUT3 (Prop_C6LUT_SLICEM_I0_O)
                                                      0.051     5.450 r  system_i/aes_ctr_axi_lite_0/inst/u_aes/state4[82]_i_4/O
                         net (fo=3, routed)           0.091     5.541    system_i/aes_ctr_axi_lite_0/inst/u_aes/u_key_expansion/w[17]_25[18]
    SLICE_X51Y299        LUT2 (Prop_G6LUT_SLICEL_I0_O)
                                                      0.035     5.576 r  system_i/aes_ctr_axi_lite_0/inst/u_aes/g0_b0__18_i_9/O
                         net (fo=3, routed)           0.043     5.619    system_i/aes_ctr_axi_lite_0/inst/u_aes/u_key_expansion/w[18]_18[18]
    SLICE_X51Y299        LUT2 (Prop_H6LUT_SLICEL_I0_O)
                                                      0.099     5.718 r  system_i/aes_ctr_axi_lite_0/inst/u_aes/g0_b0__18_i_3/O
                         net (fo=34, routed)          0.526     6.243    system_i/aes_ctr_axi_lite_0/inst/u_aes/u_key_expansion/(null)[4].word34_out[18]
    SLICE_X57Y302        LUT6 (Prop_C6LUT_SLICEM_I2_O)
                                                      0.145     6.388 r  system_i/aes_ctr_axi_lite_0/inst/u_aes/g1_b5__18/O
                         net (fo=1, routed)           0.021     6.409    system_i/aes_ctr_axi_lite_0/inst/u_key_expansion/aes_sbox_inferred__18/ciphertext_reg[61]_i_10_1
    SLICE_X57Y302        MUXF7 (Prop_F7MUX_CD_SLICEM_I1_O)
                                                      0.061     6.470 r  system_i/aes_ctr_axi_lite_0/inst/u_key_expansion/aes_sbox_inferred__18/ciphertext_reg[61]_i_16/O
                         net (fo=1, routed)           0.000     6.470    system_i/aes_ctr_axi_lite_0/inst/u_key_expansion/aes_sbox_inferred__18/ciphertext_reg[61]_i_16_n_0
    SLICE_X57Y302        MUXF8 (Prop_F8MUX_BOT_SLICEM_I0_O)
                                                      0.030     6.500 r  system_i/aes_ctr_axi_lite_0/inst/u_key_expansion/aes_sbox_inferred__18/ciphertext_reg[61]_i_10/O
                         net (fo=4, routed)           0.211     6.711    system_i/aes_ctr_axi_lite_0/inst/u_aes/state9_reg[125]_1
    SLICE_X57Y303        LUT6 (Prop_H6LUT_SLICEM_I2_O)
                                                      0.125     6.836 r  system_i/aes_ctr_axi_lite_0/inst/u_aes/state5[125]_i_6/O
                         net (fo=2, routed)           0.048     6.884    system_i/aes_ctr_axi_lite_0/inst/u_aes/u_key_expansion/w[20]_11[29]
    SLICE_X57Y303        LUT2 (Prop_E6LUT_SLICEM_I0_O)
                                                      0.091     6.975 r  system_i/aes_ctr_axi_lite_0/inst/u_aes/state5[93]_i_6/O
                         net (fo=3, routed)           0.051     7.026    system_i/aes_ctr_axi_lite_0/inst/u_aes/u_key_expansion/w[21]_20[29]
    SLICE_X57Y303        LUT2 (Prop_A6LUT_SLICEM_I0_O)
                                                      0.053     7.079 r  system_i/aes_ctr_axi_lite_0/inst/u_aes/g0_b0__19_i_12/O
                         net (fo=3, routed)           0.092     7.171    system_i/aes_ctr_axi_lite_0/inst/u_aes/u_key_expansion/w[22]_2[29]
    SLICE_X57Y304        LUT2 (Prop_D6LUT_SLICEM_I0_O)
                                                      0.037     7.208 r  system_i/aes_ctr_axi_lite_0/inst/u_aes/g0_b0__19_i_6/O
                         net (fo=34, routed)          0.245     7.453    system_i/aes_ctr_axi_lite_0/inst/u_aes/u_key_expansion/(null)[4].word28_out[29]
    SLICE_X55Y305        LUT6 (Prop_A6LUT_SLICEL_I5_O)
                                                      0.149     7.602 r  system_i/aes_ctr_axi_lite_0/inst/u_aes/g3_b5__19/O
                         net (fo=1, routed)           0.009     7.611    system_i/aes_ctr_axi_lite_0/inst/u_key_expansion/aes_sbox_inferred__19/ciphertext_reg[37]_i_11_3
    SLICE_X55Y305        MUXF7 (Prop_F7MUX_AB_SLICEL_I1_O)
                                                      0.057     7.668 r  system_i/aes_ctr_axi_lite_0/inst/u_key_expansion/aes_sbox_inferred__19/ciphertext_reg[37]_i_19/O
                         net (fo=1, routed)           0.000     7.668    system_i/aes_ctr_axi_lite_0/inst/u_key_expansion/aes_sbox_inferred__19/ciphertext_reg[37]_i_19_n_0
    SLICE_X55Y305        MUXF8 (Prop_F8MUX_BOT_SLICEL_I1_O)
                                                      0.026     7.694 r  system_i/aes_ctr_axi_lite_0/inst/u_key_expansion/aes_sbox_inferred__19/ciphertext_reg[37]_i_11/O
                         net (fo=4, routed)           0.342     8.036    system_i/aes_ctr_axi_lite_0/inst/u_aes/state9_reg[101]_0
    SLICE_X51Y306        LUT6 (Prop_H6LUT_SLICEL_I3_O)
                                                      0.090     8.126 r  system_i/aes_ctr_axi_lite_0/inst/u_aes/state6[101]_i_2/O
                         net (fo=2, routed)           0.191     8.317    system_i/aes_ctr_axi_lite_0/inst/u_aes/u_key_expansion/w[24]_15[5]
    SLICE_X50Y307        LUT2 (Prop_D6LUT_SLICEM_I0_O)
                                                      0.037     8.354 r  system_i/aes_ctr_axi_lite_0/inst/u_aes/state6[69]_i_2/O
                         net (fo=3, routed)           0.044     8.398    system_i/aes_ctr_axi_lite_0/inst/u_aes/u_key_expansion/w[25]_3[5]
    SLICE_X50Y307        LUT2 (Prop_A6LUT_SLICEM_I0_O)
                                                      0.053     8.451 r  system_i/aes_ctr_axi_lite_0/inst/u_aes/g0_b0__24_i_12/O
                         net (fo=3, routed)           0.113     8.564    system_i/aes_ctr_axi_lite_0/inst/u_aes/u_key_expansion/w[26]_17[5]
    SLICE_X49Y307        LUT2 (Prop_C6LUT_SLICEM_I0_O)
                                                      0.098     8.662 r  system_i/aes_ctr_axi_lite_0/inst/u_aes/g0_b0__24_i_6/O
                         net (fo=35, routed)          0.348     9.010    system_i/aes_ctr_axi_lite_0/inst/u_aes/u_key_expansion/(null)[4].word22_out[5]
    SLICE_X44Y308        LUT6 (Prop_B6LUT_SLICEL_I5_O)
                                                      0.148     9.158 r  system_i/aes_ctr_axi_lite_0/inst/u_aes/g2_b2__24/O
                         net (fo=1, routed)           0.009     9.167    system_i/aes_ctr_axi_lite_0/inst/u_key_expansion/aes_sbox_inferred__24/g0_b0__37_i_32_2
    SLICE_X44Y308        MUXF7 (Prop_F7MUX_AB_SLICEL_I0_O)
                                                      0.056     9.223 r  system_i/aes_ctr_axi_lite_0/inst/u_key_expansion/aes_sbox_inferred__24/g0_b0__37_i_54/O
                         net (fo=1, routed)           0.000     9.223    system_i/aes_ctr_axi_lite_0/inst/u_key_expansion/aes_sbox_inferred__24/g0_b0__37_i_54_n_0
    SLICE_X44Y308        MUXF8 (Prop_F8MUX_BOT_SLICEL_I1_O)
                                                      0.026     9.249 r  system_i/aes_ctr_axi_lite_0/inst/u_key_expansion/aes_sbox_inferred__24/g0_b0__37_i_32/O
                         net (fo=4, routed)           0.162     9.411    system_i/aes_ctr_axi_lite_0/inst/u_aes/ciphertext_reg[42]_4
    SLICE_X44Y310        LUT6 (Prop_H6LUT_SLICEL_I3_O)
                                                      0.150     9.561 r  system_i/aes_ctr_axi_lite_0/inst/u_aes/state7[106]_i_3/O
                         net (fo=2, routed)           0.120     9.681    system_i/aes_ctr_axi_lite_0/inst/u_aes/u_key_expansion/w[28]_10[10]
    SLICE_X42Y311        LUT2 (Prop_G6LUT_SLICEM_I0_O)
                                                      0.150     9.831 r  system_i/aes_ctr_axi_lite_0/inst/u_aes/state7[74]_i_3/O
                         net (fo=3, routed)           0.053     9.884    system_i/aes_ctr_axi_lite_0/inst/u_aes/u_key_expansion/w[29]_19[10]
    SLICE_X42Y311        LUT2 (Prop_F6LUT_SLICEM_I0_O)
                                                      0.098     9.982 r  system_i/aes_ctr_axi_lite_0/inst/u_aes/g0_b0__29_i_9/O
                         net (fo=5, routed)           0.192    10.174    system_i/aes_ctr_axi_lite_0/inst/u_aes/u_key_expansion/w[30]_0[10]
    SLICE_X43Y314        LUT2 (Prop_F6LUT_SLICEL_I0_O)
                                                      0.049    10.223 r  system_i/aes_ctr_axi_lite_0/inst/u_aes/g0_b0__29_i_3/O
                         net (fo=35, routed)          0.191    10.414    system_i/aes_ctr_axi_lite_0/inst/u_aes/u_key_expansion/(null)[4].word16_out[10]
    SLICE_X46Y314        LUT6 (Prop_F6LUT_SLICEM_I2_O)
                                                      0.088    10.502 r  system_i/aes_ctr_axi_lite_0/inst/u_aes/g1_b0__29/O
                         net (fo=1, routed)           0.143    10.645    system_i/aes_ctr_axi_lite_0/inst/u_key_expansion/state8[112]_i_3_1
    SLICE_X46Y315        LUT6 (Prop_H6LUT_SLICEM_I3_O)
                                                      0.125    10.770 r  system_i/aes_ctr_axi_lite_0/inst/u_key_expansion/aes_sbox_inferred__29/g0_b0__38_i_23/O
                         net (fo=4, routed)           0.297    11.067    system_i/aes_ctr_axi_lite_0/inst/u_aes/ciphertext_reg[48]_1
    SLICE_X51Y317        LUT6 (Prop_E6LUT_SLICEL_I3_O)
                                                      0.051    11.118 r  system_i/aes_ctr_axi_lite_0/inst/u_aes/state8[112]_i_3/O
                         net (fo=2, routed)           0.312    11.430    system_i/aes_ctr_axi_lite_0/inst/u_aes/u_key_expansion/w[32]_16[16]
    SLICE_X52Y318        LUT3 (Prop_E6LUT_SLICEL_I2_O)
                                                      0.051    11.481 r  system_i/aes_ctr_axi_lite_0/inst/u_aes/g0_b0__38_i_8/O
                         net (fo=4, routed)           0.099    11.580    system_i/aes_ctr_axi_lite_0/inst/u_aes/u_key_expansion/w[33]_1[16]
    SLICE_X53Y318        LUT2 (Prop_E6LUT_SLICEM_I0_O)
                                                      0.037    11.617 r  system_i/aes_ctr_axi_lite_0/inst/u_aes/g0_b0__34_i_7/O
                         net (fo=4, routed)           0.202    11.819    system_i/aes_ctr_axi_lite_0/inst/u_aes/u_key_expansion/w[34]_4[16]
    SLICE_X55Y317        LUT2 (Prop_F6LUT_SLICEL_I0_O)
                                                      0.035    11.854 r  system_i/aes_ctr_axi_lite_0/inst/u_aes/g0_b0__34_i_1/O
                         net (fo=33, routed)          0.314    12.168    system_i/aes_ctr_axi_lite_0/inst/u_aes/u_key_expansion/(null)[4].word10_out[16]
    SLICE_X58Y316        LUT6 (Prop_E6LUT_SLICEL_I0_O)
                                                      0.147    12.315 r  system_i/aes_ctr_axi_lite_0/inst/u_aes/g3_b1__34/O
                         net (fo=1, routed)           0.189    12.504    system_i/aes_ctr_axi_lite_0/inst/u_key_expansion/state9[121]_i_4
    SLICE_X57Y314        LUT6 (Prop_G6LUT_SLICEM_I0_O)
                                                      0.037    12.541 r  system_i/aes_ctr_axi_lite_0/inst/u_key_expansion/aes_sbox_inferred__34/g0_b0__35_i_26/O
                         net (fo=3, routed)           0.143    12.684    system_i/aes_ctr_axi_lite_0/inst/u_aes/ciphertext_reg[57]_1
    SLICE_X60Y314        LUT6 (Prop_A6LUT_SLICEL_I2_O)
                                                      0.124    12.808 r  system_i/aes_ctr_axi_lite_0/inst/u_aes/g0_b0__35_i_9/O
                         net (fo=3, routed)           0.107    12.916    system_i/aes_ctr_axi_lite_0/inst/u_aes/g0_b0__35_i_9_n_0
    SLICE_X59Y314        LUT6 (Prop_E6LUT_SLICEL_I0_O)
                                                      0.147    13.063 r  system_i/aes_ctr_axi_lite_0/inst/u_aes/g0_b0__35_i_2/O
                         net (fo=33, routed)          0.269    13.331    system_i/aes_ctr_axi_lite_0/inst/u_aes/u_key_expansion/p_54_in[25]
    SLICE_X61Y309        LUT6 (Prop_C6LUT_SLICEM_I1_O)
                                                      0.145    13.476 r  system_i/aes_ctr_axi_lite_0/inst/u_aes/g3_b6__35/O
                         net (fo=2, routed)           0.021    13.497    system_i/aes_ctr_axi_lite_0/inst/u_key_expansion/ciphertext[70]_i_4
    SLICE_X61Y309        MUXF7 (Prop_F7MUX_CD_SLICEM_I1_O)
                                                      0.068    13.565 r  system_i/aes_ctr_axi_lite_0/inst/u_key_expansion/aes_sbox_inferred__35/ciphertext_reg[70]_i_9/O
                         net (fo=1, routed)           0.145    13.710    system_i/aes_ctr_axi_lite_0/inst/u_aes/ciphertext[6]_i_2_0
    SLICE_X61Y307        LUT6 (Prop_E6LUT_SLICEM_I3_O)
                                                      0.124    13.834 r  system_i/aes_ctr_axi_lite_0/inst/u_aes/ciphertext[70]_i_4/O
                         net (fo=3, routed)           0.237    14.071    system_i/aes_ctr_axi_lite_0/inst/u_aes/ciphertext[70]_i_4_n_0
    SLICE_X58Y304        LUT6 (Prop_B6LUT_SLICEL_I2_O)
                                                      0.036    14.107 r  system_i/aes_ctr_axi_lite_0/inst/u_aes/ciphertext[70]_i_2/O
                         net (fo=1, routed)           0.093    14.200    system_i/aes_ctr_axi_lite_0/inst/u_aes/round_keys[70]
    SLICE_X58Y304        LUT2 (Prop_E5LUT_SLICEL_I0_O)
                                                      0.114    14.314 r  system_i/aes_ctr_axi_lite_0/inst/u_aes/ciphertext[70]_i_1/O
                         net (fo=1, routed)           0.018    14.332    system_i/aes_ctr_axi_lite_0/inst/u_aes/rk10[70]
    SLICE_X58Y304        FDCE                                         r  system_i/aes_ctr_axi_lite_0/inst/u_aes/ciphertext_reg[70]/D
  -------------------------------------------------------------------    -------------------

                         (clock clk_pl_0 rise edge)
                                                     13.333    13.333 r  <hidden>
    PS8_X0Y0             PS8                          0.000    13.333 r  system_i/zynq_ultra_ps_e_0/inst/PS8_i/PLCLK[0]
                         net (fo=1, routed)           0.143    13.476    system_i/zynq_ultra_ps_e_0/inst/pl_clk_unbuffered[0]
    BUFG_PS_X0Y80        BUFG_PS (Prop_BUFG_PS_I_O)
                                                      0.025    13.501 r  system_i/zynq_ultra_ps_e_0/inst/buffer_pl_clk_0.PL_CLK_0_BUFG/O
    X1Y3 (CLOCK_ROOT)    net (fo=2867, routed)        1.286    14.787    system_i/aes_ctr_axi_lite_0/inst/u_aes/s_axi_aclk
    SLICE_X58Y304        FDCE                                         r  system_i/aes_ctr_axi_lite_0/inst/u_aes/ciphertext_reg[70]/C
                         clock pessimism              0.069    14.856    <hidden>
                         clock uncertainty           -0.141    14.715    <hidden>
    SLICE_X58Y304        FDCE (Setup_EFF2_SLICEL_C_D)
                                                      0.025    14.740    system_i/aes_ctr_axi_lite_0/inst/u_aes/ciphertext_reg[70]
  -------------------------------------------------------------------
                         required time                         14.740    <hidden>
                         arrival time                         -14.332    <hidden>
  -------------------------------------------------------------------
                         slack                                  0.408    <hidden>

Slack (MET) :             0.423ns  (required time - arrival time)
  Source:                 system_i/aes_ctr_axi_lite_0/inst/key_reg3_reg[21]/C
                            (rising edge-triggered cell FDRE clocked by clk_pl_0  {rise@0.000ns fall@6.667ns period=13.333ns})
  Destination:            system_i/aes_ctr_axi_lite_0/inst/u_aes/ciphertext_reg[71]/D
                            (rising edge-triggered cell FDCE clocked by clk_pl_0  {rise@0.000ns fall@6.667ns period=13.333ns})
  Path Group:             clk_pl_0
  Path Type:              Setup (Max at Slow Process Corner)
  Requirement:            13.333ns  (clk_pl_0 rise@13.333ns - clk_pl_0 rise@0.000ns)
  Data Path Delay:        12.675ns  (logic 4.471ns (35.274%)  route 8.204ns (64.726%))
  Logic Levels:           55  (LUT2=15 LUT3=3 LUT4=1 LUT5=1 LUT6=20 MUXF7=8 MUXF8=7)
  Clock Path Skew:        -0.119ns (DCD - SCD + CPR)
    Destination Clock Delay (DCD):    1.472ns = ( 14.805 - 13.333 ) 
    Source Clock Delay      (SCD):    1.660ns
    Clock Pessimism Removal (CPR):    0.069ns
  Clock Uncertainty:      0.141ns  ((TSJ^2 + DJ^2)^1/2) / 2 + PE
    Total System Jitter     (TSJ):    0.071ns
    Discrete Jitter          (DJ):    0.273ns
    Phase Error              (PE):    0.000ns
  Clock Net Delay (Source):      1.452ns (routing 0.193ns, distribution 1.259ns)
  Clock Net Delay (Destination): 1.304ns (routing 0.172ns, distribution 1.132ns)

    Location             Delay type                Incr(ns)  Path(ns)    Netlist Resource(s)
  -------------------------------------------------------------------    -------------------
                         (clock clk_pl_0 rise edge)
                                                      0.000     0.000 r  <hidden>
    PS8_X0Y0             PS8                          0.000     0.000 r  system_i/zynq_ultra_ps_e_0/inst/PS8_i/PLCLK[0]
                         net (fo=1, routed)           0.180     0.180    system_i/zynq_ultra_ps_e_0/inst/pl_clk_unbuffered[0]
    BUFG_PS_X0Y80        BUFG_PS (Prop_BUFG_PS_I_O)
                                                      0.028     0.208 r  system_i/zynq_ultra_ps_e_0/inst/buffer_pl_clk_0.PL_CLK_0_BUFG/O
    X1Y3 (CLOCK_ROOT)    net (fo=2867, routed)        1.452     1.660    system_i/aes_ctr_axi_lite_0/inst/s_axi_aclk
    SLICE_X58Y290        FDRE                                         r  system_i/aes_ctr_axi_lite_0/inst/key_reg3_reg[21]/C
  -------------------------------------------------------------------    -------------------
    SLICE_X58Y290        FDRE (Prop_DFF_SLICEL_C_Q)
                                                      0.079     1.739 r  system_i/aes_ctr_axi_lite_0/inst/key_reg3_reg[21]/Q
                         net (fo=36, routed)          0.325     2.064    system_i/aes_ctr_axi_lite_0/inst/u_aes/key_value[21]
    SLICE_X57Y287        LUT6 (Prop_G6LUT_SLICEM_I5_O)
                                                      0.150     2.214 r  system_i/aes_ctr_axi_lite_0/inst/u_aes/g1_b5__2/O
                         net (fo=1, routed)           0.017     2.231    system_i/aes_ctr_axi_lite_0/inst/u_key_expansion/aes_sbox_inferred__2/g0_b0__3_i_12_1
    SLICE_X57Y287        MUXF7 (Prop_F7MUX_GH_SLICEM_I1_O)
                                                      0.060     2.291 r  system_i/aes_ctr_axi_lite_0/inst/u_key_expansion/aes_sbox_inferred__2/g0_b0__3_i_23/O
                         net (fo=1, routed)           0.000     2.291    system_i/aes_ctr_axi_lite_0/inst/u_key_expansion/aes_sbox_inferred__2/g0_b0__3_i_23_n_0
    SLICE_X57Y287        MUXF8 (Prop_F8MUX_TOP_SLICEM_I0_O)
                                                      0.028     2.319 r  system_i/aes_ctr_axi_lite_0/inst/u_key_expansion/aes_sbox_inferred__2/g0_b0__3_i_12/O
                         net (fo=20, routed)          0.201     2.520    system_i/aes_ctr_axi_lite_0/inst/u_aes/SubWord_return[29]
    SLICE_X57Y288        LUT5 (Prop_G6LUT_SLICEM_I2_O)
                                                      0.123     2.643 r  system_i/aes_ctr_axi_lite_0/inst/u_aes/g0_b0__3_i_6/O
                         net (fo=33, routed)          0.314     2.957    system_i/aes_ctr_axi_lite_0/inst/u_aes/g0_b0__3_i_6_n_0
    SLICE_X56Y292        LUT6 (Prop_B6LUT_SLICEM_I5_O)
                                                      0.149     3.106 r  system_i/aes_ctr_axi_lite_0/inst/u_aes/g2_b0__3/O
                         net (fo=1, routed)           0.017     3.123    system_i/aes_ctr_axi_lite_0/inst/u_key_expansion/aes_sbox_inferred__3/g0_b0__8_i_7_0
    SLICE_X56Y292        MUXF7 (Prop_F7MUX_AB_SLICEM_I0_O)
                                                      0.060     3.183 r  system_i/aes_ctr_axi_lite_0/inst/u_key_expansion/aes_sbox_inferred__3/g0_b0__8_i_14/O
                         net (fo=1, routed)           0.000     3.183    system_i/aes_ctr_axi_lite_0/inst/u_key_expansion/aes_sbox_inferred__3/g0_b0__8_i_14_n_0
    SLICE_X56Y292        MUXF8 (Prop_F8MUX_BOT_SLICEM_I1_O)
                                                      0.028     3.211 r  system_i/aes_ctr_axi_lite_0/inst/u_key_expansion/aes_sbox_inferred__3/g0_b0__8_i_7/O
                         net (fo=18, routed)          0.178     3.389    system_i/aes_ctr_axi_lite_0/inst/u_aes/state2_reg[64]_0
    SLICE_X55Y293        LUT3 (Prop_F6LUT_SLICEL_I0_O)
                                                      0.148     3.537 r  system_i/aes_ctr_axi_lite_0/inst/u_aes/g0_b0__8_i_1/O
                         net (fo=34, routed)          0.464     4.001    system_i/aes_ctr_axi_lite_0/inst/u_aes/u_key_expansion/(null)[4].word46_out[0]
    SLICE_X50Y296        LUT6 (Prop_D6LUT_SLICEM_I0_O)
                                                      0.088     4.089 r  system_i/aes_ctr_axi_lite_0/inst/u_aes/g0_b2__8/O
                         net (fo=1, routed)           0.025     4.114    system_i/aes_ctr_axi_lite_0/inst/u_key_expansion/aes_sbox_inferred__8/g0_b0__13_i_14_0
    SLICE_X50Y296        MUXF7 (Prop_F7MUX_CD_SLICEM_I0_O)
                                                      0.062     4.176 r  system_i/aes_ctr_axi_lite_0/inst/u_key_expansion/aes_sbox_inferred__8/g0_b0__13_i_18/O
                         net (fo=1, routed)           0.000     4.176    system_i/aes_ctr_axi_lite_0/inst/u_key_expansion/aes_sbox_inferred__8/g0_b0__13_i_18_n_0
    SLICE_X50Y296        MUXF8 (Prop_F8MUX_BOT_SLICEM_I0_O)
                                                      0.030     4.206 r  system_i/aes_ctr_axi_lite_0/inst/u_key_expansion/aes_sbox_inferred__8/g0_b0__13_i_14/O
                         net (fo=10, routed)          0.216     4.422    system_i/aes_ctr_axi_lite_0/inst/u_aes/ciphertext_reg[106]_1
    SLICE_X48Y296        LUT4 (Prop_H6LUT_SLICEL_I0_O)
                                                      0.051     4.473 r  system_i/aes_ctr_axi_lite_0/inst/u_aes/g0_b0__13_i_9/O
                         net (fo=3, routed)           0.048     4.522    system_i/aes_ctr_axi_lite_0/inst/u_aes/u_key_expansion/w[14]_23[10]
    SLICE_X48Y296        LUT2 (Prop_E5LUT_SLICEL_I0_O)
                                                      0.101     4.623 r  system_i/aes_ctr_axi_lite_0/inst/u_aes/g0_b0__13_i_3/O
                         net (fo=34, routed)          0.401     5.023    system_i/aes_ctr_axi_lite_0/inst/u_aes/u_key_expansion/(null)[4].word40_out[10]
    SLICE_X50Y301        LUT6 (Prop_F6LUT_SLICEM_I2_O)
                                                      0.123     5.146 r  system_i/aes_ctr_axi_lite_0/inst/u_aes/g2_b2__13/O
                         net (fo=1, routed)           0.023     5.169    system_i/aes_ctr_axi_lite_0/inst/u_key_expansion/aes_sbox_inferred__13/ciphertext_reg[50]_i_9_2
    SLICE_X50Y301        MUXF7 (Prop_F7MUX_EF_SLICEM_I0_O)
                                                      0.061     5.230 r  system_i/aes_ctr_axi_lite_0/inst/u_key_expansion/aes_sbox_inferred__13/ciphertext_reg[50]_i_15/O
                         net (fo=1, routed)           0.000     5.230    system_i/aes_ctr_axi_lite_0/inst/u_key_expansion/aes_sbox_inferred__13/ciphertext_reg[50]_i_15_n_0
    SLICE_X50Y301        MUXF8 (Prop_F8MUX_TOP_SLICEM_I1_O)
                                                      0.028     5.258 r  system_i/aes_ctr_axi_lite_0/inst/u_key_expansion/aes_sbox_inferred__13/ciphertext_reg[50]_i_9/O
                         net (fo=5, routed)           0.140     5.399    system_i/aes_ctr_axi_lite_0/inst/u_aes/ciphertext_reg[50]_5
    SLICE_X50Y300        LUT3 (Prop_C6LUT_SLICEM_I0_O)
                                                      0.051     5.450 r  system_i/aes_ctr_axi_lite_0/inst/u_aes/state4[82]_i_4/O
                         net (fo=3, routed)           0.091     5.541    system_i/aes_ctr_axi_lite_0/inst/u_aes/u_key_expansion/w[17]_25[18]
    SLICE_X51Y299        LUT2 (Prop_G6LUT_SLICEL_I0_O)
                                                      0.035     5.576 r  system_i/aes_ctr_axi_lite_0/inst/u_aes/g0_b0__18_i_9/O
                         net (fo=3, routed)           0.043     5.619    system_i/aes_ctr_axi_lite_0/inst/u_aes/u_key_expansion/w[18]_18[18]
    SLICE_X51Y299        LUT2 (Prop_H6LUT_SLICEL_I0_O)
                                                      0.099     5.718 r  system_i/aes_ctr_axi_lite_0/inst/u_aes/g0_b0__18_i_3/O
                         net (fo=34, routed)          0.526     6.243    system_i/aes_ctr_axi_lite_0/inst/u_aes/u_key_expansion/(null)[4].word34_out[18]
    SLICE_X57Y302        LUT6 (Prop_C6LUT_SLICEM_I2_O)
                                                      0.145     6.388 r  system_i/aes_ctr_axi_lite_0/inst/u_aes/g1_b5__18/O
                         net (fo=1, routed)           0.021     6.409    system_i/aes_ctr_axi_lite_0/inst/u_key_expansion/aes_sbox_inferred__18/ciphertext_reg[61]_i_10_1
    SLICE_X57Y302        MUXF7 (Prop_F7MUX_CD_SLICEM_I1_O)
                                                      0.061     6.470 r  system_i/aes_ctr_axi_lite_0/inst/u_key_expansion/aes_sbox_inferred__18/ciphertext_reg[61]_i_16/O
                         net (fo=1, routed)           0.000     6.470    system_i/aes_ctr_axi_lite_0/inst/u_key_expansion/aes_sbox_inferred__18/ciphertext_reg[61]_i_16_n_0
    SLICE_X57Y302        MUXF8 (Prop_F8MUX_BOT_SLICEM_I0_O)
                                                      0.030     6.500 r  system_i/aes_ctr_axi_lite_0/inst/u_key_expansion/aes_sbox_inferred__18/ciphertext_reg[61]_i_10/O
                         net (fo=4, routed)           0.211     6.711    system_i/aes_ctr_axi_lite_0/inst/u_aes/state9_reg[125]_1
    SLICE_X57Y303        LUT6 (Prop_H6LUT_SLICEM_I2_O)
                                                      0.125     6.836 r  system_i/aes_ctr_axi_lite_0/inst/u_aes/state5[125]_i_6/O
                         net (fo=2, routed)           0.048     6.884    system_i/aes_ctr_axi_lite_0/inst/u_aes/u_key_expansion/w[20]_11[29]
    SLICE_X57Y303        LUT2 (Prop_E6LUT_SLICEM_I0_O)
                                                      0.091     6.975 r  system_i/aes_ctr_axi_lite_0/inst/u_aes/state5[93]_i_6/O
                         net (fo=3, routed)           0.051     7.026    system_i/aes_ctr_axi_lite_0/inst/u_aes/u_key_expansion/w[21]_20[29]
    SLICE_X57Y303        LUT2 (Prop_A6LUT_SLICEM_I0_O)
                                                      0.053     7.079 r  system_i/aes_ctr_axi_lite_0/inst/u_aes/g0_b0__19_i_12/O
                         net (fo=3, routed)           0.092     7.171    system_i/aes_ctr_axi_lite_0/inst/u_aes/u_key_expansion/w[22]_2[29]
    SLICE_X57Y304        LUT2 (Prop_D6LUT_SLICEM_I0_O)
                                                      0.037     7.208 r  system_i/aes_ctr_axi_lite_0/inst/u_aes/g0_b0__19_i_6/O
                         net (fo=34, routed)          0.245     7.453    system_i/aes_ctr_axi_lite_0/inst/u_aes/u_key_expansion/(null)[4].word28_out[29]
    SLICE_X55Y305        LUT6 (Prop_A6LUT_SLICEL_I5_O)
                                                      0.149     7.602 r  system_i/aes_ctr_axi_lite_0/inst/u_aes/g3_b5__19/O
                         net (fo=1, routed)           0.009     7.611    system_i/aes_ctr_axi_lite_0/inst/u_key_expansion/aes_sbox_inferred__19/ciphertext_reg[37]_i_11_3
    SLICE_X55Y305        MUXF7 (Prop_F7MUX_AB_SLICEL_I1_O)
                                                      0.057     7.668 r  system_i/aes_ctr_axi_lite_0/inst/u_key_expansion/aes_sbox_inferred__19/ciphertext_reg[37]_i_19/O
                         net (fo=1, routed)           0.000     7.668    system_i/aes_ctr_axi_lite_0/inst/u_key_expansion/aes_sbox_inferred__19/ciphertext_reg[37]_i_19_n_0
    SLICE_X55Y305        MUXF8 (Prop_F8MUX_BOT_SLICEL_I1_O)
                                                      0.026     7.694 r  system_i/aes_ctr_axi_lite_0/inst/u_key_expansion/aes_sbox_inferred__19/ciphertext_reg[37]_i_11/O
                         net (fo=4, routed)           0.342     8.036    system_i/aes_ctr_axi_lite_0/inst/u_aes/state9_reg[101]_0
    SLICE_X51Y306        LUT6 (Prop_H6LUT_SLICEL_I3_O)
                                                      0.090     8.126 r  system_i/aes_ctr_axi_lite_0/inst/u_aes/state6[101]_i_2/O
                         net (fo=2, routed)           0.191     8.317    system_i/aes_ctr_axi_lite_0/inst/u_aes/u_key_expansion/w[24]_15[5]
    SLICE_X50Y307        LUT2 (Prop_D6LUT_SLICEM_I0_O)
                                                      0.037     8.354 r  system_i/aes_ctr_axi_lite_0/inst/u_aes/state6[69]_i_2/O
                         net (fo=3, routed)           0.044     8.398    system_i/aes_ctr_axi_lite_0/inst/u_aes/u_key_expansion/w[25]_3[5]
    SLICE_X50Y307        LUT2 (Prop_A6LUT_SLICEM_I0_O)
                                                      0.053     8.451 r  system_i/aes_ctr_axi_lite_0/inst/u_aes/g0_b0__24_i_12/O
                         net (fo=3, routed)           0.113     8.564    system_i/aes_ctr_axi_lite_0/inst/u_aes/u_key_expansion/w[26]_17[5]
    SLICE_X49Y307        LUT2 (Prop_C6LUT_SLICEM_I0_O)
                                                      0.098     8.662 r  system_i/aes_ctr_axi_lite_0/inst/u_aes/g0_b0__24_i_6/O
                         net (fo=35, routed)          0.348     9.010    system_i/aes_ctr_axi_lite_0/inst/u_aes/u_key_expansion/(null)[4].word22_out[5]
    SLICE_X44Y308        LUT6 (Prop_B6LUT_SLICEL_I5_O)
                                                      0.148     9.158 r  system_i/aes_ctr_axi_lite_0/inst/u_aes/g2_b2__24/O
                         net (fo=1, routed)           0.009     9.167    system_i/aes_ctr_axi_lite_0/inst/u_key_expansion/aes_sbox_inferred__24/g0_b0__37_i_32_2
    SLICE_X44Y308        MUXF7 (Prop_F7MUX_AB_SLICEL_I0_O)
                                                      0.056     9.223 r  system_i/aes_ctr_axi_lite_0/inst/u_key_expansion/aes_sbox_inferred__24/g0_b0__37_i_54/O
                         net (fo=1, routed)           0.000     9.223    system_i/aes_ctr_axi_lite_0/inst/u_key_expansion/aes_sbox_inferred__24/g0_b0__37_i_54_n_0
    SLICE_X44Y308        MUXF8 (Prop_F8MUX_BOT_SLICEL_I1_O)
                                                      0.026     9.249 r  system_i/aes_ctr_axi_lite_0/inst/u_key_expansion/aes_sbox_inferred__24/g0_b0__37_i_32/O
                         net (fo=4, routed)           0.162     9.411    system_i/aes_ctr_axi_lite_0/inst/u_aes/ciphertext_reg[42]_4
    SLICE_X44Y310        LUT6 (Prop_H6LUT_SLICEL_I3_O)
                                                      0.150     9.561 r  system_i/aes_ctr_axi_lite_0/inst/u_aes/state7[106]_i_3/O
                         net (fo=2, routed)           0.120     9.681    system_i/aes_ctr_axi_lite_0/inst/u_aes/u_key_expansion/w[28]_10[10]
    SLICE_X42Y311        LUT2 (Prop_G6LUT_SLICEM_I0_O)
                                                      0.150     9.831 r  system_i/aes_ctr_axi_lite_0/inst/u_aes/state7[74]_i_3/O
                         net (fo=3, routed)           0.053     9.884    system_i/aes_ctr_axi_lite_0/inst/u_aes/u_key_expansion/w[29]_19[10]
    SLICE_X42Y311        LUT2 (Prop_F6LUT_SLICEM_I0_O)
                                                      0.098     9.982 r  system_i/aes_ctr_axi_lite_0/inst/u_aes/g0_b0__29_i_9/O
                         net (fo=5, routed)           0.192    10.174    system_i/aes_ctr_axi_lite_0/inst/u_aes/u_key_expansion/w[30]_0[10]
    SLICE_X43Y314        LUT2 (Prop_F6LUT_SLICEL_I0_O)
                                                      0.049    10.223 r  system_i/aes_ctr_axi_lite_0/inst/u_aes/g0_b0__29_i_3/O
                         net (fo=35, routed)          0.191    10.414    system_i/aes_ctr_axi_lite_0/inst/u_aes/u_key_expansion/(null)[4].word16_out[10]
    SLICE_X46Y314        LUT6 (Prop_F6LUT_SLICEM_I2_O)
                                                      0.088    10.502 r  system_i/aes_ctr_axi_lite_0/inst/u_aes/g1_b0__29/O
                         net (fo=1, routed)           0.143    10.645    system_i/aes_ctr_axi_lite_0/inst/u_key_expansion/state8[112]_i_3_1
    SLICE_X46Y315        LUT6 (Prop_H6LUT_SLICEM_I3_O)
                                                      0.125    10.770 r  system_i/aes_ctr_axi_lite_0/inst/u_key_expansion/aes_sbox_inferred__29/g0_b0__38_i_23/O
                         net (fo=4, routed)           0.297    11.067    system_i/aes_ctr_axi_lite_0/inst/u_aes/ciphertext_reg[48]_1
    SLICE_X51Y317        LUT6 (Prop_E6LUT_SLICEL_I3_O)
                                                      0.051    11.118 r  system_i/aes_ctr_axi_lite_0/inst/u_aes/state8[112]_i_3/O
                         net (fo=2, routed)           0.312    11.430    system_i/aes_ctr_axi_lite_0/inst/u_aes/u_key_expansion/w[32]_16[16]
    SLICE_X52Y318        LUT3 (Prop_E6LUT_SLICEL_I2_O)
                                                      0.051    11.481 r  system_i/aes_ctr_axi_lite_0/inst/u_aes/g0_b0__38_i_8/O
                         net (fo=4, routed)           0.099    11.580    system_i/aes_ctr_axi_lite_0/inst/u_aes/u_key_expansion/w[33]_1[16]
    SLICE_X53Y318        LUT2 (Prop_E6LUT_SLICEM_I0_O)
                                                      0.037    11.617 r  system_i/aes_ctr_axi_lite_0/inst/u_aes/g0_b0__34_i_7/O
                         net (fo=4, routed)           0.202    11.819    system_i/aes_ctr_axi_lite_0/inst/u_aes/u_key_expansion/w[34]_4[16]
    SLICE_X55Y317        LUT2 (Prop_F6LUT_SLICEL_I0_O)
                                                      0.035    11.854 r  system_i/aes_ctr_axi_lite_0/inst/u_aes/g0_b0__34_i_1/O
                         net (fo=33, routed)          0.314    12.168    system_i/aes_ctr_axi_lite_0/inst/u_aes/u_key_expansion/(null)[4].word10_out[16]
    SLICE_X58Y316        LUT6 (Prop_E6LUT_SLICEL_I0_O)
                                                      0.147    12.315 r  system_i/aes_ctr_axi_lite_0/inst/u_aes/g3_b1__34/O
                         net (fo=1, routed)           0.189    12.504    system_i/aes_ctr_axi_lite_0/inst/u_key_expansion/state9[121]_i_4
    SLICE_X57Y314        LUT6 (Prop_G6LUT_SLICEM_I0_O)
                                                      0.037    12.541 r  system_i/aes_ctr_axi_lite_0/inst/u_key_expansion/aes_sbox_inferred__34/g0_b0__35_i_26/O
                         net (fo=3, routed)           0.143    12.684    system_i/aes_ctr_axi_lite_0/inst/u_aes/ciphertext_reg[57]_1
    SLICE_X60Y314        LUT6 (Prop_A6LUT_SLICEL_I2_O)
                                                      0.124    12.808 r  system_i/aes_ctr_axi_lite_0/inst/u_aes/g0_b0__35_i_9/O
                         net (fo=3, routed)           0.107    12.916    system_i/aes_ctr_axi_lite_0/inst/u_aes/g0_b0__35_i_9_n_0
    SLICE_X59Y314        LUT6 (Prop_E6LUT_SLICEL_I0_O)
                                                      0.147    13.063 r  system_i/aes_ctr_axi_lite_0/inst/u_aes/g0_b0__35_i_2/O
                         net (fo=33, routed)          0.507    13.569    system_i/aes_ctr_axi_lite_0/inst/u_aes/u_key_expansion/p_54_in[25]
    SLICE_X63Y313        LUT6 (Prop_D6LUT_SLICEM_I1_O)
                                                      0.099    13.668 r  system_i/aes_ctr_axi_lite_0/inst/u_aes/g2_b7__35/O
                         net (fo=2, routed)           0.025    13.693    system_i/aes_ctr_axi_lite_0/inst/u_key_expansion/ciphertext[39]_i_3_0
    SLICE_X63Y313        MUXF7 (Prop_F7MUX_CD_SLICEM_I0_O)
                                                      0.069    13.762 r  system_i/aes_ctr_axi_lite_0/inst/u_key_expansion/aes_sbox_inferred__35/ciphertext_reg[39]_i_11/O
                         net (fo=1, routed)           0.128    13.890    system_i/aes_ctr_axi_lite_0/inst/u_aes/ciphertext_reg[39]_2
    SLICE_X63Y312        LUT6 (Prop_A6LUT_SLICEM_I3_O)
                                                      0.090    13.980 r  system_i/aes_ctr_axi_lite_0/inst/u_aes/ciphertext[39]_i_3/O
                         net (fo=3, routed)           0.111    14.091    system_i/aes_ctr_axi_lite_0/inst/u_aes/ciphertext[39]_i_3_n_0
    SLICE_X64Y311        LUT6 (Prop_G6LUT_SLICEM_I2_O)
                                                      0.037    14.128 r  system_i/aes_ctr_axi_lite_0/inst/u_aes/ciphertext[71]_i_2/O
                         net (fo=1, routed)           0.090    14.218    system_i/aes_ctr_axi_lite_0/inst/u_aes/round_keys[71]
    SLICE_X64Y311        LUT2 (Prop_C6LUT_SLICEM_I0_O)
                                                      0.051    14.269 r  system_i/aes_ctr_axi_lite_0/inst/u_aes/ciphertext[71]_i_1/O
                         net (fo=1, routed)           0.066    14.335    system_i/aes_ctr_axi_lite_0/inst/u_aes/rk10[71]
    SLICE_X64Y311        FDCE                                         r  system_i/aes_ctr_axi_lite_0/inst/u_aes/ciphertext_reg[71]/D
  -------------------------------------------------------------------    -------------------

                         (clock clk_pl_0 rise edge)
                                                     13.333    13.333 r  <hidden>
    PS8_X0Y0             PS8                          0.000    13.333 r  system_i/zynq_ultra_ps_e_0/inst/PS8_i/PLCLK[0]
                         net (fo=1, routed)           0.143    13.476    system_i/zynq_ultra_ps_e_0/inst/pl_clk_unbuffered[0]
    BUFG_PS_X0Y80        BUFG_PS (Prop_BUFG_PS_I_O)
                                                      0.025    13.501 r  system_i/zynq_ultra_ps_e_0/inst/buffer_pl_clk_0.PL_CLK_0_BUFG/O
    X1Y3 (CLOCK_ROOT)    net (fo=2867, routed)        1.304    14.805    system_i/aes_ctr_axi_lite_0/inst/u_aes/s_axi_aclk
    SLICE_X64Y311        FDCE                                         r  system_i/aes_ctr_axi_lite_0/inst/u_aes/ciphertext_reg[71]/C
                         clock pessimism              0.069    14.874    <hidden>
                         clock uncertainty           -0.141    14.733    <hidden>
    SLICE_X64Y311        FDCE (Setup_CFF_SLICEM_C_D)
                                                      0.025    14.758    system_i/aes_ctr_axi_lite_0/inst/u_aes/ciphertext_reg[71]
  -------------------------------------------------------------------
                         required time                         14.758    <hidden>
                         arrival time                         -14.335    <hidden>
  -------------------------------------------------------------------
                         slack                                  0.423    <hidden>

Slack (MET) :             0.432ns  (required time - arrival time)
  Source:                 system_i/aes_ctr_axi_lite_0/inst/key_reg3_reg[29]/C
                            (rising edge-triggered cell FDRE clocked by clk_pl_0  {rise@0.000ns fall@6.667ns period=13.333ns})
  Destination:            system_i/aes_ctr_axi_lite_0/inst/u_aes/ciphertext_reg[77]/D
                            (rising edge-triggered cell FDCE clocked by clk_pl_0  {rise@0.000ns fall@6.667ns period=13.333ns})
  Path Group:             clk_pl_0
  Path Type:              Setup (Max at Slow Process Corner)
  Requirement:            13.333ns  (clk_pl_0 rise@13.333ns - clk_pl_0 rise@0.000ns)
  Data Path Delay:        12.638ns  (logic 3.879ns (30.693%)  route 8.759ns (69.307%))
  Logic Levels:           52  (LUT2=14 LUT3=1 LUT4=2 LUT5=1 LUT6=20 MUXF7=8 MUXF8=6)
  Clock Path Skew:        -0.147ns (DCD - SCD + CPR)
    Destination Clock Delay (DCD):    1.436ns = ( 14.769 - 13.333 ) 
    Source Clock Delay      (SCD):    1.652ns
    Clock Pessimism Removal (CPR):    0.069ns
  Clock Uncertainty:      0.141ns  ((TSJ^2 + DJ^2)^1/2) / 2 + PE
    Total System Jitter     (TSJ):    0.071ns
    Discrete Jitter          (DJ):    0.273ns
    Phase Error              (PE):    0.000ns
  Clock Net Delay (Source):      1.444ns (routing 0.193ns, distribution 1.251ns)
  Clock Net Delay (Destination): 1.268ns (routing 0.172ns, distribution 1.096ns)

    Location             Delay type                Incr(ns)  Path(ns)    Netlist Resource(s)
  -------------------------------------------------------------------    -------------------
                         (clock clk_pl_0 rise edge)
                                                      0.000     0.000 r  <hidden>
    PS8_X0Y0             PS8                          0.000     0.000 r  system_i/zynq_ultra_ps_e_0/inst/PS8_i/PLCLK[0]
                         net (fo=1, routed)           0.180     0.180    system_i/zynq_ultra_ps_e_0/inst/pl_clk_unbuffered[0]
    BUFG_PS_X0Y80        BUFG_PS (Prop_BUFG_PS_I_O)
                                                      0.028     0.208 r  system_i/zynq_ultra_ps_e_0/inst/buffer_pl_clk_0.PL_CLK_0_BUFG/O
    X1Y3 (CLOCK_ROOT)    net (fo=2867, routed)        1.444     1.652    system_i/aes_ctr_axi_lite_0/inst/s_axi_aclk
    SLICE_X55Y285        FDRE                                         r  system_i/aes_ctr_axi_lite_0/inst/key_reg3_reg[29]/C
  -------------------------------------------------------------------    -------------------
    SLICE_X55Y285        FDRE (Prop_HFF_SLICEL_C_Q)
                                                      0.079     1.731 r  system_i/aes_ctr_axi_lite_0/inst/key_reg3_reg[29]/Q
                         net (fo=36, routed)          0.244     1.975    system_i/aes_ctr_axi_lite_0/inst/u_aes/key_value[29]
    SLICE_X56Y284        LUT6 (Prop_D6LUT_SLICEM_I5_O)
                                                      0.099     2.074 r  system_i/aes_ctr_axi_lite_0/inst/u_aes/g0_b4/O
                         net (fo=1, routed)           0.025     2.099    system_i/aes_ctr_axi_lite_0/inst/u_key_expansion/g0_b0__4_i_11_0
    SLICE_X56Y284        MUXF7 (Prop_F7MUX_CD_SLICEM_I0_O)
                                                      0.062     2.161 r  system_i/aes_ctr_axi_lite_0/inst/u_key_expansion/g0_b0__4_i_21/O
                         net (fo=1, routed)           0.000     2.161    system_i/aes_ctr_axi_lite_0/inst/u_key_expansion/g0_b0__4_i_21_n_0
    SLICE_X56Y284        MUXF8 (Prop_F8MUX_BOT_SLICEM_I0_O)
                                                      0.030     2.191 r  system_i/aes_ctr_axi_lite_0/inst/u_key_expansion/g0_b0__4_i_11/O
                         net (fo=20, routed)          0.323     2.514    system_i/aes_ctr_axi_lite_0/inst/u_aes/SubWord_return[4]
    SLICE_X52Y286        LUT5 (Prop_E6LUT_SLICEL_I2_O)
                                                      0.051     2.565 r  system_i/aes_ctr_axi_lite_0/inst/u_aes/g0_b0__4_i_5/O
                         net (fo=33, routed)          0.267     2.832    system_i/aes_ctr_axi_lite_0/inst/u_aes/u_key_expansion/(null)[4].in0_in[4]
    SLICE_X52Y287        LUT6 (Prop_G6LUT_SLICEL_I4_O)
                                                      0.149     2.981 r  system_i/aes_ctr_axi_lite_0/inst/u_aes/g1_b2__4/O
                         net (fo=1, routed)           0.008     2.989    system_i/aes_ctr_axi_lite_0/inst/u_key_expansion/aes_sbox_inferred__4/g0_b0__9_i_9_1
    SLICE_X52Y287        MUXF7 (Prop_F7MUX_GH_SLICEL_I1_O)
                                                      0.056     3.045 r  system_i/aes_ctr_axi_lite_0/inst/u_key_expansion/aes_sbox_inferred__4/g0_b0__9_i_17/O
                         net (fo=1, routed)           0.000     3.045    system_i/aes_ctr_axi_lite_0/inst/u_key_expansion/aes_sbox_inferred__4/g0_b0__9_i_17_n_0
    SLICE_X52Y287        MUXF8 (Prop_F8MUX_TOP_SLICEL_I0_O)
                                                      0.026     3.071 r  system_i/aes_ctr_axi_lite_0/inst/u_key_expansion/aes_sbox_inferred__4/g0_b0__9_i_9/O
                         net (fo=18, routed)          0.191     3.262    system_i/aes_ctr_axi_lite_0/inst/u_aes/ciphertext_reg[106]_0
    SLICE_X52Y291        LUT3 (Prop_D6LUT_SLICEL_I0_O)
                                                      0.050     3.312 r  system_i/aes_ctr_axi_lite_0/inst/u_aes/g0_b0__9_i_3/O
                         net (fo=34, routed)          0.243     3.556    system_i/aes_ctr_axi_lite_0/inst/u_aes/u_key_expansion/(null)[4].word46_out[10]
    SLICE_X53Y294        LUT6 (Prop_C6LUT_SLICEM_I2_O)
                                                      0.145     3.701 r  system_i/aes_ctr_axi_lite_0/inst/u_aes/g1_b4__9/O
                         net (fo=1, routed)           0.021     3.722    system_i/aes_ctr_axi_lite_0/inst/u_key_expansion/aes_sbox_inferred__9/state4_reg[116]_i_3_1
    SLICE_X53Y294        MUXF7 (Prop_F7MUX_CD_SLICEM_I1_O)
                                                      0.061     3.783 r  system_i/aes_ctr_axi_lite_0/inst/u_key_expansion/aes_sbox_inferred__9/state4_reg[116]_i_7/O
                         net (fo=1, routed)           0.000     3.783    system_i/aes_ctr_axi_lite_0/inst/u_key_expansion/aes_sbox_inferred__9/state4_reg[116]_i_7_n_0
    SLICE_X53Y294        MUXF8 (Prop_F8MUX_BOT_SLICEM_I0_O)
                                                      0.030     3.813 r  system_i/aes_ctr_axi_lite_0/inst/u_key_expansion/aes_sbox_inferred__9/state4_reg[116]_i_3/O
                         net (fo=10, routed)          0.279     4.092    system_i/aes_ctr_axi_lite_0/inst/u_aes/state4_reg[116]_2
    SLICE_X54Y297        LUT4 (Prop_B6LUT_SLICEM_I0_O)
                                                      0.149     4.241 r  system_i/aes_ctr_axi_lite_0/inst/u_aes/g0_b0__14_i_11/O
                         net (fo=9, routed)           0.045     4.286    system_i/aes_ctr_axi_lite_0/inst/u_aes/u_key_expansion/w[14]_23[20]
    SLICE_X54Y297        LUT2 (Prop_F6LUT_SLICEM_I0_O)
                                                      0.037     4.323 r  system_i/aes_ctr_axi_lite_0/inst/u_aes/g0_b0__14_i_5/O
                         net (fo=34, routed)          0.354     4.677    system_i/aes_ctr_axi_lite_0/inst/u_aes/u_key_expansion/(null)[4].word40_out[20]
    SLICE_X57Y298        LUT6 (Prop_D6LUT_SLICEM_I4_O)
                                                      0.122     4.799 r  system_i/aes_ctr_axi_lite_0/inst/u_aes/g0_b6__14/O
                         net (fo=2, routed)           0.025     4.824    system_i/aes_ctr_axi_lite_0/inst/u_key_expansion/state4[126]_i_6_2
    SLICE_X57Y298        MUXF7 (Prop_F7MUX_CD_SLICEM_I0_O)
                                                      0.069     4.893 r  system_i/aes_ctr_axi_lite_0/inst/u_key_expansion/aes_sbox_inferred__14/state4_reg[126]_i_15/O
                         net (fo=1, routed)           0.220     5.113    system_i/aes_ctr_axi_lite_0/inst/u_aes/state4_reg[126]_0
    SLICE_X57Y298        LUT6 (Prop_H6LUT_SLICEM_I1_O)
                                                      0.090     5.203 r  system_i/aes_ctr_axi_lite_0/inst/u_aes/state4[126]_i_6/O
                         net (fo=7, routed)           0.111     5.315    system_i/aes_ctr_axi_lite_0/inst/u_aes/key_reg0_reg[30]_1[3]
    SLICE_X57Y300        LUT4 (Prop_H6LUT_SLICEM_I0_O)
                                                      0.053     5.368 r  system_i/aes_ctr_axi_lite_0/inst/u_aes/state4[30]_i_6/O
                         net (fo=18, routed)          0.353     5.721    system_i/aes_ctr_axi_lite_0/inst/u_key_expansion/state5[39]_i_2[6]
    SLICE_X55Y301        MUXF7 (Prop_F7MUX_EF_SLICEL_S_O)
                                                      0.065     5.786 r  system_i/aes_ctr_axi_lite_0/inst/u_key_expansion/aes_sbox_inferred__15/ciphertext_reg[37]_i_17/O
                         net (fo=1, routed)           0.000     5.786    system_i/aes_ctr_axi_lite_0/inst/u_key_expansion/aes_sbox_inferred__15/ciphertext_reg[37]_i_17_n_0
    SLICE_X55Y301        MUXF8 (Prop_F8MUX_TOP_SLICEL_I1_O)
                                                      0.026     5.812 r  system_i/aes_ctr_axi_lite_0/inst/u_key_expansion/aes_sbox_inferred__15/ciphertext_reg[37]_i_10/O
                         net (fo=4, routed)           0.367     6.179    system_i/aes_ctr_axi_lite_0/inst/u_aes/state9_reg[101]_1
    SLICE_X51Y305        LUT6 (Prop_B6LUT_SLICEL_I2_O)
                                                      0.098     6.277 r  system_i/aes_ctr_axi_lite_0/inst/u_aes/state5[101]_i_2/O
                         net (fo=2, routed)           0.044     6.321    system_i/aes_ctr_axi_lite_0/inst/u_aes/u_key_expansion/w[20]_11[5]
    SLICE_X51Y305        LUT2 (Prop_F6LUT_SLICEL_I0_O)
                                                      0.035     6.356 r  system_i/aes_ctr_axi_lite_0/inst/u_aes/state5[69]_i_2/O
                         net (fo=3, routed)           0.219     6.575    system_i/aes_ctr_axi_lite_0/inst/u_aes/u_key_expansion/w[21]_20[5]
    SLICE_X48Y307        LUT2 (Prop_E5LUT_SLICEL_I0_O)
                                                      0.070     6.645 r  system_i/aes_ctr_axi_lite_0/inst/u_aes/g0_b0__20_i_12/O
                         net (fo=3, routed)           0.198     6.843    system_i/aes_ctr_axi_lite_0/inst/u_aes/u_key_expansion/w[22]_2[5]
    SLICE_X45Y308        LUT2 (Prop_A6LUT_SLICEL_I0_O)
                                                      0.035     6.878 r  system_i/aes_ctr_axi_lite_0/inst/u_aes/g0_b0__20_i_6/O
                         net (fo=34, routed)          0.243     7.121    system_i/aes_ctr_axi_lite_0/inst/u_aes/u_key_expansion/(null)[4].word28_out[5]
    SLICE_X42Y307        LUT6 (Prop_G6LUT_SLICEM_I5_O)
                                                      0.123     7.244 r  system_i/aes_ctr_axi_lite_0/inst/u_aes/g1_b2__20/O
                         net (fo=1, routed)           0.017     7.261    system_i/aes_ctr_axi_lite_0/inst/u_key_expansion/aes_sbox_inferred__20/ciphertext_reg[42]_i_11_1
    SLICE_X42Y307        MUXF7 (Prop_F7MUX_GH_SLICEM_I1_O)
                                                      0.060     7.321 r  system_i/aes_ctr_axi_lite_0/inst/u_key_expansion/aes_sbox_inferred__20/ciphertext_reg[42]_i_18/O
                         net (fo=1, routed)           0.000     7.321    system_i/aes_ctr_axi_lite_0/inst/u_key_expansion/aes_sbox_inferred__20/ciphertext_reg[42]_i_18_n_0
    SLICE_X42Y307        MUXF8 (Prop_F8MUX_TOP_SLICEM_I0_O)
                                                      0.028     7.349 r  system_i/aes_ctr_axi_lite_0/inst/u_key_expansion/aes_sbox_inferred__20/ciphertext_reg[42]_i_11/O
                         net (fo=4, routed)           0.212     7.562    system_i/aes_ctr_axi_lite_0/inst/u_aes/state9_reg[106]_0
    SLICE_X41Y308        LUT6 (Prop_H6LUT_SLICEM_I3_O)
                                                      0.101     7.663 r  system_i/aes_ctr_axi_lite_0/inst/u_aes/state6[106]_i_3/O
                         net (fo=2, routed)           0.192     7.855    system_i/aes_ctr_axi_lite_0/inst/u_aes/u_key_expansion/w[24]_15[10]
    SLICE_X40Y309        LUT2 (Prop_G6LUT_SLICEL_I0_O)
                                                      0.050     7.905 r  system_i/aes_ctr_axi_lite_0/inst/u_aes/state6[74]_i_3/O
                         net (fo=3, routed)           0.094     7.999    system_i/aes_ctr_axi_lite_0/inst/u_aes/u_key_expansion/w[25]_3[10]
    SLICE_X40Y310        LUT2 (Prop_F6LUT_SLICEL_I0_O)
                                                      0.035     8.034 r  system_i/aes_ctr_axi_lite_0/inst/u_aes/g0_b0__25_i_9/O
                         net (fo=3, routed)           0.045     8.079    system_i/aes_ctr_axi_lite_0/inst/u_aes/u_key_expansion/w[26]_17[10]
    SLICE_X40Y310        LUT2 (Prop_H6LUT_SLICEL_I0_O)
                                                      0.051     8.130 r  system_i/aes_ctr_axi_lite_0/inst/u_aes/g0_b0__25_i_3/O
                         net (fo=35, routed)          0.459     8.589    system_i/aes_ctr_axi_lite_0/inst/u_aes/u_key_expansion/(null)[4].word22_out[10]
    SLICE_X49Y313        LUT6 (Prop_C6LUT_SLICEM_I2_O)
                                                      0.123     8.712 r  system_i/aes_ctr_axi_lite_0/inst/u_aes/g1_b5__25/O
                         net (fo=1, routed)           0.021     8.733    system_i/aes_ctr_axi_lite_0/inst/u_key_expansion/aes_sbox_inferred__25/g0_b0__38_i_47_1
    SLICE_X49Y313        MUXF7 (Prop_F7MUX_CD_SLICEM_I1_O)
                                                      0.061     8.794 r  system_i/aes_ctr_axi_lite_0/inst/u_key_expansion/aes_sbox_inferred__25/g0_b0__38_i_59/O
                         net (fo=1, routed)           0.000     8.794    system_i/aes_ctr_axi_lite_0/inst/u_key_expansion/aes_sbox_inferred__25/g0_b0__38_i_59_n_0
    SLICE_X49Y313        MUXF8 (Prop_F8MUX_BOT_SLICEM_I0_O)
                                                      0.030     8.824 r  system_i/aes_ctr_axi_lite_0/inst/u_key_expansion/aes_sbox_inferred__25/g0_b0__38_i_47/O
                         net (fo=4, routed)           0.396     9.220    system_i/aes_ctr_axi_lite_0/inst/u_aes/ciphertext_reg[53]_4
    SLICE_X53Y312        LUT6 (Prop_B6LUT_SLICEM_I3_O)
                                                      0.052     9.272 r  system_i/aes_ctr_axi_lite_0/inst/u_aes/state7[117]_i_3/O
                         net (fo=2, routed)           0.042     9.314    system_i/aes_ctr_axi_lite_0/inst/u_aes/u_key_expansion/w[28]_10[21]
    SLICE_X53Y312        LUT2 (Prop_E6LUT_SLICEM_I0_O)
                                                      0.037     9.351 r  system_i/aes_ctr_axi_lite_0/inst/u_aes/state7[85]_i_3/O
                         net (fo=3, routed)           0.154     9.505    system_i/aes_ctr_axi_lite_0/inst/u_aes/u_key_expansion/w[29]_19[21]
    SLICE_X54Y312        LUT2 (Prop_F6LUT_SLICEM_I0_O)
                                                      0.037     9.542 r  system_i/aes_ctr_axi_lite_0/inst/u_aes/g0_b0__30_i_12/O
                         net (fo=5, routed)           0.112     9.654    system_i/aes_ctr_axi_lite_0/inst/u_aes/u_key_expansion/w[30]_0[21]
    SLICE_X54Y314        LUT2 (Prop_E6LUT_SLICEM_I0_O)
                                                      0.100     9.754 r  system_i/aes_ctr_axi_lite_0/inst/u_aes/g0_b0__30_i_6/O
                         net (fo=35, routed)          0.432    10.186    system_i/aes_ctr_axi_lite_0/inst/u_aes/u_key_expansion/(null)[4].word16_out[21]
    SLICE_X57Y313        LUT6 (Prop_D6LUT_SLICEM_I5_O)
                                                      0.122    10.308 r  system_i/aes_ctr_axi_lite_0/inst/u_aes/g1_b2__30/O
                         net (fo=1, routed)           0.141    10.449    system_i/aes_ctr_axi_lite_0/inst/u_key_expansion/state8[122]_i_7_1
    SLICE_X58Y312        LUT6 (Prop_D6LUT_SLICEL_I3_O)
                                                      0.146    10.595 r  system_i/aes_ctr_axi_lite_0/inst/u_key_expansion/aes_sbox_inferred__30/g0_b0__35_i_33/O
                         net (fo=4, routed)           0.139    10.734    system_i/aes_ctr_axi_lite_0/inst/u_aes/ciphertext_reg[58]_0
    SLICE_X58Y313        LUT6 (Prop_D6LUT_SLICEL_I3_O)
                                                      0.050    10.784 r  system_i/aes_ctr_axi_lite_0/inst/u_aes/state8[122]_i_7/O
                         net (fo=2, routed)           0.180    10.964    system_i/aes_ctr_axi_lite_0/inst/u_aes/state8[122]_i_7_n_0
    SLICE_X57Y313        LUT2 (Prop_E6LUT_SLICEM_I0_O)
                                                      0.052    11.016 r  system_i/aes_ctr_axi_lite_0/inst/u_aes/g0_b0__35_i_12/O
                         net (fo=4, routed)           0.115    11.132    system_i/aes_ctr_axi_lite_0/inst/u_aes/u_key_expansion/w[33]_1[26]
    SLICE_X57Y312        LUT2 (Prop_F5LUT_SLICEM_I0_O)
                                                      0.166    11.298 r  system_i/aes_ctr_axi_lite_0/inst/u_aes/g0_b0__31_i_9/O
                         net (fo=4, routed)           0.150    11.448    system_i/aes_ctr_axi_lite_0/inst/u_aes/u_key_expansion/w[34]_4[26]
    SLICE_X57Y312        LUT2 (Prop_F6LUT_SLICEM_I0_O)
                                                      0.098    11.546 r  system_i/aes_ctr_axi_lite_0/inst/u_aes/g0_b0__31_i_3/O
                         net (fo=33, routed)          0.519    12.064    system_i/aes_ctr_axi_lite_0/inst/u_aes/u_key_expansion/(null)[4].word10_out[26]
    SLICE_X62Y312        LUT6 (Prop_A6LUT_SLICEL_I2_O)
                                                      0.149    12.213 r  system_i/aes_ctr_axi_lite_0/inst/u_aes/g3_b1__31/O
                         net (fo=1, routed)           0.413    12.626    system_i/aes_ctr_axi_lite_0/inst/u_key_expansion/state9[97]_i_4_3
    SLICE_X56Y311        LUT6 (Prop_A6LUT_SLICEM_I0_O)
                                                      0.053    12.679 r  system_i/aes_ctr_axi_lite_0/inst/u_key_expansion/aes_sbox_inferred__31/g0_b0__36_i_26/O
                         net (fo=3, routed)           0.057    12.736    system_i/aes_ctr_axi_lite_0/inst/u_aes/ciphertext_reg[33]_0
    SLICE_X56Y310        LUT6 (Prop_H6LUT_SLICEM_I2_O)
                                                      0.039    12.775 r  system_i/aes_ctr_axi_lite_0/inst/u_aes/g0_b0__36_i_9/O
                         net (fo=3, routed)           0.107    12.883    system_i/aes_ctr_axi_lite_0/inst/u_aes/g0_b0__36_i_9_n_0
    SLICE_X54Y310        LUT6 (Prop_G6LUT_SLICEM_I0_O)
                                                      0.052    12.935 r  system_i/aes_ctr_axi_lite_0/inst/u_aes/g0_b0__36_i_2/O
                         net (fo=33, routed)          0.371    13.306    system_i/aes_ctr_axi_lite_0/inst/u_aes/u_key_expansion/p_54_in[1]
    SLICE_X51Y310        LUT6 (Prop_C6LUT_SLICEL_I1_O)
                                                      0.123    13.429 r  system_i/aes_ctr_axi_lite_0/inst/u_aes/g3_b5__36/O
                         net (fo=1, routed)           0.010    13.439    system_i/aes_ctr_axi_lite_0/inst/u_key_expansion/ciphertext[45]_i_3_2
    SLICE_X51Y310        MUXF7 (Prop_F7MUX_CD_SLICEL_I1_O)
                                                      0.064    13.503 r  system_i/aes_ctr_axi_lite_0/inst/u_key_expansion/aes_sbox_inferred__36/ciphertext_reg[45]_i_7/O
                         net (fo=1, routed)           0.283    13.786    system_i/aes_ctr_axi_lite_0/inst/u_aes/ciphertext_reg[45]_2
    SLICE_X49Y311        LUT6 (Prop_G6LUT_SLICEM_I3_O)
                                                      0.037    13.823 r  system_i/aes_ctr_axi_lite_0/inst/u_aes/ciphertext[45]_i_3/O
                         net (fo=4, routed)           0.167    13.990    system_i/aes_ctr_axi_lite_0/inst/u_aes/ciphertext[45]_i_3_n_0
    SLICE_X46Y311        LUT6 (Prop_H6LUT_SLICEM_I2_O)
                                                      0.053    14.043 r  system_i/aes_ctr_axi_lite_0/inst/u_aes/ciphertext[77]_i_2/O
                         net (fo=1, routed)           0.092    14.135    system_i/aes_ctr_axi_lite_0/inst/u_aes/round_keys[77]
    SLICE_X46Y311        LUT2 (Prop_E6LUT_SLICEM_I0_O)
                                                      0.100    14.235 r  system_i/aes_ctr_axi_lite_0/inst/u_aes/ciphertext[77]_i_1/O
                         net (fo=1, routed)           0.055    14.290    system_i/aes_ctr_axi_lite_0/inst/u_aes/rk10[77]
    SLICE_X46Y311        FDCE                                         r  system_i/aes_ctr_axi_lite_0/inst/u_aes/ciphertext_reg[77]/D
  -------------------------------------------------------------------    -------------------

                         (clock clk_pl_0 rise edge)
                                                     13.333    13.333 r  <hidden>
    PS8_X0Y0             PS8                          0.000    13.333 r  system_i/zynq_ultra_ps_e_0/inst/PS8_i/PLCLK[0]
                         net (fo=1, routed)           0.143    13.476    system_i/zynq_ultra_ps_e_0/inst/pl_clk_unbuffered[0]
    BUFG_PS_X0Y80        BUFG_PS (Prop_BUFG_PS_I_O)
                                                      0.025    13.501 r  system_i/zynq_ultra_ps_e_0/inst/buffer_pl_clk_0.PL_CLK_0_BUFG/O
    X1Y3 (CLOCK_ROOT)    net (fo=2867, routed)        1.268    14.769    system_i/aes_ctr_axi_lite_0/inst/u_aes/s_axi_aclk
    SLICE_X46Y311        FDCE                                         r  system_i/aes_ctr_axi_lite_0/inst/u_aes/ciphertext_reg[77]/C
                         clock pessimism              0.069    14.838    <hidden>
                         clock uncertainty           -0.141    14.697    <hidden>
    SLICE_X46Y311        FDCE (Setup_EFF_SLICEM_C_D)
                                                      0.025    14.722    system_i/aes_ctr_axi_lite_0/inst/u_aes/ciphertext_reg[77]
  -------------------------------------------------------------------
                         required time                         14.722    <hidden>
                         arrival time                         -14.290    <hidden>
  -------------------------------------------------------------------
                         slack                                  0.432    <hidden>

Slack (MET) :             0.444ns  (required time - arrival time)
  Source:                 system_i/aes_ctr_axi_lite_0/inst/key_reg3_reg[21]/C
                            (rising edge-triggered cell FDRE clocked by clk_pl_0  {rise@0.000ns fall@6.667ns period=13.333ns})
  Destination:            system_i/aes_ctr_axi_lite_0/inst/u_aes/ciphertext_reg[7]/D
                            (rising edge-triggered cell FDCE clocked by clk_pl_0  {rise@0.000ns fall@6.667ns period=13.333ns})
  Path Group:             clk_pl_0
  Path Type:              Setup (Max at Slow Process Corner)
  Requirement:            13.333ns  (clk_pl_0 rise@13.333ns - clk_pl_0 rise@0.000ns)
  Data Path Delay:        12.654ns  (logic 4.458ns (35.230%)  route 8.196ns (64.770%))
  Logic Levels:           55  (LUT2=15 LUT3=3 LUT4=1 LUT5=1 LUT6=20 MUXF7=8 MUXF8=7)
  Clock Path Skew:        -0.119ns (DCD - SCD + CPR)
    Destination Clock Delay (DCD):    1.472ns = ( 14.805 - 13.333 ) 
    Source Clock Delay      (SCD):    1.660ns
    Clock Pessimism Removal (CPR):    0.069ns
  Clock Uncertainty:      0.141ns  ((TSJ^2 + DJ^2)^1/2) / 2 + PE
    Total System Jitter     (TSJ):    0.071ns
    Discrete Jitter          (DJ):    0.273ns
    Phase Error              (PE):    0.000ns
  Clock Net Delay (Source):      1.452ns (routing 0.193ns, distribution 1.259ns)
  Clock Net Delay (Destination): 1.304ns (routing 0.172ns, distribution 1.132ns)

    Location             Delay type                Incr(ns)  Path(ns)    Netlist Resource(s)
  -------------------------------------------------------------------    -------------------
                         (clock clk_pl_0 rise edge)
                                                      0.000     0.000 r  <hidden>
    PS8_X0Y0             PS8                          0.000     0.000 r  system_i/zynq_ultra_ps_e_0/inst/PS8_i/PLCLK[0]
                         net (fo=1, routed)           0.180     0.180    system_i/zynq_ultra_ps_e_0/inst/pl_clk_unbuffered[0]
    BUFG_PS_X0Y80        BUFG_PS (Prop_BUFG_PS_I_O)
                                                      0.028     0.208 r  system_i/zynq_ultra_ps_e_0/inst/buffer_pl_clk_0.PL_CLK_0_BUFG/O
    X1Y3 (CLOCK_ROOT)    net (fo=2867, routed)        1.452     1.660    system_i/aes_ctr_axi_lite_0/inst/s_axi_aclk
    SLICE_X58Y290        FDRE                                         r  system_i/aes_ctr_axi_lite_0/inst/key_reg3_reg[21]/C
  -------------------------------------------------------------------    -------------------
    SLICE_X58Y290        FDRE (Prop_DFF_SLICEL_C_Q)
                                                      0.079     1.739 r  system_i/aes_ctr_axi_lite_0/inst/key_reg3_reg[21]/Q
                         net (fo=36, routed)          0.325     2.064    system_i/aes_ctr_axi_lite_0/inst/u_aes/key_value[21]
    SLICE_X57Y287        LUT6 (Prop_G6LUT_SLICEM_I5_O)
                                                      0.150     2.214 r  system_i/aes_ctr_axi_lite_0/inst/u_aes/g1_b5__2/O
                         net (fo=1, routed)           0.017     2.231    system_i/aes_ctr_axi_lite_0/inst/u_key_expansion/aes_sbox_inferred__2/g0_b0__3_i_12_1
    SLICE_X57Y287        MUXF7 (Prop_F7MUX_GH_SLICEM_I1_O)
                                                      0.060     2.291 r  system_i/aes_ctr_axi_lite_0/inst/u_key_expansion/aes_sbox_inferred__2/g0_b0__3_i_23/O
                         net (fo=1, routed)           0.000     2.291    system_i/aes_ctr_axi_lite_0/inst/u_key_expansion/aes_sbox_inferred__2/g0_b0__3_i_23_n_0
    SLICE_X57Y287        MUXF8 (Prop_F8MUX_TOP_SLICEM_I0_O)
                                                      0.028     2.319 r  system_i/aes_ctr_axi_lite_0/inst/u_key_expansion/aes_sbox_inferred__2/g0_b0__3_i_12/O
                         net (fo=20, routed)          0.201     2.520    system_i/aes_ctr_axi_lite_0/inst/u_aes/SubWord_return[29]
    SLICE_X57Y288        LUT5 (Prop_G6LUT_SLICEM_I2_O)
                                                      0.123     2.643 r  system_i/aes_ctr_axi_lite_0/inst/u_aes/g0_b0__3_i_6/O
                         net (fo=33, routed)          0.314     2.957    system_i/aes_ctr_axi_lite_0/inst/u_aes/g0_b0__3_i_6_n_0
    SLICE_X56Y292        LUT6 (Prop_B6LUT_SLICEM_I5_O)
                                                      0.149     3.106 r  system_i/aes_ctr_axi_lite_0/inst/u_aes/g2_b0__3/O
                         net (fo=1, routed)           0.017     3.123    system_i/aes_ctr_axi_lite_0/inst/u_key_expansion/aes_sbox_inferred__3/g0_b0__8_i_7_0
    SLICE_X56Y292        MUXF7 (Prop_F7MUX_AB_SLICEM_I0_O)
                                                      0.060     3.183 r  system_i/aes_ctr_axi_lite_0/inst/u_key_expansion/aes_sbox_inferred__3/g0_b0__8_i_14/O
                         net (fo=1, routed)           0.000     3.183    system_i/aes_ctr_axi_lite_0/inst/u_key_expansion/aes_sbox_inferred__3/g0_b0__8_i_14_n_0
    SLICE_X56Y292        MUXF8 (Prop_F8MUX_BOT_SLICEM_I1_O)
                                                      0.028     3.211 r  system_i/aes_ctr_axi_lite_0/inst/u_key_expansion/aes_sbox_inferred__3/g0_b0__8_i_7/O
                         net (fo=18, routed)          0.178     3.389    system_i/aes_ctr_axi_lite_0/inst/u_aes/state2_reg[64]_0
    SLICE_X55Y293        LUT3 (Prop_F6LUT_SLICEL_I0_O)
                                                      0.148     3.537 r  system_i/aes_ctr_axi_lite_0/inst/u_aes/g0_b0__8_i_1/O
                         net (fo=34, routed)          0.464     4.001    system_i/aes_ctr_axi_lite_0/inst/u_aes/u_key_expansion/(null)[4].word46_out[0]
    SLICE_X50Y296        LUT6 (Prop_D6LUT_SLICEM_I0_O)
                                                      0.088     4.089 r  system_i/aes_ctr_axi_lite_0/inst/u_aes/g0_b2__8/O
                         net (fo=1, routed)           0.025     4.114    system_i/aes_ctr_axi_lite_0/inst/u_key_expansion/aes_sbox_inferred__8/g0_b0__13_i_14_0
    SLICE_X50Y296        MUXF7 (Prop_F7MUX_CD_SLICEM_I0_O)
                                                      0.062     4.176 r  system_i/aes_ctr_axi_lite_0/inst/u_key_expansion/aes_sbox_inferred__8/g0_b0__13_i_18/O
                         net (fo=1, routed)           0.000     4.176    system_i/aes_ctr_axi_lite_0/inst/u_key_expansion/aes_sbox_inferred__8/g0_b0__13_i_18_n_0
    SLICE_X50Y296        MUXF8 (Prop_F8MUX_BOT_SLICEM_I0_O)
                                                      0.030     4.206 r  system_i/aes_ctr_axi_lite_0/inst/u_key_expansion/aes_sbox_inferred__8/g0_b0__13_i_14/O
                         net (fo=10, routed)          0.216     4.422    system_i/aes_ctr_axi_lite_0/inst/u_aes/ciphertext_reg[106]_1
    SLICE_X48Y296        LUT4 (Prop_H6LUT_SLICEL_I0_O)
                                                      0.051     4.473 r  system_i/aes_ctr_axi_lite_0/inst/u_aes/g0_b0__13_i_9/O
                         net (fo=3, routed)           0.048     4.522    system_i/aes_ctr_axi_lite_0/inst/u_aes/u_key_expansion/w[14]_23[10]
    SLICE_X48Y296        LUT2 (Prop_E5LUT_SLICEL_I0_O)
                                                      0.101     4.623 r  system_i/aes_ctr_axi_lite_0/inst/u_aes/g0_b0__13_i_3/O
                         net (fo=34, routed)          0.401     5.023    system_i/aes_ctr_axi_lite_0/inst/u_aes/u_key_expansion/(null)[4].word40_out[10]
    SLICE_X50Y301        LUT6 (Prop_F6LUT_SLICEM_I2_O)
                                                      0.123     5.146 r  system_i/aes_ctr_axi_lite_0/inst/u_aes/g2_b2__13/O
                         net (fo=1, routed)           0.023     5.169    system_i/aes_ctr_axi_lite_0/inst/u_key_expansion/aes_sbox_inferred__13/ciphertext_reg[50]_i_9_2
    SLICE_X50Y301        MUXF7 (Prop_F7MUX_EF_SLICEM_I0_O)
                                                      0.061     5.230 r  system_i/aes_ctr_axi_lite_0/inst/u_key_expansion/aes_sbox_inferred__13/ciphertext_reg[50]_i_15/O
                         net (fo=1, routed)           0.000     5.230    system_i/aes_ctr_axi_lite_0/inst/u_key_expansion/aes_sbox_inferred__13/ciphertext_reg[50]_i_15_n_0
    SLICE_X50Y301        MUXF8 (Prop_F8MUX_TOP_SLICEM_I1_O)
                                                      0.028     5.258 r  system_i/aes_ctr_axi_lite_0/inst/u_key_expansion/aes_sbox_inferred__13/ciphertext_reg[50]_i_9/O
                         net (fo=5, routed)           0.140     5.399    system_i/aes_ctr_axi_lite_0/inst/u_aes/ciphertext_reg[50]_5
    SLICE_X50Y300        LUT3 (Prop_C6LUT_SLICEM_I0_O)
                                                      0.051     5.450 r  system_i/aes_ctr_axi_lite_0/inst/u_aes/state4[82]_i_4/O
                         net (fo=3, routed)           0.091     5.541    system_i/aes_ctr_axi_lite_0/inst/u_aes/u_key_expansion/w[17]_25[18]
    SLICE_X51Y299        LUT2 (Prop_G6LUT_SLICEL_I0_O)
                                                      0.035     5.576 r  system_i/aes_ctr_axi_lite_0/inst/u_aes/g0_b0__18_i_9/O
                         net (fo=3, routed)           0.043     5.619    system_i/aes_ctr_axi_lite_0/inst/u_aes/u_key_expansion/w[18]_18[18]
    SLICE_X51Y299        LUT2 (Prop_H6LUT_SLICEL_I0_O)
                                                      0.099     5.718 r  system_i/aes_ctr_axi_lite_0/inst/u_aes/g0_b0__18_i_3/O
                         net (fo=34, routed)          0.526     6.243    system_i/aes_ctr_axi_lite_0/inst/u_aes/u_key_expansion/(null)[4].word34_out[18]
    SLICE_X57Y302        LUT6 (Prop_C6LUT_SLICEM_I2_O)
                                                      0.145     6.388 r  system_i/aes_ctr_axi_lite_0/inst/u_aes/g1_b5__18/O
                         net (fo=1, routed)           0.021     6.409    system_i/aes_ctr_axi_lite_0/inst/u_key_expansion/aes_sbox_inferred__18/ciphertext_reg[61]_i_10_1
    SLICE_X57Y302        MUXF7 (Prop_F7MUX_CD_SLICEM_I1_O)
                                                      0.061     6.470 r  system_i/aes_ctr_axi_lite_0/inst/u_key_expansion/aes_sbox_inferred__18/ciphertext_reg[61]_i_16/O
                         net (fo=1, routed)           0.000     6.470    system_i/aes_ctr_axi_lite_0/inst/u_key_expansion/aes_sbox_inferred__18/ciphertext_reg[61]_i_16_n_0
    SLICE_X57Y302        MUXF8 (Prop_F8MUX_BOT_SLICEM_I0_O)
                                                      0.030     6.500 r  system_i/aes_ctr_axi_lite_0/inst/u_key_expansion/aes_sbox_inferred__18/ciphertext_reg[61]_i_10/O
                         net (fo=4, routed)           0.211     6.711    system_i/aes_ctr_axi_lite_0/inst/u_aes/state9_reg[125]_1
    SLICE_X57Y303        LUT6 (Prop_H6LUT_SLICEM_I2_O)
                                                      0.125     6.836 r  system_i/aes_ctr_axi_lite_0/inst/u_aes/state5[125]_i_6/O
                         net (fo=2, routed)           0.048     6.884    system_i/aes_ctr_axi_lite_0/inst/u_aes/u_key_expansion/w[20]_11[29]
    SLICE_X57Y303        LUT2 (Prop_E6LUT_SLICEM_I0_O)
                                                      0.091     6.975 r  system_i/aes_ctr_axi_lite_0/inst/u_aes/state5[93]_i_6/O
                         net (fo=3, routed)           0.051     7.026    system_i/aes_ctr_axi_lite_0/inst/u_aes/u_key_expansion/w[21]_20[29]
    SLICE_X57Y303        LUT2 (Prop_A6LUT_SLICEM_I0_O)
                                                      0.053     7.079 r  system_i/aes_ctr_axi_lite_0/inst/u_aes/g0_b0__19_i_12/O
                         net (fo=3, routed)           0.092     7.171    system_i/aes_ctr_axi_lite_0/inst/u_aes/u_key_expansion/w[22]_2[29]
    SLICE_X57Y304        LUT2 (Prop_D6LUT_SLICEM_I0_O)
                                                      0.037     7.208 r  system_i/aes_ctr_axi_lite_0/inst/u_aes/g0_b0__19_i_6/O
                         net (fo=34, routed)          0.245     7.453    system_i/aes_ctr_axi_lite_0/inst/u_aes/u_key_expansion/(null)[4].word28_out[29]
    SLICE_X55Y305        LUT6 (Prop_A6LUT_SLICEL_I5_O)
                                                      0.149     7.602 r  system_i/aes_ctr_axi_lite_0/inst/u_aes/g3_b5__19/O
                         net (fo=1, routed)           0.009     7.611    system_i/aes_ctr_axi_lite_0/inst/u_key_expansion/aes_sbox_inferred__19/ciphertext_reg[37]_i_11_3
    SLICE_X55Y305        MUXF7 (Prop_F7MUX_AB_SLICEL_I1_O)
                                                      0.057     7.668 r  system_i/aes_ctr_axi_lite_0/inst/u_key_expansion/aes_sbox_inferred__19/ciphertext_reg[37]_i_19/O
                         net (fo=1, routed)           0.000     7.668    system_i/aes_ctr_axi_lite_0/inst/u_key_expansion/aes_sbox_inferred__19/ciphertext_reg[37]_i_19_n_0
    SLICE_X55Y305        MUXF8 (Prop_F8MUX_BOT_SLICEL_I1_O)
                                                      0.026     7.694 r  system_i/aes_ctr_axi_lite_0/inst/u_key_expansion/aes_sbox_inferred__19/ciphertext_reg[37]_i_11/O
                         net (fo=4, routed)           0.342     8.036    system_i/aes_ctr_axi_lite_0/inst/u_aes/state9_reg[101]_0
    SLICE_X51Y306        LUT6 (Prop_H6LUT_SLICEL_I3_O)
                                                      0.090     8.126 r  system_i/aes_ctr_axi_lite_0/inst/u_aes/state6[101]_i_2/O
                         net (fo=2, routed)           0.191     8.317    system_i/aes_ctr_axi_lite_0/inst/u_aes/u_key_expansion/w[24]_15[5]
    SLICE_X50Y307        LUT2 (Prop_D6LUT_SLICEM_I0_O)
                                                      0.037     8.354 r  system_i/aes_ctr_axi_lite_0/inst/u_aes/state6[69]_i_2/O
                         net (fo=3, routed)           0.044     8.398    system_i/aes_ctr_axi_lite_0/inst/u_aes/u_key_expansion/w[25]_3[5]
    SLICE_X50Y307        LUT2 (Prop_A6LUT_SLICEM_I0_O)
                                                      0.053     8.451 r  system_i/aes_ctr_axi_lite_0/inst/u_aes/g0_b0__24_i_12/O
                         net (fo=3, routed)           0.113     8.564    system_i/aes_ctr_axi_lite_0/inst/u_aes/u_key_expansion/w[26]_17[5]
    SLICE_X49Y307        LUT2 (Prop_C6LUT_SLICEM_I0_O)
                                                      0.098     8.662 r  system_i/aes_ctr_axi_lite_0/inst/u_aes/g0_b0__24_i_6/O
                         net (fo=35, routed)          0.348     9.010    system_i/aes_ctr_axi_lite_0/inst/u_aes/u_key_expansion/(null)[4].word22_out[5]
    SLICE_X44Y308        LUT6 (Prop_B6LUT_SLICEL_I5_O)
                                                      0.148     9.158 r  system_i/aes_ctr_axi_lite_0/inst/u_aes/g2_b2__24/O
                         net (fo=1, routed)           0.009     9.167    system_i/aes_ctr_axi_lite_0/inst/u_key_expansion/aes_sbox_inferred__24/g0_b0__37_i_32_2
    SLICE_X44Y308        MUXF7 (Prop_F7MUX_AB_SLICEL_I0_O)
                                                      0.056     9.223 r  system_i/aes_ctr_axi_lite_0/inst/u_key_expansion/aes_sbox_inferred__24/g0_b0__37_i_54/O
                         net (fo=1, routed)           0.000     9.223    system_i/aes_ctr_axi_lite_0/inst/u_key_expansion/aes_sbox_inferred__24/g0_b0__37_i_54_n_0
    SLICE_X44Y308        MUXF8 (Prop_F8MUX_BOT_SLICEL_I1_O)
                                                      0.026     9.249 r  system_i/aes_ctr_axi_lite_0/inst/u_key_expansion/aes_sbox_inferred__24/g0_b0__37_i_32/O
                         net (fo=4, routed)           0.162     9.411    system_i/aes_ctr_axi_lite_0/inst/u_aes/ciphertext_reg[42]_4
    SLICE_X44Y310        LUT6 (Prop_H6LUT_SLICEL_I3_O)
                                                      0.150     9.561 r  system_i/aes_ctr_axi_lite_0/inst/u_aes/state7[106]_i_3/O
                         net (fo=2, routed)           0.120     9.681    system_i/aes_ctr_axi_lite_0/inst/u_aes/u_key_expansion/w[28]_10[10]
    SLICE_X42Y311        LUT2 (Prop_G6LUT_SLICEM_I0_O)
                                                      0.150     9.831 r  system_i/aes_ctr_axi_lite_0/inst/u_aes/state7[74]_i_3/O
                         net (fo=3, routed)           0.053     9.884    system_i/aes_ctr_axi_lite_0/inst/u_aes/u_key_expansion/w[29]_19[10]
    SLICE_X42Y311        LUT2 (Prop_F6LUT_SLICEM_I0_O)
                                                      0.098     9.982 r  system_i/aes_ctr_axi_lite_0/inst/u_aes/g0_b0__29_i_9/O
                         net (fo=5, routed)           0.192    10.174    system_i/aes_ctr_axi_lite_0/inst/u_aes/u_key_expansion/w[30]_0[10]
    SLICE_X43Y314        LUT2 (Prop_F6LUT_SLICEL_I0_O)
                                                      0.049    10.223 r  system_i/aes_ctr_axi_lite_0/inst/u_aes/g0_b0__29_i_3/O
                         net (fo=35, routed)          0.191    10.414    system_i/aes_ctr_axi_lite_0/inst/u_aes/u_key_expansion/(null)[4].word16_out[10]
    SLICE_X46Y314        LUT6 (Prop_F6LUT_SLICEM_I2_O)
                                                      0.088    10.502 r  system_i/aes_ctr_axi_lite_0/inst/u_aes/g1_b0__29/O
                         net (fo=1, routed)           0.143    10.645    system_i/aes_ctr_axi_lite_0/inst/u_key_expansion/state8[112]_i_3_1
    SLICE_X46Y315        LUT6 (Prop_H6LUT_SLICEM_I3_O)
                                                      0.125    10.770 r  system_i/aes_ctr_axi_lite_0/inst/u_key_expansion/aes_sbox_inferred__29/g0_b0__38_i_23/O
                         net (fo=4, routed)           0.297    11.067    system_i/aes_ctr_axi_lite_0/inst/u_aes/ciphertext_reg[48]_1
    SLICE_X51Y317        LUT6 (Prop_E6LUT_SLICEL_I3_O)
                                                      0.051    11.118 r  system_i/aes_ctr_axi_lite_0/inst/u_aes/state8[112]_i_3/O
                         net (fo=2, routed)           0.312    11.430    system_i/aes_ctr_axi_lite_0/inst/u_aes/u_key_expansion/w[32]_16[16]
    SLICE_X52Y318        LUT3 (Prop_E6LUT_SLICEL_I2_O)
                                                      0.051    11.481 r  system_i/aes_ctr_axi_lite_0/inst/u_aes/g0_b0__38_i_8/O
                         net (fo=4, routed)           0.099    11.580    system_i/aes_ctr_axi_lite_0/inst/u_aes/u_key_expansion/w[33]_1[16]
    SLICE_X53Y318        LUT2 (Prop_E6LUT_SLICEM_I0_O)
                                                      0.037    11.617 r  system_i/aes_ctr_axi_lite_0/inst/u_aes/g0_b0__34_i_7/O
                         net (fo=4, routed)           0.202    11.819    system_i/aes_ctr_axi_lite_0/inst/u_aes/u_key_expansion/w[34]_4[16]
    SLICE_X55Y317        LUT2 (Prop_F6LUT_SLICEL_I0_O)
                                                      0.035    11.854 r  system_i/aes_ctr_axi_lite_0/inst/u_aes/g0_b0__34_i_1/O
                         net (fo=33, routed)          0.314    12.168    system_i/aes_ctr_axi_lite_0/inst/u_aes/u_key_expansion/(null)[4].word10_out[16]
    SLICE_X58Y316        LUT6 (Prop_E6LUT_SLICEL_I0_O)
                                                      0.147    12.315 r  system_i/aes_ctr_axi_lite_0/inst/u_aes/g3_b1__34/O
                         net (fo=1, routed)           0.189    12.504    system_i/aes_ctr_axi_lite_0/inst/u_key_expansion/state9[121]_i_4
    SLICE_X57Y314        LUT6 (Prop_G6LUT_SLICEM_I0_O)
                                                      0.037    12.541 r  system_i/aes_ctr_axi_lite_0/inst/u_key_expansion/aes_sbox_inferred__34/g0_b0__35_i_26/O
                         net (fo=3, routed)           0.143    12.684    system_i/aes_ctr_axi_lite_0/inst/u_aes/ciphertext_reg[57]_1
    SLICE_X60Y314        LUT6 (Prop_A6LUT_SLICEL_I2_O)
                                                      0.124    12.808 r  system_i/aes_ctr_axi_lite_0/inst/u_aes/g0_b0__35_i_9/O
                         net (fo=3, routed)           0.107    12.916    system_i/aes_ctr_axi_lite_0/inst/u_aes/g0_b0__35_i_9_n_0
    SLICE_X59Y314        LUT6 (Prop_E6LUT_SLICEL_I0_O)
                                                      0.147    13.063 r  system_i/aes_ctr_axi_lite_0/inst/u_aes/g0_b0__35_i_2/O
                         net (fo=33, routed)          0.507    13.569    system_i/aes_ctr_axi_lite_0/inst/u_aes/u_key_expansion/p_54_in[25]
    SLICE_X63Y313        LUT6 (Prop_D6LUT_SLICEM_I1_O)
                                                      0.099    13.668 r  system_i/aes_ctr_axi_lite_0/inst/u_aes/g2_b7__35/O
                         net (fo=2, routed)           0.025    13.693    system_i/aes_ctr_axi_lite_0/inst/u_key_expansion/ciphertext[39]_i_3_0
    SLICE_X63Y313        MUXF7 (Prop_F7MUX_CD_SLICEM_I0_O)
                                                      0.069    13.762 r  system_i/aes_ctr_axi_lite_0/inst/u_key_expansion/aes_sbox_inferred__35/ciphertext_reg[39]_i_11/O
                         net (fo=1, routed)           0.128    13.890    system_i/aes_ctr_axi_lite_0/inst/u_aes/ciphertext_reg[39]_2
    SLICE_X63Y312        LUT6 (Prop_A6LUT_SLICEM_I3_O)
                                                      0.090    13.980 r  system_i/aes_ctr_axi_lite_0/inst/u_aes/ciphertext[39]_i_3/O
                         net (fo=3, routed)           0.112    14.092    system_i/aes_ctr_axi_lite_0/inst/u_aes/ciphertext[39]_i_3_n_0
    SLICE_X64Y312        LUT6 (Prop_A6LUT_SLICEM_I2_O)
                                                      0.038    14.130 r  system_i/aes_ctr_axi_lite_0/inst/u_aes/ciphertext[7]_i_2/O
                         net (fo=1, routed)           0.088    14.218    system_i/aes_ctr_axi_lite_0/inst/u_aes/round_keys[7]
    SLICE_X64Y311        LUT2 (Prop_B6LUT_SLICEM_I0_O)
                                                      0.037    14.255 r  system_i/aes_ctr_axi_lite_0/inst/u_aes/ciphertext[7]_i_1/O
                         net (fo=1, routed)           0.059    14.314    system_i/aes_ctr_axi_lite_0/inst/u_aes/rk10[7]
    SLICE_X64Y311        FDCE                                         r  system_i/aes_ctr_axi_lite_0/inst/u_aes/ciphertext_reg[7]/D
  -------------------------------------------------------------------    -------------------

                         (clock clk_pl_0 rise edge)
                                                     13.333    13.333 r  <hidden>
    PS8_X0Y0             PS8                          0.000    13.333 r  system_i/zynq_ultra_ps_e_0/inst/PS8_i/PLCLK[0]
                         net (fo=1, routed)           0.143    13.476    system_i/zynq_ultra_ps_e_0/inst/pl_clk_unbuffered[0]
    BUFG_PS_X0Y80        BUFG_PS (Prop_BUFG_PS_I_O)
                                                      0.025    13.501 r  system_i/zynq_ultra_ps_e_0/inst/buffer_pl_clk_0.PL_CLK_0_BUFG/O
    X1Y3 (CLOCK_ROOT)    net (fo=2867, routed)        1.304    14.805    system_i/aes_ctr_axi_lite_0/inst/u_aes/s_axi_aclk
    SLICE_X64Y311        FDCE                                         r  system_i/aes_ctr_axi_lite_0/inst/u_aes/ciphertext_reg[7]/C
                         clock pessimism              0.069    14.874    <hidden>
                         clock uncertainty           -0.141    14.733    <hidden>
    SLICE_X64Y311        FDCE (Setup_BFF_SLICEM_C_D)
                                                      0.025    14.758    system_i/aes_ctr_axi_lite_0/inst/u_aes/ciphertext_reg[7]
  -------------------------------------------------------------------
                         required time                         14.758    <hidden>
                         arrival time                         -14.314    <hidden>
  -------------------------------------------------------------------
                         slack                                  0.444    <hidden>

Slack (MET) :             0.447ns  (required time - arrival time)
  Source:                 system_i/aes_ctr_axi_lite_0/inst/key_reg3_reg[21]/C
                            (rising edge-triggered cell FDRE clocked by clk_pl_0  {rise@0.000ns fall@6.667ns period=13.333ns})
  Destination:            system_i/aes_ctr_axi_lite_0/inst/u_aes/ciphertext_reg[66]/D
                            (rising edge-triggered cell FDCE clocked by clk_pl_0  {rise@0.000ns fall@6.667ns period=13.333ns})
  Path Group:             clk_pl_0
  Path Type:              Setup (Max at Slow Process Corner)
  Requirement:            13.333ns  (clk_pl_0 rise@13.333ns - clk_pl_0 rise@0.000ns)
  Data Path Delay:        12.619ns  (logic 4.502ns (35.677%)  route 8.117ns (64.323%))
  Logic Levels:           55  (LUT2=15 LUT3=3 LUT4=1 LUT5=1 LUT6=20 MUXF7=8 MUXF8=7)
  Clock Path Skew:        -0.151ns (DCD - SCD + CPR)
    Destination Clock Delay (DCD):    1.440ns = ( 14.773 - 13.333 ) 
    Source Clock Delay      (SCD):    1.660ns
    Clock Pessimism Removal (CPR):    0.069ns
  Clock Uncertainty:      0.141ns  ((TSJ^2 + DJ^2)^1/2) / 2 + PE
    Total System Jitter     (TSJ):    0.071ns
    Discrete Jitter          (DJ):    0.273ns
    Phase Error              (PE):    0.000ns
  Clock Net Delay (Source):      1.452ns (routing 0.193ns, distribution 1.259ns)
  Clock Net Delay (Destination): 1.272ns (routing 0.172ns, distribution 1.100ns)

    Location             Delay type                Incr(ns)  Path(ns)    Netlist Resource(s)
  -------------------------------------------------------------------    -------------------
                         (clock clk_pl_0 rise edge)
                                                      0.000     0.000 r  <hidden>
    PS8_X0Y0             PS8                          0.000     0.000 r  system_i/zynq_ultra_ps_e_0/inst/PS8_i/PLCLK[0]
                         net (fo=1, routed)           0.180     0.180    system_i/zynq_ultra_ps_e_0/inst/pl_clk_unbuffered[0]
    BUFG_PS_X0Y80        BUFG_PS (Prop_BUFG_PS_I_O)
                                                      0.028     0.208 r  system_i/zynq_ultra_ps_e_0/inst/buffer_pl_clk_0.PL_CLK_0_BUFG/O
    X1Y3 (CLOCK_ROOT)    net (fo=2867, routed)        1.452     1.660    system_i/aes_ctr_axi_lite_0/inst/s_axi_aclk
    SLICE_X58Y290        FDRE                                         r  system_i/aes_ctr_axi_lite_0/inst/key_reg3_reg[21]/C
  -------------------------------------------------------------------    -------------------
    SLICE_X58Y290        FDRE (Prop_DFF_SLICEL_C_Q)
                                                      0.079     1.739 r  system_i/aes_ctr_axi_lite_0/inst/key_reg3_reg[21]/Q
                         net (fo=36, routed)          0.325     2.064    system_i/aes_ctr_axi_lite_0/inst/u_aes/key_value[21]
    SLICE_X57Y287        LUT6 (Prop_G6LUT_SLICEM_I5_O)
                                                      0.150     2.214 r  system_i/aes_ctr_axi_lite_0/inst/u_aes/g1_b5__2/O
                         net (fo=1, routed)           0.017     2.231    system_i/aes_ctr_axi_lite_0/inst/u_key_expansion/aes_sbox_inferred__2/g0_b0__3_i_12_1
    SLICE_X57Y287        MUXF7 (Prop_F7MUX_GH_SLICEM_I1_O)
                                                      0.060     2.291 r  system_i/aes_ctr_axi_lite_0/inst/u_key_expansion/aes_sbox_inferred__2/g0_b0__3_i_23/O
                         net (fo=1, routed)           0.000     2.291    system_i/aes_ctr_axi_lite_0/inst/u_key_expansion/aes_sbox_inferred__2/g0_b0__3_i_23_n_0
    SLICE_X57Y287        MUXF8 (Prop_F8MUX_TOP_SLICEM_I0_O)
                                                      0.028     2.319 r  system_i/aes_ctr_axi_lite_0/inst/u_key_expansion/aes_sbox_inferred__2/g0_b0__3_i_12/O
                         net (fo=20, routed)          0.201     2.520    system_i/aes_ctr_axi_lite_0/inst/u_aes/SubWord_return[29]
    SLICE_X57Y288        LUT5 (Prop_G6LUT_SLICEM_I2_O)
                                                      0.123     2.643 r  system_i/aes_ctr_axi_lite_0/inst/u_aes/g0_b0__3_i_6/O
                         net (fo=33, routed)          0.314     2.957    system_i/aes_ctr_axi_lite_0/inst/u_aes/g0_b0__3_i_6_n_0
    SLICE_X56Y292        LUT6 (Prop_B6LUT_SLICEM_I5_O)
                                                      0.149     3.106 r  system_i/aes_ctr_axi_lite_0/inst/u_aes/g2_b0__3/O
                         net (fo=1, routed)           0.017     3.123    system_i/aes_ctr_axi_lite_0/inst/u_key_expansion/aes_sbox_inferred__3/g0_b0__8_i_7_0
    SLICE_X56Y292        MUXF7 (Prop_F7MUX_AB_SLICEM_I0_O)
                                                      0.060     3.183 r  system_i/aes_ctr_axi_lite_0/inst/u_key_expansion/aes_sbox_inferred__3/g0_b0__8_i_14/O
                         net (fo=1, routed)           0.000     3.183    system_i/aes_ctr_axi_lite_0/inst/u_key_expansion/aes_sbox_inferred__3/g0_b0__8_i_14_n_0
    SLICE_X56Y292        MUXF8 (Prop_F8MUX_BOT_SLICEM_I1_O)
                                                      0.028     3.211 r  system_i/aes_ctr_axi_lite_0/inst/u_key_expansion/aes_sbox_inferred__3/g0_b0__8_i_7/O
                         net (fo=18, routed)          0.178     3.389    system_i/aes_ctr_axi_lite_0/inst/u_aes/state2_reg[64]_0
    SLICE_X55Y293        LUT3 (Prop_F6LUT_SLICEL_I0_O)
                                                      0.148     3.537 r  system_i/aes_ctr_axi_lite_0/inst/u_aes/g0_b0__8_i_1/O
                         net (fo=34, routed)          0.464     4.001    system_i/aes_ctr_axi_lite_0/inst/u_aes/u_key_expansion/(null)[4].word46_out[0]
    SLICE_X50Y296        LUT6 (Prop_D6LUT_SLICEM_I0_O)
                                                      0.088     4.089 r  system_i/aes_ctr_axi_lite_0/inst/u_aes/g0_b2__8/O
                         net (fo=1, routed)           0.025     4.114    system_i/aes_ctr_axi_lite_0/inst/u_key_expansion/aes_sbox_inferred__8/g0_b0__13_i_14_0
    SLICE_X50Y296        MUXF7 (Prop_F7MUX_CD_SLICEM_I0_O)
                                                      0.062     4.176 r  system_i/aes_ctr_axi_lite_0/inst/u_key_expansion/aes_sbox_inferred__8/g0_b0__13_i_18/O
                         net (fo=1, routed)           0.000     4.176    system_i/aes_ctr_axi_lite_0/inst/u_key_expansion/aes_sbox_inferred__8/g0_b0__13_i_18_n_0
    SLICE_X50Y296        MUXF8 (Prop_F8MUX_BOT_SLICEM_I0_O)
                                                      0.030     4.206 r  system_i/aes_ctr_axi_lite_0/inst/u_key_expansion/aes_sbox_inferred__8/g0_b0__13_i_14/O
                         net (fo=10, routed)          0.216     4.422    system_i/aes_ctr_axi_lite_0/inst/u_aes/ciphertext_reg[106]_1
    SLICE_X48Y296        LUT4 (Prop_H6LUT_SLICEL_I0_O)
                                                      0.051     4.473 r  system_i/aes_ctr_axi_lite_0/inst/u_aes/g0_b0__13_i_9/O
                         net (fo=3, routed)           0.048     4.522    system_i/aes_ctr_axi_lite_0/inst/u_aes/u_key_expansion/w[14]_23[10]
    SLICE_X48Y296        LUT2 (Prop_E5LUT_SLICEL_I0_O)
                                                      0.101     4.623 r  system_i/aes_ctr_axi_lite_0/inst/u_aes/g0_b0__13_i_3/O
                         net (fo=34, routed)          0.401     5.023    system_i/aes_ctr_axi_lite_0/inst/u_aes/u_key_expansion/(null)[4].word40_out[10]
    SLICE_X50Y301        LUT6 (Prop_F6LUT_SLICEM_I2_O)
                                                      0.123     5.146 r  system_i/aes_ctr_axi_lite_0/inst/u_aes/g2_b2__13/O
                         net (fo=1, routed)           0.023     5.169    system_i/aes_ctr_axi_lite_0/inst/u_key_expansion/aes_sbox_inferred__13/ciphertext_reg[50]_i_9_2
    SLICE_X50Y301        MUXF7 (Prop_F7MUX_EF_SLICEM_I0_O)
                                                      0.061     5.230 r  system_i/aes_ctr_axi_lite_0/inst/u_key_expansion/aes_sbox_inferred__13/ciphertext_reg[50]_i_15/O
                         net (fo=1, routed)           0.000     5.230    system_i/aes_ctr_axi_lite_0/inst/u_key_expansion/aes_sbox_inferred__13/ciphertext_reg[50]_i_15_n_0
    SLICE_X50Y301        MUXF8 (Prop_F8MUX_TOP_SLICEM_I1_O)
                                                      0.028     5.258 r  system_i/aes_ctr_axi_lite_0/inst/u_key_expansion/aes_sbox_inferred__13/ciphertext_reg[50]_i_9/O
                         net (fo=5, routed)           0.140     5.399    system_i/aes_ctr_axi_lite_0/inst/u_aes/ciphertext_reg[50]_5
    SLICE_X50Y300        LUT3 (Prop_C6LUT_SLICEM_I0_O)
                                                      0.051     5.450 r  system_i/aes_ctr_axi_lite_0/inst/u_aes/state4[82]_i_4/O
                         net (fo=3, routed)           0.091     5.541    system_i/aes_ctr_axi_lite_0/inst/u_aes/u_key_expansion/w[17]_25[18]
    SLICE_X51Y299        LUT2 (Prop_G6LUT_SLICEL_I0_O)
                                                      0.035     5.576 r  system_i/aes_ctr_axi_lite_0/inst/u_aes/g0_b0__18_i_9/O
                         net (fo=3, routed)           0.043     5.619    system_i/aes_ctr_axi_lite_0/inst/u_aes/u_key_expansion/w[18]_18[18]
    SLICE_X51Y299        LUT2 (Prop_H6LUT_SLICEL_I0_O)
                                                      0.099     5.718 r  system_i/aes_ctr_axi_lite_0/inst/u_aes/g0_b0__18_i_3/O
                         net (fo=34, routed)          0.526     6.243    system_i/aes_ctr_axi_lite_0/inst/u_aes/u_key_expansion/(null)[4].word34_out[18]
    SLICE_X57Y302        LUT6 (Prop_C6LUT_SLICEM_I2_O)
                                                      0.145     6.388 r  system_i/aes_ctr_axi_lite_0/inst/u_aes/g1_b5__18/O
                         net (fo=1, routed)           0.021     6.409    system_i/aes_ctr_axi_lite_0/inst/u_key_expansion/aes_sbox_inferred__18/ciphertext_reg[61]_i_10_1
    SLICE_X57Y302        MUXF7 (Prop_F7MUX_CD_SLICEM_I1_O)
                                                      0.061     6.470 r  system_i/aes_ctr_axi_lite_0/inst/u_key_expansion/aes_sbox_inferred__18/ciphertext_reg[61]_i_16/O
                         net (fo=1, routed)           0.000     6.470    system_i/aes_ctr_axi_lite_0/inst/u_key_expansion/aes_sbox_inferred__18/ciphertext_reg[61]_i_16_n_0
    SLICE_X57Y302        MUXF8 (Prop_F8MUX_BOT_SLICEM_I0_O)
                                                      0.030     6.500 r  system_i/aes_ctr_axi_lite_0/inst/u_key_expansion/aes_sbox_inferred__18/ciphertext_reg[61]_i_10/O
                         net (fo=4, routed)           0.211     6.711    system_i/aes_ctr_axi_lite_0/inst/u_aes/state9_reg[125]_1
    SLICE_X57Y303        LUT6 (Prop_H6LUT_SLICEM_I2_O)
                                                      0.125     6.836 r  system_i/aes_ctr_axi_lite_0/inst/u_aes/state5[125]_i_6/O
                         net (fo=2, routed)           0.048     6.884    system_i/aes_ctr_axi_lite_0/inst/u_aes/u_key_expansion/w[20]_11[29]
    SLICE_X57Y303        LUT2 (Prop_E6LUT_SLICEM_I0_O)
                                                      0.091     6.975 r  system_i/aes_ctr_axi_lite_0/inst/u_aes/state5[93]_i_6/O
                         net (fo=3, routed)           0.051     7.026    system_i/aes_ctr_axi_lite_0/inst/u_aes/u_key_expansion/w[21]_20[29]
    SLICE_X57Y303        LUT2 (Prop_A6LUT_SLICEM_I0_O)
                                                      0.053     7.079 r  system_i/aes_ctr_axi_lite_0/inst/u_aes/g0_b0__19_i_12/O
                         net (fo=3, routed)           0.092     7.171    system_i/aes_ctr_axi_lite_0/inst/u_aes/u_key_expansion/w[22]_2[29]
    SLICE_X57Y304        LUT2 (Prop_D6LUT_SLICEM_I0_O)
                                                      0.037     7.208 r  system_i/aes_ctr_axi_lite_0/inst/u_aes/g0_b0__19_i_6/O
                         net (fo=34, routed)          0.245     7.453    system_i/aes_ctr_axi_lite_0/inst/u_aes/u_key_expansion/(null)[4].word28_out[29]
    SLICE_X55Y305        LUT6 (Prop_A6LUT_SLICEL_I5_O)
                                                      0.149     7.602 r  system_i/aes_ctr_axi_lite_0/inst/u_aes/g3_b5__19/O
                         net (fo=1, routed)           0.009     7.611    system_i/aes_ctr_axi_lite_0/inst/u_key_expansion/aes_sbox_inferred__19/ciphertext_reg[37]_i_11_3
    SLICE_X55Y305        MUXF7 (Prop_F7MUX_AB_SLICEL_I1_O)
                                                      0.057     7.668 r  system_i/aes_ctr_axi_lite_0/inst/u_key_expansion/aes_sbox_inferred__19/ciphertext_reg[37]_i_19/O
                         net (fo=1, routed)           0.000     7.668    system_i/aes_ctr_axi_lite_0/inst/u_key_expansion/aes_sbox_inferred__19/ciphertext_reg[37]_i_19_n_0
    SLICE_X55Y305        MUXF8 (Prop_F8MUX_BOT_SLICEL_I1_O)
                                                      0.026     7.694 r  system_i/aes_ctr_axi_lite_0/inst/u_key_expansion/aes_sbox_inferred__19/ciphertext_reg[37]_i_11/O
                         net (fo=4, routed)           0.342     8.036    system_i/aes_ctr_axi_lite_0/inst/u_aes/state9_reg[101]_0
    SLICE_X51Y306        LUT6 (Prop_H6LUT_SLICEL_I3_O)
                                                      0.090     8.126 r  system_i/aes_ctr_axi_lite_0/inst/u_aes/state6[101]_i_2/O
                         net (fo=2, routed)           0.191     8.317    system_i/aes_ctr_axi_lite_0/inst/u_aes/u_key_expansion/w[24]_15[5]
    SLICE_X50Y307        LUT2 (Prop_D6LUT_SLICEM_I0_O)
                                                      0.037     8.354 r  system_i/aes_ctr_axi_lite_0/inst/u_aes/state6[69]_i_2/O
                         net (fo=3, routed)           0.044     8.398    system_i/aes_ctr_axi_lite_0/inst/u_aes/u_key_expansion/w[25]_3[5]
    SLICE_X50Y307        LUT2 (Prop_A6LUT_SLICEM_I0_O)
                                                      0.053     8.451 r  system_i/aes_ctr_axi_lite_0/inst/u_aes/g0_b0__24_i_12/O
                         net (fo=3, routed)           0.113     8.564    system_i/aes_ctr_axi_lite_0/inst/u_aes/u_key_expansion/w[26]_17[5]
    SLICE_X49Y307        LUT2 (Prop_C6LUT_SLICEM_I0_O)
                                                      0.098     8.662 r  system_i/aes_ctr_axi_lite_0/inst/u_aes/g0_b0__24_i_6/O
                         net (fo=35, routed)          0.348     9.010    system_i/aes_ctr_axi_lite_0/inst/u_aes/u_key_expansion/(null)[4].word22_out[5]
    SLICE_X44Y308        LUT6 (Prop_B6LUT_SLICEL_I5_O)
                                                      0.148     9.158 r  system_i/aes_ctr_axi_lite_0/inst/u_aes/g2_b2__24/O
                         net (fo=1, routed)           0.009     9.167    system_i/aes_ctr_axi_lite_0/inst/u_key_expansion/aes_sbox_inferred__24/g0_b0__37_i_32_2
    SLICE_X44Y308        MUXF7 (Prop_F7MUX_AB_SLICEL_I0_O)
                                                      0.056     9.223 r  system_i/aes_ctr_axi_lite_0/inst/u_key_expansion/aes_sbox_inferred__24/g0_b0__37_i_54/O
                         net (fo=1, routed)           0.000     9.223    system_i/aes_ctr_axi_lite_0/inst/u_key_expansion/aes_sbox_inferred__24/g0_b0__37_i_54_n_0
    SLICE_X44Y308        MUXF8 (Prop_F8MUX_BOT_SLICEL_I1_O)
                                                      0.026     9.249 r  system_i/aes_ctr_axi_lite_0/inst/u_key_expansion/aes_sbox_inferred__24/g0_b0__37_i_32/O
                         net (fo=4, routed)           0.162     9.411    system_i/aes_ctr_axi_lite_0/inst/u_aes/ciphertext_reg[42]_4
    SLICE_X44Y310        LUT6 (Prop_H6LUT_SLICEL_I3_O)
                                                      0.150     9.561 r  system_i/aes_ctr_axi_lite_0/inst/u_aes/state7[106]_i_3/O
                         net (fo=2, routed)           0.120     9.681    system_i/aes_ctr_axi_lite_0/inst/u_aes/u_key_expansion/w[28]_10[10]
    SLICE_X42Y311        LUT2 (Prop_G6LUT_SLICEM_I0_O)
                                                      0.150     9.831 r  system_i/aes_ctr_axi_lite_0/inst/u_aes/state7[74]_i_3/O
                         net (fo=3, routed)           0.053     9.884    system_i/aes_ctr_axi_lite_0/inst/u_aes/u_key_expansion/w[29]_19[10]
    SLICE_X42Y311        LUT2 (Prop_F6LUT_SLICEM_I0_O)
                                                      0.098     9.982 r  system_i/aes_ctr_axi_lite_0/inst/u_aes/g0_b0__29_i_9/O
                         net (fo=5, routed)           0.192    10.174    system_i/aes_ctr_axi_lite_0/inst/u_aes/u_key_expansion/w[30]_0[10]
    SLICE_X43Y314        LUT2 (Prop_F6LUT_SLICEL_I0_O)
                                                      0.049    10.223 r  system_i/aes_ctr_axi_lite_0/inst/u_aes/g0_b0__29_i_3/O
                         net (fo=35, routed)          0.191    10.414    system_i/aes_ctr_axi_lite_0/inst/u_aes/u_key_expansion/(null)[4].word16_out[10]
    SLICE_X46Y314        LUT6 (Prop_F6LUT_SLICEM_I2_O)
                                                      0.088    10.502 r  system_i/aes_ctr_axi_lite_0/inst/u_aes/g1_b0__29/O
                         net (fo=1, routed)           0.143    10.645    system_i/aes_ctr_axi_lite_0/inst/u_key_expansion/state8[112]_i_3_1
    SLICE_X46Y315        LUT6 (Prop_H6LUT_SLICEM_I3_O)
                                                      0.125    10.770 r  system_i/aes_ctr_axi_lite_0/inst/u_key_expansion/aes_sbox_inferred__29/g0_b0__38_i_23/O
                         net (fo=4, routed)           0.297    11.067    system_i/aes_ctr_axi_lite_0/inst/u_aes/ciphertext_reg[48]_1
    SLICE_X51Y317        LUT6 (Prop_E6LUT_SLICEL_I3_O)
                                                      0.051    11.118 r  system_i/aes_ctr_axi_lite_0/inst/u_aes/state8[112]_i_3/O
                         net (fo=2, routed)           0.312    11.430    system_i/aes_ctr_axi_lite_0/inst/u_aes/u_key_expansion/w[32]_16[16]
    SLICE_X52Y318        LUT3 (Prop_E6LUT_SLICEL_I2_O)
                                                      0.051    11.481 r  system_i/aes_ctr_axi_lite_0/inst/u_aes/g0_b0__38_i_8/O
                         net (fo=4, routed)           0.099    11.580    system_i/aes_ctr_axi_lite_0/inst/u_aes/u_key_expansion/w[33]_1[16]
    SLICE_X53Y318        LUT2 (Prop_E6LUT_SLICEM_I0_O)
                                                      0.037    11.617 r  system_i/aes_ctr_axi_lite_0/inst/u_aes/g0_b0__34_i_7/O
                         net (fo=4, routed)           0.202    11.819    system_i/aes_ctr_axi_lite_0/inst/u_aes/u_key_expansion/w[34]_4[16]
    SLICE_X55Y317        LUT2 (Prop_F6LUT_SLICEL_I0_O)
                                                      0.035    11.854 r  system_i/aes_ctr_axi_lite_0/inst/u_aes/g0_b0__34_i_1/O
                         net (fo=33, routed)          0.460    12.314    system_i/aes_ctr_axi_lite_0/inst/u_aes/u_key_expansion/(null)[4].word10_out[16]
    SLICE_X61Y316        LUT6 (Prop_G6LUT_SLICEM_I0_O)
                                                      0.123    12.437 r  system_i/aes_ctr_axi_lite_0/inst/u_aes/g2_b3__34/O
                         net (fo=1, routed)           0.170    12.607    system_i/aes_ctr_axi_lite_0/inst/u_key_expansion/state9[123]_i_4_0
    SLICE_X61Y310        LUT6 (Prop_A6LUT_SLICEM_I1_O)
                                                      0.125    12.732 r  system_i/aes_ctr_axi_lite_0/inst/u_key_expansion/aes_sbox_inferred__34/g0_b0__35_i_36/O
                         net (fo=3, routed)           0.053    12.785    system_i/aes_ctr_axi_lite_0/inst/u_aes/ciphertext_reg[59]_1
    SLICE_X61Y310        LUT6 (Prop_C6LUT_SLICEM_I2_O)
                                                      0.037    12.822 r  system_i/aes_ctr_axi_lite_0/inst/u_aes/g0_b0__35_i_13/O
                         net (fo=3, routed)           0.143    12.965    system_i/aes_ctr_axi_lite_0/inst/u_aes/g0_b0__35_i_13_n_0
    SLICE_X60Y312        LUT6 (Prop_C6LUT_SLICEL_I0_O)
                                                      0.088    13.053 r  system_i/aes_ctr_axi_lite_0/inst/u_aes/g0_b0__35_i_4/O
                         net (fo=33, routed)          0.302    13.355    system_i/aes_ctr_axi_lite_0/inst/u_aes/u_key_expansion/p_54_in[27]
    SLICE_X58Y308        LUT6 (Prop_H6LUT_SLICEL_I3_O)
                                                      0.150    13.505 r  system_i/aes_ctr_axi_lite_0/inst/u_aes/g2_b2__35/O
                         net (fo=1, routed)           0.010    13.515    system_i/aes_ctr_axi_lite_0/inst/u_key_expansion/ciphertext[34]_i_3_1
    SLICE_X58Y308        MUXF7 (Prop_F7MUX_GH_SLICEL_I0_O)
                                                      0.064    13.579 r  system_i/aes_ctr_axi_lite_0/inst/u_key_expansion/aes_sbox_inferred__35/ciphertext_reg[34]_i_7/O
                         net (fo=1, routed)           0.173    13.752    system_i/aes_ctr_axi_lite_0/inst/u_aes/ciphertext_reg[34]_1
    SLICE_X59Y307        LUT6 (Prop_F6LUT_SLICEL_I3_O)
                                                      0.089    13.841 r  system_i/aes_ctr_axi_lite_0/inst/u_aes/ciphertext[34]_i_3/O
                         net (fo=4, routed)           0.160    14.001    system_i/aes_ctr_axi_lite_0/inst/u_aes/ciphertext[34]_i_3_n_0
    SLICE_X56Y307        LUT6 (Prop_G6LUT_SLICEM_I2_O)
                                                      0.090    14.091 r  system_i/aes_ctr_axi_lite_0/inst/u_aes/ciphertext[66]_i_2/O
                         net (fo=1, routed)           0.104    14.195    system_i/aes_ctr_axi_lite_0/inst/u_aes/round_keys[66]
    SLICE_X54Y307        LUT2 (Prop_H5LUT_SLICEM_I0_O)
                                                      0.066    14.261 r  system_i/aes_ctr_axi_lite_0/inst/u_aes/ciphertext[66]_i_1/O
                         net (fo=1, routed)           0.018    14.279    system_i/aes_ctr_axi_lite_0/inst/u_aes/rk10[66]
    SLICE_X54Y307        FDCE                                         r  system_i/aes_ctr_axi_lite_0/inst/u_aes/ciphertext_reg[66]/D
  -------------------------------------------------------------------    -------------------

                         (clock clk_pl_0 rise edge)
                                                     13.333    13.333 r  <hidden>
    PS8_X0Y0             PS8                          0.000    13.333 r  system_i/zynq_ultra_ps_e_0/inst/PS8_i/PLCLK[0]
                         net (fo=1, routed)           0.143    13.476    system_i/zynq_ultra_ps_e_0/inst/pl_clk_unbuffered[0]
    BUFG_PS_X0Y80        BUFG_PS (Prop_BUFG_PS_I_O)
                                                      0.025    13.501 r  system_i/zynq_ultra_ps_e_0/inst/buffer_pl_clk_0.PL_CLK_0_BUFG/O
    X1Y3 (CLOCK_ROOT)    net (fo=2867, routed)        1.272    14.773    system_i/aes_ctr_axi_lite_0/inst/u_aes/s_axi_aclk
    SLICE_X54Y307        FDCE                                         r  system_i/aes_ctr_axi_lite_0/inst/u_aes/ciphertext_reg[66]/C
                         clock pessimism              0.069    14.842    <hidden>
                         clock uncertainty           -0.141    14.701    <hidden>
    SLICE_X54Y307        FDCE (Setup_HFF2_SLICEM_C_D)
                                                      0.025    14.726    system_i/aes_ctr_axi_lite_0/inst/u_aes/ciphertext_reg[66]
  -------------------------------------------------------------------
                         required time                         14.726    <hidden>
                         arrival time                         -14.279    <hidden>
  -------------------------------------------------------------------
                         slack                                  0.447    <hidden>

Slack (MET) :             0.451ns  (required time - arrival time)
  Source:                 system_i/aes_ctr_axi_lite_0/inst/key_reg3_reg[13]/C
                            (rising edge-triggered cell FDRE clocked by clk_pl_0  {rise@0.000ns fall@6.667ns period=13.333ns})
  Destination:            system_i/aes_ctr_axi_lite_0/inst/u_aes/ciphertext_reg[124]/D
                            (rising edge-triggered cell FDCE clocked by clk_pl_0  {rise@0.000ns fall@6.667ns period=13.333ns})
  Path Group:             clk_pl_0
  Path Type:              Setup (Max at Slow Process Corner)
  Requirement:            13.333ns  (clk_pl_0 rise@13.333ns - clk_pl_0 rise@0.000ns)
  Data Path Delay:        12.647ns  (logic 4.314ns (34.111%)  route 8.333ns (65.889%))
  Logic Levels:           52  (LUT2=14 LUT3=3 LUT4=1 LUT5=1 LUT6=20 MUXF7=7 MUXF8=6)
  Clock Path Skew:        -0.119ns (DCD - SCD + CPR)
    Destination Clock Delay (DCD):    1.467ns = ( 14.800 - 13.333 ) 
    Source Clock Delay      (SCD):    1.655ns
    Clock Pessimism Removal (CPR):    0.069ns
  Clock Uncertainty:      0.141ns  ((TSJ^2 + DJ^2)^1/2) / 2 + PE
    Total System Jitter     (TSJ):    0.071ns
    Discrete Jitter          (DJ):    0.273ns
    Phase Error              (PE):    0.000ns
  Clock Net Delay (Source):      1.447ns (routing 0.193ns, distribution 1.254ns)
  Clock Net Delay (Destination): 1.299ns (routing 0.172ns, distribution 1.127ns)

    Location             Delay type                Incr(ns)  Path(ns)    Netlist Resource(s)
  -------------------------------------------------------------------    -------------------
                         (clock clk_pl_0 rise edge)
                                                      0.000     0.000 r  <hidden>
    PS8_X0Y0             PS8                          0.000     0.000 r  system_i/zynq_ultra_ps_e_0/inst/PS8_i/PLCLK[0]
                         net (fo=1, routed)           0.180     0.180    system_i/zynq_ultra_ps_e_0/inst/pl_clk_unbuffered[0]
    BUFG_PS_X0Y80        BUFG_PS (Prop_BUFG_PS_I_O)
                                                      0.028     0.208 r  system_i/zynq_ultra_ps_e_0/inst/buffer_pl_clk_0.PL_CLK_0_BUFG/O
    X1Y3 (CLOCK_ROOT)    net (fo=2867, routed)        1.447     1.655    system_i/aes_ctr_axi_lite_0/inst/s_axi_aclk
    SLICE_X55Y288        FDRE                                         r  system_i/aes_ctr_axi_lite_0/inst/key_reg3_reg[13]/C
  -------------------------------------------------------------------    -------------------
    SLICE_X55Y288        FDRE (Prop_HFF_SLICEL_C_Q)
                                                      0.079     1.734 r  system_i/aes_ctr_axi_lite_0/inst/key_reg3_reg[13]/Q
                         net (fo=36, routed)          0.259     1.993    system_i/aes_ctr_axi_lite_0/inst/u_aes/key_value[13]
    SLICE_X55Y290        LUT6 (Prop_D6LUT_SLICEL_I5_O)
                                                      0.146     2.139 r  system_i/aes_ctr_axi_lite_0/inst/u_aes/g2_b6__1/O
                         net (fo=5, routed)           0.162     2.301    system_i/aes_ctr_axi_lite_0/inst/u_key_expansion/state1[86]_i_2_0
    SLICE_X57Y290        LUT6 (Prop_E6LUT_SLICEM_I1_O)
                                                      0.100     2.401 r  system_i/aes_ctr_axi_lite_0/inst/u_key_expansion/aes_sbox_inferred__1/ciphertext[86]_i_5/O
                         net (fo=10, routed)          0.095     2.496    system_i/aes_ctr_axi_lite_0/inst/u_aes/SubWord_return[22]
    SLICE_X57Y291        LUT5 (Prop_D6LUT_SLICEM_I2_O)
                                                      0.088     2.584 r  system_i/aes_ctr_axi_lite_0/inst/u_aes/state1[22]_i_2/O
                         net (fo=24, routed)          0.374     2.958    system_i/aes_ctr_axi_lite_0/inst/u_key_expansion/state9_reg[57][0]
    SLICE_X57Y290        MUXF7 (Prop_F7MUX_CD_SLICEM_S_O)
                                                      0.070     3.028 r  system_i/aes_ctr_axi_lite_0/inst/u_key_expansion/aes_sbox_inferred__6/g0_b0__7_i_23/O
                         net (fo=1, routed)           0.000     3.028    system_i/aes_ctr_axi_lite_0/inst/u_key_expansion/aes_sbox_inferred__6/g0_b0__7_i_23_n_0
    SLICE_X57Y290        MUXF8 (Prop_F8MUX_BOT_SLICEM_I0_O)
                                                      0.030     3.058 r  system_i/aes_ctr_axi_lite_0/inst/u_key_expansion/aes_sbox_inferred__6/g0_b0__7_i_12/O
                         net (fo=18, routed)          0.202     3.260    system_i/aes_ctr_axi_lite_0/inst/u_aes/ciphertext_reg[125]_0
    SLICE_X57Y293        LUT3 (Prop_F6LUT_SLICEM_I0_O)
                                                      0.051     3.311 r  system_i/aes_ctr_axi_lite_0/inst/u_aes/g0_b0__7_i_6/O
                         net (fo=34, routed)          0.307     3.619    system_i/aes_ctr_axi_lite_0/inst/u_aes/u_key_expansion/(null)[4].word46_out[29]
    SLICE_X54Y292        LUT6 (Prop_D6LUT_SLICEM_I5_O)
                                                      0.145     3.764 r  system_i/aes_ctr_axi_lite_0/inst/u_aes/g0_b0__7/O
                         net (fo=1, routed)           0.025     3.789    system_i/aes_ctr_axi_lite_0/inst/u_key_expansion/aes_sbox_inferred__7/g0_b0__12_i_13_2
    SLICE_X54Y292        MUXF7 (Prop_F7MUX_CD_SLICEM_I0_O)
                                                      0.062     3.851 r  system_i/aes_ctr_axi_lite_0/inst/u_key_expansion/aes_sbox_inferred__7/g0_b0__12_i_16/O
                         net (fo=1, routed)           0.000     3.851    system_i/aes_ctr_axi_lite_0/inst/u_key_expansion/aes_sbox_inferred__7/g0_b0__12_i_16_n_0
    SLICE_X54Y292        MUXF8 (Prop_F8MUX_BOT_SLICEM_I0_O)
                                                      0.030     3.881 r  system_i/aes_ctr_axi_lite_0/inst/u_key_expansion/aes_sbox_inferred__7/g0_b0__12_i_13/O
                         net (fo=10, routed)          0.252     4.133    system_i/aes_ctr_axi_lite_0/inst/u_aes/state5_reg[64]_0
    SLICE_X55Y297        LUT4 (Prop_C6LUT_SLICEL_I0_O)
                                                      0.096     4.229 r  system_i/aes_ctr_axi_lite_0/inst/u_aes/g0_b0__12_i_7/O
                         net (fo=5, routed)           0.091     4.320    system_i/aes_ctr_axi_lite_0/inst/u_aes/u_key_expansion/w[14]_23[0]
    SLICE_X54Y297        LUT2 (Prop_C6LUT_SLICEM_I0_O)
                                                      0.088     4.408 r  system_i/aes_ctr_axi_lite_0/inst/u_aes/g0_b0__12_i_1/O
                         net (fo=34, routed)          0.427     4.835    system_i/aes_ctr_axi_lite_0/inst/u_aes/u_key_expansion/(null)[4].word40_out[0]
    SLICE_X49Y299        LUT6 (Prop_C6LUT_SLICEM_I0_O)
                                                      0.145     4.980 r  system_i/aes_ctr_axi_lite_0/inst/u_aes/g1_b3__12/O
                         net (fo=1, routed)           0.021     5.001    system_i/aes_ctr_axi_lite_0/inst/u_key_expansion/aes_sbox_inferred__12/state4_reg[107]_i_2_1
    SLICE_X49Y299        MUXF7 (Prop_F7MUX_CD_SLICEM_I1_O)
                                                      0.061     5.062 r  system_i/aes_ctr_axi_lite_0/inst/u_key_expansion/aes_sbox_inferred__12/state4_reg[107]_i_5/O
                         net (fo=1, routed)           0.000     5.062    system_i/aes_ctr_axi_lite_0/inst/u_key_expansion/aes_sbox_inferred__12/state4_reg[107]_i_5_n_0
    SLICE_X49Y299        MUXF8 (Prop_F8MUX_BOT_SLICEM_I0_O)
                                                      0.030     5.092 r  system_i/aes_ctr_axi_lite_0/inst/u_key_expansion/aes_sbox_inferred__12/state4_reg[107]_i_2/O
                         net (fo=5, routed)           0.265     5.357    system_i/aes_ctr_axi_lite_0/inst/u_aes/state4_reg[107]_0
    SLICE_X44Y299        LUT3 (Prop_E5LUT_SLICEL_I0_O)
                                                      0.070     5.427 r  system_i/aes_ctr_axi_lite_0/inst/u_aes/g0_b0__17_i_10/O
                         net (fo=9, routed)           0.171     5.599    system_i/aes_ctr_axi_lite_0/inst/u_aes/u_key_expansion/w[17]_25[11]
    SLICE_X44Y302        LUT3 (Prop_E6LUT_SLICEL_I0_O)
                                                      0.090     5.689 r  system_i/aes_ctr_axi_lite_0/inst/u_aes/g0_b0__17_i_4/O
                         net (fo=34, routed)          0.236     5.924    system_i/aes_ctr_axi_lite_0/inst/u_aes/u_key_expansion/(null)[4].word34_out[11]
    SLICE_X48Y302        LUT6 (Prop_A6LUT_SLICEL_I3_O)
                                                      0.124     6.048 r  system_i/aes_ctr_axi_lite_0/inst/u_aes/g3_b5__17/O
                         net (fo=1, routed)           0.009     6.057    system_i/aes_ctr_axi_lite_0/inst/u_key_expansion/aes_sbox_inferred__17/ciphertext_reg[53]_i_10_3
    SLICE_X48Y302        MUXF7 (Prop_F7MUX_AB_SLICEL_I1_O)
                                                      0.057     6.114 r  system_i/aes_ctr_axi_lite_0/inst/u_key_expansion/aes_sbox_inferred__17/ciphertext_reg[53]_i_17/O
                         net (fo=1, routed)           0.000     6.114    system_i/aes_ctr_axi_lite_0/inst/u_key_expansion/aes_sbox_inferred__17/ciphertext_reg[53]_i_17_n_0
    SLICE_X48Y302        MUXF8 (Prop_F8MUX_BOT_SLICEL_I1_O)
                                                      0.026     6.140 r  system_i/aes_ctr_axi_lite_0/inst/u_key_expansion/aes_sbox_inferred__17/ciphertext_reg[53]_i_10/O
                         net (fo=4, routed)           0.217     6.357    system_i/aes_ctr_axi_lite_0/inst/u_aes/state9_reg[117]_1
    SLICE_X50Y302        LUT6 (Prop_H6LUT_SLICEM_I2_O)
                                                      0.125     6.482 r  system_i/aes_ctr_axi_lite_0/inst/u_aes/state5[117]_i_3/O
                         net (fo=2, routed)           0.107     6.589    system_i/aes_ctr_axi_lite_0/inst/u_aes/u_key_expansion/w[20]_11[21]
    SLICE_X50Y303        LUT2 (Prop_E5LUT_SLICEM_I0_O)
                                                      0.164     6.753 r  system_i/aes_ctr_axi_lite_0/inst/u_aes/state5[85]_i_3/O
                         net (fo=3, routed)           0.121     6.874    system_i/aes_ctr_axi_lite_0/inst/u_aes/u_key_expansion/w[21]_20[21]
    SLICE_X51Y303        LUT2 (Prop_H6LUT_SLICEL_I0_O)
                                                      0.051     6.925 r  system_i/aes_ctr_axi_lite_0/inst/u_aes/g0_b0__22_i_12/O
                         net (fo=3, routed)           0.043     6.968    system_i/aes_ctr_axi_lite_0/inst/u_aes/u_key_expansion/w[22]_2[21]
    SLICE_X51Y303        LUT2 (Prop_G6LUT_SLICEL_I0_O)
                                                      0.035     7.003 r  system_i/aes_ctr_axi_lite_0/inst/u_aes/g0_b0__22_i_6/O
                         net (fo=34, routed)          0.363     7.365    system_i/aes_ctr_axi_lite_0/inst/u_aes/u_key_expansion/(null)[4].word28_out[21]
    SLICE_X56Y305        LUT6 (Prop_D6LUT_SLICEM_I5_O)
                                                      0.088     7.453 r  system_i/aes_ctr_axi_lite_0/inst/u_aes/g0_b5__22/O
                         net (fo=1, routed)           0.025     7.478    system_i/aes_ctr_axi_lite_0/inst/u_key_expansion/aes_sbox_inferred__22/ciphertext_reg[61]_i_11_0
    SLICE_X56Y305        MUXF7 (Prop_F7MUX_CD_SLICEM_I0_O)
                                                      0.062     7.540 r  system_i/aes_ctr_axi_lite_0/inst/u_key_expansion/aes_sbox_inferred__22/ciphertext_reg[61]_i_18/O
                         net (fo=1, routed)           0.000     7.540    system_i/aes_ctr_axi_lite_0/inst/u_key_expansion/aes_sbox_inferred__22/ciphertext_reg[61]_i_18_n_0
    SLICE_X56Y305        MUXF8 (Prop_F8MUX_BOT_SLICEM_I0_O)
                                                      0.030     7.570 r  system_i/aes_ctr_axi_lite_0/inst/u_key_expansion/aes_sbox_inferred__22/ciphertext_reg[61]_i_11/O
                         net (fo=4, routed)           0.204     7.775    system_i/aes_ctr_axi_lite_0/inst/u_aes/state9_reg[125]_0
    SLICE_X57Y305        LUT6 (Prop_H6LUT_SLICEM_I0_O)
                                                      0.039     7.814 r  system_i/aes_ctr_axi_lite_0/inst/u_aes/state6[125]_i_6/O
                         net (fo=2, routed)           0.092     7.906    system_i/aes_ctr_axi_lite_0/inst/u_aes/state6[125]_i_6_n_0
    SLICE_X57Y306        LUT2 (Prop_E6LUT_SLICEM_I0_O)
                                                      0.091     7.997 r  system_i/aes_ctr_axi_lite_0/inst/u_aes/state6[93]_i_6/O
                         net (fo=3, routed)           0.062     8.059    system_i/aes_ctr_axi_lite_0/inst/u_aes/u_key_expansion/w[25]_3[29]
    SLICE_X57Y306        LUT2 (Prop_E5LUT_SLICEM_I0_O)
                                                      0.164     8.223 r  system_i/aes_ctr_axi_lite_0/inst/u_aes/g0_b0__23_i_12/O
                         net (fo=3, routed)           0.126     8.349    system_i/aes_ctr_axi_lite_0/inst/u_aes/u_key_expansion/w[26]_17[29]
    SLICE_X58Y306        LUT2 (Prop_G6LUT_SLICEL_I0_O)
                                                      0.035     8.384 r  system_i/aes_ctr_axi_lite_0/inst/u_aes/g0_b0__23_i_6/O
                         net (fo=35, routed)          0.209     8.593    system_i/aes_ctr_axi_lite_0/inst/u_aes/u_key_expansion/(null)[4].word22_out[29]
    SLICE_X56Y306        LUT6 (Prop_A6LUT_SLICEM_I5_O)
                                                      0.150     8.743 r  system_i/aes_ctr_axi_lite_0/inst/u_aes/g3_b5__23/O
                         net (fo=1, routed)           0.011     8.754    system_i/aes_ctr_axi_lite_0/inst/u_key_expansion/aes_sbox_inferred__23/g0_b0__36_i_47_3
    SLICE_X56Y306        MUXF7 (Prop_F7MUX_AB_SLICEM_I1_O)
                                                      0.058     8.812 r  system_i/aes_ctr_axi_lite_0/inst/u_key_expansion/aes_sbox_inferred__23/g0_b0__36_i_60/O
                         net (fo=1, routed)           0.000     8.812    system_i/aes_ctr_axi_lite_0/inst/u_key_expansion/aes_sbox_inferred__23/g0_b0__36_i_60_n_0
    SLICE_X56Y306        MUXF8 (Prop_F8MUX_BOT_SLICEM_I1_O)
                                                      0.028     8.840 r  system_i/aes_ctr_axi_lite_0/inst/u_key_expansion/aes_sbox_inferred__23/g0_b0__36_i_47/O
                         net (fo=4, routed)           0.264     9.104    system_i/aes_ctr_axi_lite_0/inst/u_aes/state7_reg[101]_0
    SLICE_X52Y307        LUT6 (Prop_B6LUT_SLICEL_I3_O)
                                                      0.036     9.140 r  system_i/aes_ctr_axi_lite_0/inst/u_aes/state7[101]_i_2/O
                         net (fo=2, routed)           0.186     9.326    system_i/aes_ctr_axi_lite_0/inst/u_aes/u_key_expansion/w[28]_10[5]
    SLICE_X51Y307        LUT2 (Prop_E6LUT_SLICEL_I0_O)
                                                      0.051     9.377 r  system_i/aes_ctr_axi_lite_0/inst/u_aes/state7[69]_i_2/O
                         net (fo=3, routed)           0.161     9.538    system_i/aes_ctr_axi_lite_0/inst/u_aes/u_key_expansion/w[29]_19[5]
    SLICE_X50Y307        LUT2 (Prop_B5LUT_SLICEM_I0_O)
                                                      0.167     9.705 r  system_i/aes_ctr_axi_lite_0/inst/u_aes/g0_b0__28_i_12/O
                         net (fo=5, routed)           0.212     9.917    system_i/aes_ctr_axi_lite_0/inst/u_aes/u_key_expansion/w[30]_0[5]
    SLICE_X50Y307        LUT2 (Prop_F6LUT_SLICEM_I0_O)
                                                      0.098    10.015 r  system_i/aes_ctr_axi_lite_0/inst/u_aes/g0_b0__28_i_6/O
                         net (fo=35, routed)          0.257    10.272    system_i/aes_ctr_axi_lite_0/inst/u_aes/u_key_expansion/(null)[4].word16_out[5]
    SLICE_X49Y306        LUT6 (Prop_E6LUT_SLICEM_I5_O)
                                                      0.124    10.396 r  system_i/aes_ctr_axi_lite_0/inst/u_aes/g3_b5__28/O
                         net (fo=1, routed)           0.106    10.502    system_i/aes_ctr_axi_lite_0/inst/u_key_expansion/state8[109]_i_3
    SLICE_X47Y306        LUT6 (Prop_E6LUT_SLICEM_I0_O)
                                                      0.124    10.626 r  system_i/aes_ctr_axi_lite_0/inst/u_key_expansion/aes_sbox_inferred__28/g0_b0__37_i_48/O
                         net (fo=4, routed)           0.227    10.854    system_i/aes_ctr_axi_lite_0/inst/u_aes/ciphertext_reg[45]_1
    SLICE_X45Y310        LUT6 (Prop_A6LUT_SLICEL_I3_O)
                                                      0.035    10.889 r  system_i/aes_ctr_axi_lite_0/inst/u_aes/state8[109]_i_3/O
                         net (fo=2, routed)           0.136    11.025    system_i/aes_ctr_axi_lite_0/inst/u_aes/u_key_expansion/w[32]_16[13]
    SLICE_X45Y313        LUT2 (Prop_F6LUT_SLICEL_I0_O)
                                                      0.049    11.074 r  system_i/aes_ctr_axi_lite_0/inst/u_aes/g0_b0__37_i_18/O
                         net (fo=4, routed)           0.170    11.244    system_i/aes_ctr_axi_lite_0/inst/u_aes/u_key_expansion/w[33]_1[13]
    SLICE_X46Y313        LUT2 (Prop_A6LUT_SLICEM_I0_O)
                                                      0.038    11.282 r  system_i/aes_ctr_axi_lite_0/inst/u_aes/g0_b0__33_i_12/O
                         net (fo=4, routed)           0.175    11.457    system_i/aes_ctr_axi_lite_0/inst/u_aes/u_key_expansion/w[34]_4[13]
    SLICE_X46Y315        LUT2 (Prop_F6LUT_SLICEM_I0_O)
                                                      0.098    11.555 r  system_i/aes_ctr_axi_lite_0/inst/u_aes/g0_b0__33_i_6/O
                         net (fo=33, routed)          0.316    11.870    system_i/aes_ctr_axi_lite_0/inst/u_aes/u_key_expansion/(null)[4].word10_out[13]
    SLICE_X49Y315        LUT6 (Prop_B6LUT_SLICEM_I5_O)
                                                      0.149    12.019 r  system_i/aes_ctr_axi_lite_0/inst/u_aes/g3_b3__33/O
                         net (fo=1, routed)           0.101    12.120    system_i/aes_ctr_axi_lite_0/inst/u_key_expansion/state9[115]_i_4
    SLICE_X49Y315        LUT6 (Prop_E6LUT_SLICEM_I0_O)
                                                      0.100    12.220 r  system_i/aes_ctr_axi_lite_0/inst/u_key_expansion/aes_sbox_inferred__33/g0_b0__38_i_36/O
                         net (fo=3, routed)           0.200    12.421    system_i/aes_ctr_axi_lite_0/inst/u_aes/ciphertext_reg[51]_0
    SLICE_X51Y316        LUT6 (Prop_D6LUT_SLICEL_I2_O)
                                                      0.050    12.471 r  system_i/aes_ctr_axi_lite_0/inst/u_aes/g0_b0__38_i_13/O
                         net (fo=3, routed)           0.214    12.685    system_i/aes_ctr_axi_lite_0/inst/u_aes/g0_b0__38_i_13_n_0
    SLICE_X53Y316        LUT6 (Prop_F6LUT_SLICEM_I0_O)
                                                      0.037    12.722 r  system_i/aes_ctr_axi_lite_0/inst/u_aes/g0_b0__38_i_4/O
                         net (fo=33, routed)          0.337    13.059    system_i/aes_ctr_axi_lite_0/inst/u_aes/u_key_expansion/p_54_in[19]
    SLICE_X56Y316        LUT6 (Prop_A6LUT_SLICEM_I3_O)
                                                      0.150    13.209 r  system_i/aes_ctr_axi_lite_0/inst/u_aes/g3_b4__38/O
                         net (fo=1, routed)           0.011    13.220    system_i/aes_ctr_axi_lite_0/inst/u_key_expansion/ciphertext[60]_i_3_2
    SLICE_X56Y316        MUXF7 (Prop_F7MUX_AB_SLICEM_I1_O)
                                                      0.065    13.285 r  system_i/aes_ctr_axi_lite_0/inst/u_key_expansion/aes_sbox_inferred__38/ciphertext_reg[60]_i_7/O
                         net (fo=1, routed)           0.284    13.569    system_i/aes_ctr_axi_lite_0/inst/u_aes/ciphertext_reg[60]_2
    SLICE_X58Y315        LUT6 (Prop_C6LUT_SLICEL_I3_O)
                                                      0.096    13.665 r  system_i/aes_ctr_axi_lite_0/inst/u_aes/ciphertext[60]_i_3/O
                         net (fo=4, routed)           0.317    13.982    system_i/aes_ctr_axi_lite_0/inst/u_aes/ciphertext[60]_i_3_n_0
    SLICE_X62Y315        LUT6 (Prop_G6LUT_SLICEL_I3_O)
                                                      0.050    14.032 r  system_i/aes_ctr_axi_lite_0/inst/u_aes/ciphertext[124]_i_2/O
                         net (fo=1, routed)           0.132    14.164    system_i/aes_ctr_axi_lite_0/inst/u_aes/ciphertext[124]_i_2_n_0
    SLICE_X62Y315        LUT2 (Prop_D6LUT_SLICEL_I0_O)
                                                      0.089    14.253 r  system_i/aes_ctr_axi_lite_0/inst/u_aes/ciphertext[124]_i_1/O
                         net (fo=1, routed)           0.049    14.302    system_i/aes_ctr_axi_lite_0/inst/u_aes/rk10[124]
    SLICE_X62Y315        FDCE                                         r  system_i/aes_ctr_axi_lite_0/inst/u_aes/ciphertext_reg[124]/D
  -------------------------------------------------------------------    -------------------

                         (clock clk_pl_0 rise edge)
                                                     13.333    13.333 r  <hidden>
    PS8_X0Y0             PS8                          0.000    13.333 r  system_i/zynq_ultra_ps_e_0/inst/PS8_i/PLCLK[0]
                         net (fo=1, routed)           0.143    13.476    system_i/zynq_ultra_ps_e_0/inst/pl_clk_unbuffered[0]
    BUFG_PS_X0Y80        BUFG_PS (Prop_BUFG_PS_I_O)
                                                      0.025    13.501 r  system_i/zynq_ultra_ps_e_0/inst/buffer_pl_clk_0.PL_CLK_0_BUFG/O
    X1Y3 (CLOCK_ROOT)    net (fo=2867, routed)        1.299    14.800    system_i/aes_ctr_axi_lite_0/inst/u_aes/s_axi_aclk
    SLICE_X62Y315        FDCE                                         r  system_i/aes_ctr_axi_lite_0/inst/u_aes/ciphertext_reg[124]/C
                         clock pessimism              0.069    14.869    <hidden>
                         clock uncertainty           -0.141    14.728    <hidden>
    SLICE_X62Y315        FDCE (Setup_DFF_SLICEL_C_D)
                                                      0.025    14.753    system_i/aes_ctr_axi_lite_0/inst/u_aes/ciphertext_reg[124]
  -------------------------------------------------------------------
                         required time                         14.753    <hidden>
                         arrival time                         -14.302    <hidden>
  -------------------------------------------------------------------
                         slack                                  0.451    <hidden>

Slack (MET) :             0.462ns  (required time - arrival time)
  Source:                 system_i/aes_ctr_axi_lite_0/inst/key_reg3_reg[29]/C
                            (rising edge-triggered cell FDRE clocked by clk_pl_0  {rise@0.000ns fall@6.667ns period=13.333ns})
  Destination:            system_i/aes_ctr_axi_lite_0/inst/u_aes/ciphertext_reg[72]/D
                            (rising edge-triggered cell FDCE clocked by clk_pl_0  {rise@0.000ns fall@6.667ns period=13.333ns})
  Path Group:             clk_pl_0
  Path Type:              Setup (Max at Slow Process Corner)
  Requirement:            13.333ns  (clk_pl_0 rise@13.333ns - clk_pl_0 rise@0.000ns)
  Data Path Delay:        12.611ns  (logic 4.070ns (32.274%)  route 8.541ns (67.726%))
  Logic Levels:           52  (LUT2=14 LUT3=1 LUT4=2 LUT5=1 LUT6=20 MUXF7=8 MUXF8=6)
  Clock Path Skew:        -0.144ns (DCD - SCD + CPR)
    Destination Clock Delay (DCD):    1.439ns = ( 14.772 - 13.333 ) 
    Source Clock Delay      (SCD):    1.652ns
    Clock Pessimism Removal (CPR):    0.069ns
  Clock Uncertainty:      0.141ns  ((TSJ^2 + DJ^2)^1/2) / 2 + PE
    Total System Jitter     (TSJ):    0.071ns
    Discrete Jitter          (DJ):    0.273ns
    Phase Error              (PE):    0.000ns
  Clock Net Delay (Source):      1.444ns (routing 0.193ns, distribution 1.251ns)
  Clock Net Delay (Destination): 1.271ns (routing 0.172ns, distribution 1.099ns)

    Location             Delay type                Incr(ns)  Path(ns)    Netlist Resource(s)
  -------------------------------------------------------------------    -------------------
                         (clock clk_pl_0 rise edge)
                                                      0.000     0.000 r  <hidden>
    PS8_X0Y0             PS8                          0.000     0.000 r  system_i/zynq_ultra_ps_e_0/inst/PS8_i/PLCLK[0]
                         net (fo=1, routed)           0.180     0.180    system_i/zynq_ultra_ps_e_0/inst/pl_clk_unbuffered[0]
    BUFG_PS_X0Y80        BUFG_PS (Prop_BUFG_PS_I_O)
                                                      0.028     0.208 r  system_i/zynq_ultra_ps_e_0/inst/buffer_pl_clk_0.PL_CLK_0_BUFG/O
    X1Y3 (CLOCK_ROOT)    net (fo=2867, routed)        1.444     1.652    system_i/aes_ctr_axi_lite_0/inst/s_axi_aclk
    SLICE_X55Y285        FDRE                                         r  system_i/aes_ctr_axi_lite_0/inst/key_reg3_reg[29]/C
  -------------------------------------------------------------------    -------------------
    SLICE_X55Y285        FDRE (Prop_HFF_SLICEL_C_Q)
                                                      0.079     1.731 r  system_i/aes_ctr_axi_lite_0/inst/key_reg3_reg[29]/Q
                         net (fo=36, routed)          0.244     1.975    system_i/aes_ctr_axi_lite_0/inst/u_aes/key_value[29]
    SLICE_X56Y284        LUT6 (Prop_D6LUT_SLICEM_I5_O)
                                                      0.099     2.074 r  system_i/aes_ctr_axi_lite_0/inst/u_aes/g0_b4/O
                         net (fo=1, routed)           0.025     2.099    system_i/aes_ctr_axi_lite_0/inst/u_key_expansion/g0_b0__4_i_11_0
    SLICE_X56Y284        MUXF7 (Prop_F7MUX_CD_SLICEM_I0_O)
                                                      0.062     2.161 r  system_i/aes_ctr_axi_lite_0/inst/u_key_expansion/g0_b0__4_i_21/O
                         net (fo=1, routed)           0.000     2.161    system_i/aes_ctr_axi_lite_0/inst/u_key_expansion/g0_b0__4_i_21_n_0
    SLICE_X56Y284        MUXF8 (Prop_F8MUX_BOT_SLICEM_I0_O)
                                                      0.030     2.191 r  system_i/aes_ctr_axi_lite_0/inst/u_key_expansion/g0_b0__4_i_11/O
                         net (fo=20, routed)          0.323     2.514    system_i/aes_ctr_axi_lite_0/inst/u_aes/SubWord_return[4]
    SLICE_X52Y286        LUT5 (Prop_E6LUT_SLICEL_I2_O)
                                                      0.051     2.565 r  system_i/aes_ctr_axi_lite_0/inst/u_aes/g0_b0__4_i_5/O
                         net (fo=33, routed)          0.267     2.832    system_i/aes_ctr_axi_lite_0/inst/u_aes/u_key_expansion/(null)[4].in0_in[4]
    SLICE_X52Y287        LUT6 (Prop_G6LUT_SLICEL_I4_O)
                                                      0.149     2.981 r  system_i/aes_ctr_axi_lite_0/inst/u_aes/g1_b2__4/O
                         net (fo=1, routed)           0.008     2.989    system_i/aes_ctr_axi_lite_0/inst/u_key_expansion/aes_sbox_inferred__4/g0_b0__9_i_9_1
    SLICE_X52Y287        MUXF7 (Prop_F7MUX_GH_SLICEL_I1_O)
                                                      0.056     3.045 r  system_i/aes_ctr_axi_lite_0/inst/u_key_expansion/aes_sbox_inferred__4/g0_b0__9_i_17/O
                         net (fo=1, routed)           0.000     3.045    system_i/aes_ctr_axi_lite_0/inst/u_key_expansion/aes_sbox_inferred__4/g0_b0__9_i_17_n_0
    SLICE_X52Y287        MUXF8 (Prop_F8MUX_TOP_SLICEL_I0_O)
                                                      0.026     3.071 r  system_i/aes_ctr_axi_lite_0/inst/u_key_expansion/aes_sbox_inferred__4/g0_b0__9_i_9/O
                         net (fo=18, routed)          0.191     3.262    system_i/aes_ctr_axi_lite_0/inst/u_aes/ciphertext_reg[106]_0
    SLICE_X52Y291        LUT3 (Prop_D6LUT_SLICEL_I0_O)
                                                      0.050     3.312 r  system_i/aes_ctr_axi_lite_0/inst/u_aes/g0_b0__9_i_3/O
                         net (fo=34, routed)          0.243     3.556    system_i/aes_ctr_axi_lite_0/inst/u_aes/u_key_expansion/(null)[4].word46_out[10]
    SLICE_X53Y294        LUT6 (Prop_C6LUT_SLICEM_I2_O)
                                                      0.145     3.701 r  system_i/aes_ctr_axi_lite_0/inst/u_aes/g1_b4__9/O
                         net (fo=1, routed)           0.021     3.722    system_i/aes_ctr_axi_lite_0/inst/u_key_expansion/aes_sbox_inferred__9/state4_reg[116]_i_3_1
    SLICE_X53Y294        MUXF7 (Prop_F7MUX_CD_SLICEM_I1_O)
                                                      0.061     3.783 r  system_i/aes_ctr_axi_lite_0/inst/u_key_expansion/aes_sbox_inferred__9/state4_reg[116]_i_7/O
                         net (fo=1, routed)           0.000     3.783    system_i/aes_ctr_axi_lite_0/inst/u_key_expansion/aes_sbox_inferred__9/state4_reg[116]_i_7_n_0
    SLICE_X53Y294        MUXF8 (Prop_F8MUX_BOT_SLICEM_I0_O)
                                                      0.030     3.813 r  system_i/aes_ctr_axi_lite_0/inst/u_key_expansion/aes_sbox_inferred__9/state4_reg[116]_i_3/O
                         net (fo=10, routed)          0.279     4.092    system_i/aes_ctr_axi_lite_0/inst/u_aes/state4_reg[116]_2
    SLICE_X54Y297        LUT4 (Prop_B6LUT_SLICEM_I0_O)
                                                      0.149     4.241 r  system_i/aes_ctr_axi_lite_0/inst/u_aes/g0_b0__14_i_11/O
                         net (fo=9, routed)           0.045     4.286    system_i/aes_ctr_axi_lite_0/inst/u_aes/u_key_expansion/w[14]_23[20]
    SLICE_X54Y297        LUT2 (Prop_F6LUT_SLICEM_I0_O)
                                                      0.037     4.323 r  system_i/aes_ctr_axi_lite_0/inst/u_aes/g0_b0__14_i_5/O
                         net (fo=34, routed)          0.354     4.677    system_i/aes_ctr_axi_lite_0/inst/u_aes/u_key_expansion/(null)[4].word40_out[20]
    SLICE_X57Y298        LUT6 (Prop_D6LUT_SLICEM_I4_O)
                                                      0.122     4.799 r  system_i/aes_ctr_axi_lite_0/inst/u_aes/g0_b6__14/O
                         net (fo=2, routed)           0.025     4.824    system_i/aes_ctr_axi_lite_0/inst/u_key_expansion/state4[126]_i_6_2
    SLICE_X57Y298        MUXF7 (Prop_F7MUX_CD_SLICEM_I0_O)
                                                      0.069     4.893 r  system_i/aes_ctr_axi_lite_0/inst/u_key_expansion/aes_sbox_inferred__14/state4_reg[126]_i_15/O
                         net (fo=1, routed)           0.220     5.113    system_i/aes_ctr_axi_lite_0/inst/u_aes/state4_reg[126]_0
    SLICE_X57Y298        LUT6 (Prop_H6LUT_SLICEM_I1_O)
                                                      0.090     5.203 r  system_i/aes_ctr_axi_lite_0/inst/u_aes/state4[126]_i_6/O
                         net (fo=7, routed)           0.111     5.315    system_i/aes_ctr_axi_lite_0/inst/u_aes/key_reg0_reg[30]_1[3]
    SLICE_X57Y300        LUT4 (Prop_H6LUT_SLICEM_I0_O)
                                                      0.053     5.368 r  system_i/aes_ctr_axi_lite_0/inst/u_aes/state4[30]_i_6/O
                         net (fo=18, routed)          0.353     5.721    system_i/aes_ctr_axi_lite_0/inst/u_key_expansion/state5[39]_i_2[6]
    SLICE_X55Y301        MUXF7 (Prop_F7MUX_EF_SLICEL_S_O)
                                                      0.065     5.786 r  system_i/aes_ctr_axi_lite_0/inst/u_key_expansion/aes_sbox_inferred__15/ciphertext_reg[37]_i_17/O
                         net (fo=1, routed)           0.000     5.786    system_i/aes_ctr_axi_lite_0/inst/u_key_expansion/aes_sbox_inferred__15/ciphertext_reg[37]_i_17_n_0
    SLICE_X55Y301        MUXF8 (Prop_F8MUX_TOP_SLICEL_I1_O)
                                                      0.026     5.812 r  system_i/aes_ctr_axi_lite_0/inst/u_key_expansion/aes_sbox_inferred__15/ciphertext_reg[37]_i_10/O
                         net (fo=4, routed)           0.367     6.179    system_i/aes_ctr_axi_lite_0/inst/u_aes/state9_reg[101]_1
    SLICE_X51Y305        LUT6 (Prop_B6LUT_SLICEL_I2_O)
                                                      0.098     6.277 r  system_i/aes_ctr_axi_lite_0/inst/u_aes/state5[101]_i_2/O
                         net (fo=2, routed)           0.044     6.321    system_i/aes_ctr_axi_lite_0/inst/u_aes/u_key_expansion/w[20]_11[5]
    SLICE_X51Y305        LUT2 (Prop_F6LUT_SLICEL_I0_O)
                                                      0.035     6.356 r  system_i/aes_ctr_axi_lite_0/inst/u_aes/state5[69]_i_2/O
                         net (fo=3, routed)           0.219     6.575    system_i/aes_ctr_axi_lite_0/inst/u_aes/u_key_expansion/w[21]_20[5]
    SLICE_X48Y307        LUT2 (Prop_E5LUT_SLICEL_I0_O)
                                                      0.070     6.645 r  system_i/aes_ctr_axi_lite_0/inst/u_aes/g0_b0__20_i_12/O
                         net (fo=3, routed)           0.198     6.843    system_i/aes_ctr_axi_lite_0/inst/u_aes/u_key_expansion/w[22]_2[5]
    SLICE_X45Y308        LUT2 (Prop_A6LUT_SLICEL_I0_O)
                                                      0.035     6.878 r  system_i/aes_ctr_axi_lite_0/inst/u_aes/g0_b0__20_i_6/O
                         net (fo=34, routed)          0.243     7.121    system_i/aes_ctr_axi_lite_0/inst/u_aes/u_key_expansion/(null)[4].word28_out[5]
    SLICE_X42Y307        LUT6 (Prop_G6LUT_SLICEM_I5_O)
                                                      0.123     7.244 r  system_i/aes_ctr_axi_lite_0/inst/u_aes/g1_b2__20/O
                         net (fo=1, routed)           0.017     7.261    system_i/aes_ctr_axi_lite_0/inst/u_key_expansion/aes_sbox_inferred__20/ciphertext_reg[42]_i_11_1
    SLICE_X42Y307        MUXF7 (Prop_F7MUX_GH_SLICEM_I1_O)
                                                      0.060     7.321 r  system_i/aes_ctr_axi_lite_0/inst/u_key_expansion/aes_sbox_inferred__20/ciphertext_reg[42]_i_18/O
                         net (fo=1, routed)           0.000     7.321    system_i/aes_ctr_axi_lite_0/inst/u_key_expansion/aes_sbox_inferred__20/ciphertext_reg[42]_i_18_n_0
    SLICE_X42Y307        MUXF8 (Prop_F8MUX_TOP_SLICEM_I0_O)
                                                      0.028     7.349 r  system_i/aes_ctr_axi_lite_0/inst/u_key_expansion/aes_sbox_inferred__20/ciphertext_reg[42]_i_11/O
                         net (fo=4, routed)           0.212     7.562    system_i/aes_ctr_axi_lite_0/inst/u_aes/state9_reg[106]_0
    SLICE_X41Y308        LUT6 (Prop_H6LUT_SLICEM_I3_O)
                                                      0.101     7.663 r  system_i/aes_ctr_axi_lite_0/inst/u_aes/state6[106]_i_3/O
                         net (fo=2, routed)           0.192     7.855    system_i/aes_ctr_axi_lite_0/inst/u_aes/u_key_expansion/w[24]_15[10]
    SLICE_X40Y309        LUT2 (Prop_G6LUT_SLICEL_I0_O)
                                                      0.050     7.905 r  system_i/aes_ctr_axi_lite_0/inst/u_aes/state6[74]_i_3/O
                         net (fo=3, routed)           0.094     7.999    system_i/aes_ctr_axi_lite_0/inst/u_aes/u_key_expansion/w[25]_3[10]
    SLICE_X40Y310        LUT2 (Prop_F6LUT_SLICEL_I0_O)
                                                      0.035     8.034 r  system_i/aes_ctr_axi_lite_0/inst/u_aes/g0_b0__25_i_9/O
                         net (fo=3, routed)           0.045     8.079    system_i/aes_ctr_axi_lite_0/inst/u_aes/u_key_expansion/w[26]_17[10]
    SLICE_X40Y310        LUT2 (Prop_H6LUT_SLICEL_I0_O)
                                                      0.051     8.130 r  system_i/aes_ctr_axi_lite_0/inst/u_aes/g0_b0__25_i_3/O
                         net (fo=35, routed)          0.459     8.589    system_i/aes_ctr_axi_lite_0/inst/u_aes/u_key_expansion/(null)[4].word22_out[10]
    SLICE_X49Y313        LUT6 (Prop_C6LUT_SLICEM_I2_O)
                                                      0.123     8.712 r  system_i/aes_ctr_axi_lite_0/inst/u_aes/g1_b5__25/O
                         net (fo=1, routed)           0.021     8.733    system_i/aes_ctr_axi_lite_0/inst/u_key_expansion/aes_sbox_inferred__25/g0_b0__38_i_47_1
    SLICE_X49Y313        MUXF7 (Prop_F7MUX_CD_SLICEM_I1_O)
                                                      0.061     8.794 r  system_i/aes_ctr_axi_lite_0/inst/u_key_expansion/aes_sbox_inferred__25/g0_b0__38_i_59/O
                         net (fo=1, routed)           0.000     8.794    system_i/aes_ctr_axi_lite_0/inst/u_key_expansion/aes_sbox_inferred__25/g0_b0__38_i_59_n_0
    SLICE_X49Y313        MUXF8 (Prop_F8MUX_BOT_SLICEM_I0_O)
                                                      0.030     8.824 r  system_i/aes_ctr_axi_lite_0/inst/u_key_expansion/aes_sbox_inferred__25/g0_b0__38_i_47/O
                         net (fo=4, routed)           0.396     9.220    system_i/aes_ctr_axi_lite_0/inst/u_aes/ciphertext_reg[53]_4
    SLICE_X53Y312        LUT6 (Prop_B6LUT_SLICEM_I3_O)
                                                      0.052     9.272 r  system_i/aes_ctr_axi_lite_0/inst/u_aes/state7[117]_i_3/O
                         net (fo=2, routed)           0.042     9.314    system_i/aes_ctr_axi_lite_0/inst/u_aes/u_key_expansion/w[28]_10[21]
    SLICE_X53Y312        LUT2 (Prop_E6LUT_SLICEM_I0_O)
                                                      0.037     9.351 r  system_i/aes_ctr_axi_lite_0/inst/u_aes/state7[85]_i_3/O
                         net (fo=3, routed)           0.154     9.505    system_i/aes_ctr_axi_lite_0/inst/u_aes/u_key_expansion/w[29]_19[21]
    SLICE_X54Y312        LUT2 (Prop_F6LUT_SLICEM_I0_O)
                                                      0.037     9.542 r  system_i/aes_ctr_axi_lite_0/inst/u_aes/g0_b0__30_i_12/O
                         net (fo=5, routed)           0.112     9.654    system_i/aes_ctr_axi_lite_0/inst/u_aes/u_key_expansion/w[30]_0[21]
    SLICE_X54Y314        LUT2 (Prop_E6LUT_SLICEM_I0_O)
                                                      0.100     9.754 r  system_i/aes_ctr_axi_lite_0/inst/u_aes/g0_b0__30_i_6/O
                         net (fo=35, routed)          0.432    10.186    system_i/aes_ctr_axi_lite_0/inst/u_aes/u_key_expansion/(null)[4].word16_out[21]
    SLICE_X57Y313        LUT6 (Prop_D6LUT_SLICEM_I5_O)
                                                      0.122    10.308 r  system_i/aes_ctr_axi_lite_0/inst/u_aes/g1_b2__30/O
                         net (fo=1, routed)           0.141    10.449    system_i/aes_ctr_axi_lite_0/inst/u_key_expansion/state8[122]_i_7_1
    SLICE_X58Y312        LUT6 (Prop_D6LUT_SLICEL_I3_O)
                                                      0.146    10.595 r  system_i/aes_ctr_axi_lite_0/inst/u_key_expansion/aes_sbox_inferred__30/g0_b0__35_i_33/O
                         net (fo=4, routed)           0.139    10.734    system_i/aes_ctr_axi_lite_0/inst/u_aes/ciphertext_reg[58]_0
    SLICE_X58Y313        LUT6 (Prop_D6LUT_SLICEL_I3_O)
                                                      0.050    10.784 r  system_i/aes_ctr_axi_lite_0/inst/u_aes/state8[122]_i_7/O
                         net (fo=2, routed)           0.180    10.964    system_i/aes_ctr_axi_lite_0/inst/u_aes/state8[122]_i_7_n_0
    SLICE_X57Y313        LUT2 (Prop_E6LUT_SLICEM_I0_O)
                                                      0.052    11.016 r  system_i/aes_ctr_axi_lite_0/inst/u_aes/g0_b0__35_i_12/O
                         net (fo=4, routed)           0.115    11.132    system_i/aes_ctr_axi_lite_0/inst/u_aes/u_key_expansion/w[33]_1[26]
    SLICE_X57Y312        LUT2 (Prop_F5LUT_SLICEM_I0_O)
                                                      0.166    11.298 r  system_i/aes_ctr_axi_lite_0/inst/u_aes/g0_b0__31_i_9/O
                         net (fo=4, routed)           0.150    11.448    system_i/aes_ctr_axi_lite_0/inst/u_aes/u_key_expansion/w[34]_4[26]
    SLICE_X57Y312        LUT2 (Prop_F6LUT_SLICEM_I0_O)
                                                      0.098    11.546 r  system_i/aes_ctr_axi_lite_0/inst/u_aes/g0_b0__31_i_3/O
                         net (fo=33, routed)          0.519    12.064    system_i/aes_ctr_axi_lite_0/inst/u_aes/u_key_expansion/(null)[4].word10_out[26]
    SLICE_X62Y312        LUT6 (Prop_A6LUT_SLICEL_I2_O)
                                                      0.149    12.213 r  system_i/aes_ctr_axi_lite_0/inst/u_aes/g3_b1__31/O
                         net (fo=1, routed)           0.413    12.626    system_i/aes_ctr_axi_lite_0/inst/u_key_expansion/state9[97]_i_4_3
    SLICE_X56Y311        LUT6 (Prop_A6LUT_SLICEM_I0_O)
                                                      0.053    12.679 r  system_i/aes_ctr_axi_lite_0/inst/u_key_expansion/aes_sbox_inferred__31/g0_b0__36_i_26/O
                         net (fo=3, routed)           0.057    12.736    system_i/aes_ctr_axi_lite_0/inst/u_aes/ciphertext_reg[33]_0
    SLICE_X56Y310        LUT6 (Prop_H6LUT_SLICEM_I2_O)
                                                      0.039    12.775 r  system_i/aes_ctr_axi_lite_0/inst/u_aes/g0_b0__36_i_9/O
                         net (fo=3, routed)           0.107    12.883    system_i/aes_ctr_axi_lite_0/inst/u_aes/g0_b0__36_i_9_n_0
    SLICE_X54Y310        LUT6 (Prop_G6LUT_SLICEM_I0_O)
                                                      0.052    12.935 r  system_i/aes_ctr_axi_lite_0/inst/u_aes/g0_b0__36_i_2/O
                         net (fo=33, routed)          0.285    13.220    system_i/aes_ctr_axi_lite_0/inst/u_aes/u_key_expansion/p_54_in[1]
    SLICE_X52Y308        LUT6 (Prop_G6LUT_SLICEL_I1_O)
                                                      0.097    13.317 r  system_i/aes_ctr_axi_lite_0/inst/u_aes/g1_b0__36/O
                         net (fo=1, routed)           0.008    13.325    system_i/aes_ctr_axi_lite_0/inst/u_key_expansion/ciphertext[40]_i_3_2
    SLICE_X52Y308        MUXF7 (Prop_F7MUX_GH_SLICEL_I1_O)
                                                      0.063    13.388 r  system_i/aes_ctr_axi_lite_0/inst/u_key_expansion/aes_sbox_inferred__36/ciphertext_reg[40]_i_8/O
                         net (fo=1, routed)           0.274    13.662    system_i/aes_ctr_axi_lite_0/inst/u_aes/ciphertext_reg[40]_3
    SLICE_X50Y307        LUT6 (Prop_C6LUT_SLICEM_I5_O)
                                                      0.145    13.807 r  system_i/aes_ctr_axi_lite_0/inst/u_aes/ciphertext[40]_i_3/O
                         net (fo=4, routed)           0.120    13.927    system_i/aes_ctr_axi_lite_0/inst/u_aes/ciphertext[40]_i_3_n_0
    SLICE_X50Y306        LUT6 (Prop_G6LUT_SLICEM_I2_O)
                                                      0.150    14.077 r  system_i/aes_ctr_axi_lite_0/inst/u_aes/ciphertext[72]_i_2/O
                         net (fo=1, routed)           0.048    14.125    system_i/aes_ctr_axi_lite_0/inst/u_aes/round_keys[72]
    SLICE_X50Y306        LUT2 (Prop_E5LUT_SLICEM_I0_O)
                                                      0.113    14.238 r  system_i/aes_ctr_axi_lite_0/inst/u_aes/ciphertext[72]_i_1/O
                         net (fo=1, routed)           0.025    14.263    system_i/aes_ctr_axi_lite_0/inst/u_aes/rk10[72]
    SLICE_X50Y306        FDCE                                         r  system_i/aes_ctr_axi_lite_0/inst/u_aes/ciphertext_reg[72]/D
  -------------------------------------------------------------------    -------------------

                         (clock clk_pl_0 rise edge)
                                                     13.333    13.333 r  <hidden>
    PS8_X0Y0             PS8                          0.000    13.333 r  system_i/zynq_ultra_ps_e_0/inst/PS8_i/PLCLK[0]
                         net (fo=1, routed)           0.143    13.476    system_i/zynq_ultra_ps_e_0/inst/pl_clk_unbuffered[0]
    BUFG_PS_X0Y80        BUFG_PS (Prop_BUFG_PS_I_O)
                                                      0.025    13.501 r  system_i/zynq_ultra_ps_e_0/inst/buffer_pl_clk_0.PL_CLK_0_BUFG/O
    X1Y3 (CLOCK_ROOT)    net (fo=2867, routed)        1.271    14.772    system_i/aes_ctr_axi_lite_0/inst/u_aes/s_axi_aclk
    SLICE_X50Y306        FDCE                                         r  system_i/aes_ctr_axi_lite_0/inst/u_aes/ciphertext_reg[72]/C
                         clock pessimism              0.069    14.841    <hidden>
                         clock uncertainty           -0.141    14.700    <hidden>
    SLICE_X50Y306        FDCE (Setup_EFF2_SLICEM_C_D)
                                                      0.025    14.725    system_i/aes_ctr_axi_lite_0/inst/u_aes/ciphertext_reg[72]
  -------------------------------------------------------------------
                         required time                         14.725    <hidden>
                         arrival time                         -14.263    <hidden>
  -------------------------------------------------------------------
                         slack                                  0.462    <hidden>





Pulse Width Checks
--------------------------------------------------------------------------------------
Clock Name:         clk_pl_0
Waveform(ns):       { 0.000 6.667 }
Period(ns):         13.333
Sources:            { system_i/zynq_ultra_ps_e_0/inst/PS8_i/PLCLK[0] }

Check Type        Corner  Lib Pin          Reference Pin  Required(ns)  Actual(ns)  Slack(ns)  Location       Pin
Min Period        n/a     PS8/MAXIGP0ACLK  n/a            3.000         13.333      10.333     PS8_X0Y0       system_i/zynq_ultra_ps_e_0/inst/PS8_i/MAXIGP0ACLK
Min Period        n/a     FDRE/C           n/a            0.550         13.333      12.783     SLICE_X54Y279  system_i/aes_ctr_axi_lite_0/inst/accel_busy_reg/C
Min Period        n/a     FDRE/C           n/a            0.550         13.333      12.783     SLICE_X54Y279  system_i/aes_ctr_axi_lite_0/inst/accel_done_reg/C
Min Period        n/a     FDRE/C           n/a            0.550         13.333      12.783     SLICE_X59Y274  system_i/aes_ctr_axi_lite_0/inst/active_counter_reg[0]/C
Min Period        n/a     FDRE/C           n/a            0.550         13.333      12.783     SLICE_X56Y286  system_i/aes_ctr_axi_lite_0/inst/active_counter_reg[100]/C
Min Period        n/a     FDRE/C           n/a            0.550         13.333      12.783     SLICE_X57Y283  system_i/aes_ctr_axi_lite_0/inst/active_counter_reg[101]/C
Min Period        n/a     FDRE/C           n/a            0.550         13.333      12.783     SLICE_X59Y282  system_i/aes_ctr_axi_lite_0/inst/active_counter_reg[102]/C
Min Period        n/a     FDRE/C           n/a            0.550         13.333      12.783     SLICE_X59Y282  system_i/aes_ctr_axi_lite_0/inst/active_counter_reg[103]/C
Min Period        n/a     FDRE/C           n/a            0.550         13.333      12.783     SLICE_X57Y282  system_i/aes_ctr_axi_lite_0/inst/active_counter_reg[104]/C
Min Period        n/a     FDRE/C           n/a            0.550         13.333      12.783     SLICE_X57Y282  system_i/aes_ctr_axi_lite_0/inst/active_counter_reg[105]/C
Low Pulse Width   Slow    PS8/MAXIGP0ACLK  n/a            1.500         6.667       5.167      PS8_X0Y0       system_i/zynq_ultra_ps_e_0/inst/PS8_i/MAXIGP0ACLK
Low Pulse Width   Fast    PS8/MAXIGP0ACLK  n/a            1.500         6.667       5.167      PS8_X0Y0       system_i/zynq_ultra_ps_e_0/inst/PS8_i/MAXIGP0ACLK
Low Pulse Width   Slow    FDRE/C           n/a            0.275         6.667       6.392      SLICE_X54Y279  system_i/aes_ctr_axi_lite_0/inst/accel_busy_reg/C
Low Pulse Width   Fast    FDRE/C           n/a            0.275         6.667       6.392      SLICE_X54Y279  system_i/aes_ctr_axi_lite_0/inst/accel_busy_reg/C
Low Pulse Width   Slow    FDRE/C           n/a            0.275         6.667       6.392      SLICE_X54Y279  system_i/aes_ctr_axi_lite_0/inst/accel_done_reg/C
Low Pulse Width   Fast    FDRE/C           n/a            0.275         6.667       6.392      SLICE_X54Y279  system_i/aes_ctr_axi_lite_0/inst/accel_done_reg/C
Low Pulse Width   Slow    FDRE/C           n/a            0.275         6.667       6.392      SLICE_X59Y274  system_i/aes_ctr_axi_lite_0/inst/active_counter_reg[0]/C
Low Pulse Width   Fast    FDRE/C           n/a            0.275         6.667       6.392      SLICE_X59Y274  system_i/aes_ctr_axi_lite_0/inst/active_counter_reg[0]/C
Low Pulse Width   Slow    FDRE/C           n/a            0.275         6.667       6.392      SLICE_X56Y286  system_i/aes_ctr_axi_lite_0/inst/active_counter_reg[100]/C
Low Pulse Width   Fast    FDRE/C           n/a            0.275         6.667       6.392      SLICE_X56Y286  system_i/aes_ctr_axi_lite_0/inst/active_counter_reg[100]/C
High Pulse Width  Slow    PS8/MAXIGP0ACLK  n/a            1.500         6.667       5.167      PS8_X0Y0       system_i/zynq_ultra_ps_e_0/inst/PS8_i/MAXIGP0ACLK
High Pulse Width  Fast    PS8/MAXIGP0ACLK  n/a            1.500         6.666       5.166      PS8_X0Y0       system_i/zynq_ultra_ps_e_0/inst/PS8_i/MAXIGP0ACLK
High Pulse Width  Slow    FDRE/C           n/a            0.275         6.666       6.391      SLICE_X54Y279  system_i/aes_ctr_axi_lite_0/inst/accel_busy_reg/C
High Pulse Width  Fast    FDRE/C           n/a            0.275         6.667       6.392      SLICE_X54Y279  system_i/aes_ctr_axi_lite_0/inst/accel_busy_reg/C
High Pulse Width  Slow    FDRE/C           n/a            0.275         6.667       6.392      SLICE_X54Y279  system_i/aes_ctr_axi_lite_0/inst/accel_done_reg/C
High Pulse Width  Fast    FDRE/C           n/a            0.275         6.667       6.392      SLICE_X54Y279  system_i/aes_ctr_axi_lite_0/inst/accel_done_reg/C
High Pulse Width  Slow    FDRE/C           n/a            0.275         6.667       6.392      SLICE_X59Y274  system_i/aes_ctr_axi_lite_0/inst/active_counter_reg[0]/C
High Pulse Width  Fast    FDRE/C           n/a            0.275         6.667       6.392      SLICE_X59Y274  system_i/aes_ctr_axi_lite_0/inst/active_counter_reg[0]/C
High Pulse Width  Slow    FDRE/C           n/a            0.275         6.667       6.392      SLICE_X56Y286  system_i/aes_ctr_axi_lite_0/inst/active_counter_reg[100]/C
High Pulse Width  Fast    FDRE/C           n/a            0.275         6.667       6.392      SLICE_X56Y286  system_i/aes_ctr_axi_lite_0/inst/active_counter_reg[100]/C



---------------------------------------------------------------------------------------------------
Path Group:  **async_default**
From Clock:  clk_pl_0
  To Clock:  clk_pl_0

Setup :            0  Failing Endpoints,  Worst Slack        9.065ns,  Total Violation        0.000ns
Hold  :           NA  Failing Endpoints,  Worst Slack           NA  ,  Total Violation           NA
---------------------------------------------------------------------------------------------------


Max Delay Paths
--------------------------------------------------------------------------------------
Slack (MET) :             9.065ns  (required time - arrival time)
  Source:                 system_i/aes_ctr_axi_lite_0/inst/soft_reset_pulse_reg/C
                            (rising edge-triggered cell FDRE clocked by clk_pl_0  {rise@0.000ns fall@6.667ns period=13.333ns})
  Destination:            system_i/aes_ctr_axi_lite_0/inst/u_aes/state2_reg[44]/CLR
                            (recovery check against rising-edge clock clk_pl_0  {rise@0.000ns fall@6.667ns period=13.333ns})
  Path Group:             **async_default**
  Path Type:              Recovery (Max at Slow Process Corner)
  Requirement:            13.333ns  (clk_pl_0 rise@13.333ns - clk_pl_0 rise@0.000ns)
  Data Path Delay:        3.981ns  (logic 0.197ns (4.949%)  route 3.784ns (95.051%))
  Logic Levels:           2  (BUFGCE=1 LUT2=1)
  Clock Path Skew:        -0.080ns (DCD - SCD + CPR)
    Destination Clock Delay (DCD):    1.428ns = ( 14.761 - 13.333 ) 
    Source Clock Delay      (SCD):    1.634ns
    Clock Pessimism Removal (CPR):    0.126ns
  Clock Uncertainty:      0.141ns  ((TSJ^2 + DJ^2)^1/2) / 2 + PE
    Total System Jitter     (TSJ):    0.071ns
    Discrete Jitter          (DJ):    0.273ns
    Phase Error              (PE):    0.000ns
  Clock Net Delay (Source):      1.426ns (routing 0.193ns, distribution 1.233ns)
  Clock Net Delay (Destination): 1.260ns (routing 0.172ns, distribution 1.088ns)

    Location             Delay type                Incr(ns)  Path(ns)    Netlist Resource(s)
  -------------------------------------------------------------------    -------------------
                         (clock clk_pl_0 rise edge)
                                                      0.000     0.000 r  <hidden>
    PS8_X0Y0             PS8                          0.000     0.000 r  system_i/zynq_ultra_ps_e_0/inst/PS8_i/PLCLK[0]
                         net (fo=1, routed)           0.180     0.180    system_i/zynq_ultra_ps_e_0/inst/pl_clk_unbuffered[0]
    BUFG_PS_X0Y80        BUFG_PS (Prop_BUFG_PS_I_O)
                                                      0.028     0.208 r  system_i/zynq_ultra_ps_e_0/inst/buffer_pl_clk_0.PL_CLK_0_BUFG/O
    X1Y3 (CLOCK_ROOT)    net (fo=2867, routed)        1.426     1.634    system_i/aes_ctr_axi_lite_0/inst/s_axi_aclk
    SLICE_X51Y242        FDRE                                         r  system_i/aes_ctr_axi_lite_0/inst/soft_reset_pulse_reg/C
  -------------------------------------------------------------------    -------------------
    SLICE_X51Y242        FDRE (Prop_EFF_SLICEL_C_Q)
                                                      0.079     1.713 f  system_i/aes_ctr_axi_lite_0/inst/soft_reset_pulse_reg/Q
                         net (fo=132, routed)         1.073     2.786    system_i/aes_ctr_axi_lite_0/inst/u_aes/state0_reg[0]_0
    SLICE_X54Y275        LUT2 (Prop_H6LUT_SLICEM_I0_O)
                                                      0.090     2.876 f  system_i/aes_ctr_axi_lite_0/inst/u_aes/valid0_i_2/O
                         net (fo=1, routed)           1.356     4.232    system_i/aes_ctr_axi_lite_0/inst/u_aes/SR[0]_bufg_place
    BUFGCE_X1Y122        BUFGCE (Prop_BUFCE_BUFGCE_I_O)
                                                      0.028     4.260 f  system_i/aes_ctr_axi_lite_0/inst/u_aes/valid0_i_2_bufg_place/O
                         net (fo=1675, routed)        1.355     5.615    system_i/aes_ctr_axi_lite_0/inst/u_aes/SR[0]
    SLICE_X42Y290        FDCE                                         f  system_i/aes_ctr_axi_lite_0/inst/u_aes/state2_reg[44]/CLR
  -------------------------------------------------------------------    -------------------

                         (clock clk_pl_0 rise edge)
                                                     13.333    13.333 r  <hidden>
    PS8_X0Y0             PS8                          0.000    13.333 r  system_i/zynq_ultra_ps_e_0/inst/PS8_i/PLCLK[0]
                         net (fo=1, routed)           0.143    13.476    system_i/zynq_ultra_ps_e_0/inst/pl_clk_unbuffered[0]
    BUFG_PS_X0Y80        BUFG_PS (Prop_BUFG_PS_I_O)
                                                      0.025    13.501 r  system_i/zynq_ultra_ps_e_0/inst/buffer_pl_clk_0.PL_CLK_0_BUFG/O
    X1Y3 (CLOCK_ROOT)    net (fo=2867, routed)        1.260    14.761    system_i/aes_ctr_axi_lite_0/inst/u_aes/s_axi_aclk
    SLICE_X42Y290        FDCE                                         r  system_i/aes_ctr_axi_lite_0/inst/u_aes/state2_reg[44]/C
                         clock pessimism              0.126    14.888    <hidden>
                         clock uncertainty           -0.141    14.747    <hidden>
    SLICE_X42Y290        FDCE (Recov_DFF_SLICEM_C_CLR)
                                                     -0.066    14.681    system_i/aes_ctr_axi_lite_0/inst/u_aes/state2_reg[44]
  -------------------------------------------------------------------
                         required time                         14.681    <hidden>
                         arrival time                          -5.615    <hidden>
  -------------------------------------------------------------------
                         slack                                  9.065    <hidden>

Slack (MET) :             9.065ns  (required time - arrival time)
  Source:                 system_i/aes_ctr_axi_lite_0/inst/soft_reset_pulse_reg/C
                            (rising edge-triggered cell FDRE clocked by clk_pl_0  {rise@0.000ns fall@6.667ns period=13.333ns})
  Destination:            system_i/aes_ctr_axi_lite_0/inst/u_aes/state2_reg[79]/CLR
                            (recovery check against rising-edge clock clk_pl_0  {rise@0.000ns fall@6.667ns period=13.333ns})
  Path Group:             **async_default**
  Path Type:              Recovery (Max at Slow Process Corner)
  Requirement:            13.333ns  (clk_pl_0 rise@13.333ns - clk_pl_0 rise@0.000ns)
  Data Path Delay:        3.980ns  (logic 0.197ns (4.950%)  route 3.783ns (95.050%))
  Logic Levels:           2  (BUFGCE=1 LUT2=1)
  Clock Path Skew:        -0.081ns (DCD - SCD + CPR)
    Destination Clock Delay (DCD):    1.427ns = ( 14.760 - 13.333 ) 
    Source Clock Delay      (SCD):    1.634ns
    Clock Pessimism Removal (CPR):    0.126ns
  Clock Uncertainty:      0.141ns  ((TSJ^2 + DJ^2)^1/2) / 2 + PE
    Total System Jitter     (TSJ):    0.071ns
    Discrete Jitter          (DJ):    0.273ns
    Phase Error              (PE):    0.000ns
  Clock Net Delay (Source):      1.426ns (routing 0.193ns, distribution 1.233ns)
  Clock Net Delay (Destination): 1.259ns (routing 0.172ns, distribution 1.087ns)

    Location             Delay type                Incr(ns)  Path(ns)    Netlist Resource(s)
  -------------------------------------------------------------------    -------------------
                         (clock clk_pl_0 rise edge)
                                                      0.000     0.000 r  <hidden>
    PS8_X0Y0             PS8                          0.000     0.000 r  system_i/zynq_ultra_ps_e_0/inst/PS8_i/PLCLK[0]
                         net (fo=1, routed)           0.180     0.180    system_i/zynq_ultra_ps_e_0/inst/pl_clk_unbuffered[0]
    BUFG_PS_X0Y80        BUFG_PS (Prop_BUFG_PS_I_O)
                                                      0.028     0.208 r  system_i/zynq_ultra_ps_e_0/inst/buffer_pl_clk_0.PL_CLK_0_BUFG/O
    X1Y3 (CLOCK_ROOT)    net (fo=2867, routed)        1.426     1.634    system_i/aes_ctr_axi_lite_0/inst/s_axi_aclk
    SLICE_X51Y242        FDRE                                         r  system_i/aes_ctr_axi_lite_0/inst/soft_reset_pulse_reg/C
  -------------------------------------------------------------------    -------------------
    SLICE_X51Y242        FDRE (Prop_EFF_SLICEL_C_Q)
                                                      0.079     1.713 f  system_i/aes_ctr_axi_lite_0/inst/soft_reset_pulse_reg/Q
                         net (fo=132, routed)         1.073     2.786    system_i/aes_ctr_axi_lite_0/inst/u_aes/state0_reg[0]_0
    SLICE_X54Y275        LUT2 (Prop_H6LUT_SLICEM_I0_O)
                                                      0.090     2.876 f  system_i/aes_ctr_axi_lite_0/inst/u_aes/valid0_i_2/O
                         net (fo=1, routed)           1.356     4.232    system_i/aes_ctr_axi_lite_0/inst/u_aes/SR[0]_bufg_place
    BUFGCE_X1Y122        BUFGCE (Prop_BUFCE_BUFGCE_I_O)
                                                      0.028     4.260 f  system_i/aes_ctr_axi_lite_0/inst/u_aes/valid0_i_2_bufg_place/O
                         net (fo=1675, routed)        1.354     5.614    system_i/aes_ctr_axi_lite_0/inst/u_aes/SR[0]
    SLICE_X47Y293        FDCE                                         f  system_i/aes_ctr_axi_lite_0/inst/u_aes/state2_reg[79]/CLR
  -------------------------------------------------------------------    -------------------

                         (clock clk_pl_0 rise edge)
                                                     13.333    13.333 r  <hidden>
    PS8_X0Y0             PS8                          0.000    13.333 r  system_i/zynq_ultra_ps_e_0/inst/PS8_i/PLCLK[0]
                         net (fo=1, routed)           0.143    13.476    system_i/zynq_ultra_ps_e_0/inst/pl_clk_unbuffered[0]
    BUFG_PS_X0Y80        BUFG_PS (Prop_BUFG_PS_I_O)
                                                      0.025    13.501 r  system_i/zynq_ultra_ps_e_0/inst/buffer_pl_clk_0.PL_CLK_0_BUFG/O
    X1Y3 (CLOCK_ROOT)    net (fo=2867, routed)        1.259    14.760    system_i/aes_ctr_axi_lite_0/inst/u_aes/s_axi_aclk
    SLICE_X47Y293        FDCE                                         r  system_i/aes_ctr_axi_lite_0/inst/u_aes/state2_reg[79]/C
                         clock pessimism              0.126    14.887    <hidden>
                         clock uncertainty           -0.141    14.746    <hidden>
    SLICE_X47Y293        FDCE (Recov_DFF_SLICEM_C_CLR)
                                                     -0.066    14.680    system_i/aes_ctr_axi_lite_0/inst/u_aes/state2_reg[79]
  -------------------------------------------------------------------
                         required time                         14.680    <hidden>
                         arrival time                          -5.614    <hidden>
  -------------------------------------------------------------------
                         slack                                  9.065    <hidden>

Slack (MET) :             9.065ns  (required time - arrival time)
  Source:                 system_i/aes_ctr_axi_lite_0/inst/soft_reset_pulse_reg/C
                            (rising edge-triggered cell FDRE clocked by clk_pl_0  {rise@0.000ns fall@6.667ns period=13.333ns})
  Destination:            system_i/aes_ctr_axi_lite_0/inst/u_aes/state2_reg[86]/CLR
                            (recovery check against rising-edge clock clk_pl_0  {rise@0.000ns fall@6.667ns period=13.333ns})
  Path Group:             **async_default**
  Path Type:              Recovery (Max at Slow Process Corner)
  Requirement:            13.333ns  (clk_pl_0 rise@13.333ns - clk_pl_0 rise@0.000ns)
  Data Path Delay:        3.980ns  (logic 0.197ns (4.950%)  route 3.783ns (95.050%))
  Logic Levels:           2  (BUFGCE=1 LUT2=1)
  Clock Path Skew:        -0.081ns (DCD - SCD + CPR)
    Destination Clock Delay (DCD):    1.427ns = ( 14.760 - 13.333 ) 
    Source Clock Delay      (SCD):    1.634ns
    Clock Pessimism Removal (CPR):    0.126ns
  Clock Uncertainty:      0.141ns  ((TSJ^2 + DJ^2)^1/2) / 2 + PE
    Total System Jitter     (TSJ):    0.071ns
    Discrete Jitter          (DJ):    0.273ns
    Phase Error              (PE):    0.000ns
  Clock Net Delay (Source):      1.426ns (routing 0.193ns, distribution 1.233ns)
  Clock Net Delay (Destination): 1.259ns (routing 0.172ns, distribution 1.087ns)

    Location             Delay type                Incr(ns)  Path(ns)    Netlist Resource(s)
  -------------------------------------------------------------------    -------------------
                         (clock clk_pl_0 rise edge)
                                                      0.000     0.000 r  <hidden>
    PS8_X0Y0             PS8                          0.000     0.000 r  system_i/zynq_ultra_ps_e_0/inst/PS8_i/PLCLK[0]
                         net (fo=1, routed)           0.180     0.180    system_i/zynq_ultra_ps_e_0/inst/pl_clk_unbuffered[0]
    BUFG_PS_X0Y80        BUFG_PS (Prop_BUFG_PS_I_O)
                                                      0.028     0.208 r  system_i/zynq_ultra_ps_e_0/inst/buffer_pl_clk_0.PL_CLK_0_BUFG/O
    X1Y3 (CLOCK_ROOT)    net (fo=2867, routed)        1.426     1.634    system_i/aes_ctr_axi_lite_0/inst/s_axi_aclk
    SLICE_X51Y242        FDRE                                         r  system_i/aes_ctr_axi_lite_0/inst/soft_reset_pulse_reg/C
  -------------------------------------------------------------------    -------------------
    SLICE_X51Y242        FDRE (Prop_EFF_SLICEL_C_Q)
                                                      0.079     1.713 f  system_i/aes_ctr_axi_lite_0/inst/soft_reset_pulse_reg/Q
                         net (fo=132, routed)         1.073     2.786    system_i/aes_ctr_axi_lite_0/inst/u_aes/state0_reg[0]_0
    SLICE_X54Y275        LUT2 (Prop_H6LUT_SLICEM_I0_O)
                                                      0.090     2.876 f  system_i/aes_ctr_axi_lite_0/inst/u_aes/valid0_i_2/O
                         net (fo=1, routed)           1.356     4.232    system_i/aes_ctr_axi_lite_0/inst/u_aes/SR[0]_bufg_place
    BUFGCE_X1Y122        BUFGCE (Prop_BUFCE_BUFGCE_I_O)
                                                      0.028     4.260 f  system_i/aes_ctr_axi_lite_0/inst/u_aes/valid0_i_2_bufg_place/O
                         net (fo=1675, routed)        1.354     5.614    system_i/aes_ctr_axi_lite_0/inst/u_aes/SR[0]
    SLICE_X47Y293        FDCE                                         f  system_i/aes_ctr_axi_lite_0/inst/u_aes/state2_reg[86]/CLR
  -------------------------------------------------------------------    -------------------

                         (clock clk_pl_0 rise edge)
                                                     13.333    13.333 r  <hidden>
    PS8_X0Y0             PS8                          0.000    13.333 r  system_i/zynq_ultra_ps_e_0/inst/PS8_i/PLCLK[0]
                         net (fo=1, routed)           0.143    13.476    system_i/zynq_ultra_ps_e_0/inst/pl_clk_unbuffered[0]
    BUFG_PS_X0Y80        BUFG_PS (Prop_BUFG_PS_I_O)
                                                      0.025    13.501 r  system_i/zynq_ultra_ps_e_0/inst/buffer_pl_clk_0.PL_CLK_0_BUFG/O
    X1Y3 (CLOCK_ROOT)    net (fo=2867, routed)        1.259    14.760    system_i/aes_ctr_axi_lite_0/inst/u_aes/s_axi_aclk
    SLICE_X47Y293        FDCE                                         r  system_i/aes_ctr_axi_lite_0/inst/u_aes/state2_reg[86]/C
                         clock pessimism              0.126    14.887    <hidden>
                         clock uncertainty           -0.141    14.746    <hidden>
    SLICE_X47Y293        FDCE (Recov_CFF_SLICEM_C_CLR)
                                                     -0.066    14.680    system_i/aes_ctr_axi_lite_0/inst/u_aes/state2_reg[86]
  -------------------------------------------------------------------
                         required time                         14.680    <hidden>
                         arrival time                          -5.614    <hidden>
  -------------------------------------------------------------------
                         slack                                  9.065    <hidden>

Slack (MET) :             9.065ns  (required time - arrival time)
  Source:                 system_i/aes_ctr_axi_lite_0/inst/soft_reset_pulse_reg/C
                            (rising edge-triggered cell FDRE clocked by clk_pl_0  {rise@0.000ns fall@6.667ns period=13.333ns})
  Destination:            system_i/aes_ctr_axi_lite_0/inst/u_aes/state2_reg[94]/CLR
                            (recovery check against rising-edge clock clk_pl_0  {rise@0.000ns fall@6.667ns period=13.333ns})
  Path Group:             **async_default**
  Path Type:              Recovery (Max at Slow Process Corner)
  Requirement:            13.333ns  (clk_pl_0 rise@13.333ns - clk_pl_0 rise@0.000ns)
  Data Path Delay:        3.980ns  (logic 0.197ns (4.950%)  route 3.783ns (95.050%))
  Logic Levels:           2  (BUFGCE=1 LUT2=1)
  Clock Path Skew:        -0.081ns (DCD - SCD + CPR)
    Destination Clock Delay (DCD):    1.427ns = ( 14.760 - 13.333 ) 
    Source Clock Delay      (SCD):    1.634ns
    Clock Pessimism Removal (CPR):    0.126ns
  Clock Uncertainty:      0.141ns  ((TSJ^2 + DJ^2)^1/2) / 2 + PE
    Total System Jitter     (TSJ):    0.071ns
    Discrete Jitter          (DJ):    0.273ns
    Phase Error              (PE):    0.000ns
  Clock Net Delay (Source):      1.426ns (routing 0.193ns, distribution 1.233ns)
  Clock Net Delay (Destination): 1.259ns (routing 0.172ns, distribution 1.087ns)

    Location             Delay type                Incr(ns)  Path(ns)    Netlist Resource(s)
  -------------------------------------------------------------------    -------------------
                         (clock clk_pl_0 rise edge)
                                                      0.000     0.000 r  <hidden>
    PS8_X0Y0             PS8                          0.000     0.000 r  system_i/zynq_ultra_ps_e_0/inst/PS8_i/PLCLK[0]
                         net (fo=1, routed)           0.180     0.180    system_i/zynq_ultra_ps_e_0/inst/pl_clk_unbuffered[0]
    BUFG_PS_X0Y80        BUFG_PS (Prop_BUFG_PS_I_O)
                                                      0.028     0.208 r  system_i/zynq_ultra_ps_e_0/inst/buffer_pl_clk_0.PL_CLK_0_BUFG/O
    X1Y3 (CLOCK_ROOT)    net (fo=2867, routed)        1.426     1.634    system_i/aes_ctr_axi_lite_0/inst/s_axi_aclk
    SLICE_X51Y242        FDRE                                         r  system_i/aes_ctr_axi_lite_0/inst/soft_reset_pulse_reg/C
  -------------------------------------------------------------------    -------------------
    SLICE_X51Y242        FDRE (Prop_EFF_SLICEL_C_Q)
                                                      0.079     1.713 f  system_i/aes_ctr_axi_lite_0/inst/soft_reset_pulse_reg/Q
                         net (fo=132, routed)         1.073     2.786    system_i/aes_ctr_axi_lite_0/inst/u_aes/state0_reg[0]_0
    SLICE_X54Y275        LUT2 (Prop_H6LUT_SLICEM_I0_O)
                                                      0.090     2.876 f  system_i/aes_ctr_axi_lite_0/inst/u_aes/valid0_i_2/O
                         net (fo=1, routed)           1.356     4.232    system_i/aes_ctr_axi_lite_0/inst/u_aes/SR[0]_bufg_place
    BUFGCE_X1Y122        BUFGCE (Prop_BUFCE_BUFGCE_I_O)
                                                      0.028     4.260 f  system_i/aes_ctr_axi_lite_0/inst/u_aes/valid0_i_2_bufg_place/O
                         net (fo=1675, routed)        1.354     5.614    system_i/aes_ctr_axi_lite_0/inst/u_aes/SR[0]
    SLICE_X47Y293        FDCE                                         f  system_i/aes_ctr_axi_lite_0/inst/u_aes/state2_reg[94]/CLR
  -------------------------------------------------------------------    -------------------

                         (clock clk_pl_0 rise edge)
                                                     13.333    13.333 r  <hidden>
    PS8_X0Y0             PS8                          0.000    13.333 r  system_i/zynq_ultra_ps_e_0/inst/PS8_i/PLCLK[0]
                         net (fo=1, routed)           0.143    13.476    system_i/zynq_ultra_ps_e_0/inst/pl_clk_unbuffered[0]
    BUFG_PS_X0Y80        BUFG_PS (Prop_BUFG_PS_I_O)
                                                      0.025    13.501 r  system_i/zynq_ultra_ps_e_0/inst/buffer_pl_clk_0.PL_CLK_0_BUFG/O
    X1Y3 (CLOCK_ROOT)    net (fo=2867, routed)        1.259    14.760    system_i/aes_ctr_axi_lite_0/inst/u_aes/s_axi_aclk
    SLICE_X47Y293        FDCE                                         r  system_i/aes_ctr_axi_lite_0/inst/u_aes/state2_reg[94]/C
                         clock pessimism              0.126    14.887    <hidden>
                         clock uncertainty           -0.141    14.746    <hidden>
    SLICE_X47Y293        FDCE (Recov_BFF_SLICEM_C_CLR)
                                                     -0.066    14.680    system_i/aes_ctr_axi_lite_0/inst/u_aes/state2_reg[94]
  -------------------------------------------------------------------
                         required time                         14.680    <hidden>
                         arrival time                          -5.614    <hidden>
  -------------------------------------------------------------------
                         slack                                  9.065    <hidden>

Slack (MET) :             9.066ns  (required time - arrival time)
  Source:                 system_i/aes_ctr_axi_lite_0/inst/soft_reset_pulse_reg/C
                            (rising edge-triggered cell FDRE clocked by clk_pl_0  {rise@0.000ns fall@6.667ns period=13.333ns})
  Destination:            system_i/aes_ctr_axi_lite_0/inst/u_aes/state1_reg[16]/CLR
                            (recovery check against rising-edge clock clk_pl_0  {rise@0.000ns fall@6.667ns period=13.333ns})
  Path Group:             **async_default**
  Path Type:              Recovery (Max at Slow Process Corner)
  Requirement:            13.333ns  (clk_pl_0 rise@13.333ns - clk_pl_0 rise@0.000ns)
  Data Path Delay:        3.977ns  (logic 0.197ns (4.954%)  route 3.780ns (95.046%))
  Logic Levels:           2  (BUFGCE=1 LUT2=1)
  Clock Path Skew:        -0.084ns (DCD - SCD + CPR)
    Destination Clock Delay (DCD):    1.424ns = ( 14.757 - 13.333 ) 
    Source Clock Delay      (SCD):    1.634ns
    Clock Pessimism Removal (CPR):    0.126ns
  Clock Uncertainty:      0.141ns  ((TSJ^2 + DJ^2)^1/2) / 2 + PE
    Total System Jitter     (TSJ):    0.071ns
    Discrete Jitter          (DJ):    0.273ns
    Phase Error              (PE):    0.000ns
  Clock Net Delay (Source):      1.426ns (routing 0.193ns, distribution 1.233ns)
  Clock Net Delay (Destination): 1.256ns (routing 0.172ns, distribution 1.084ns)

    Location             Delay type                Incr(ns)  Path(ns)    Netlist Resource(s)
  -------------------------------------------------------------------    -------------------
                         (clock clk_pl_0 rise edge)
                                                      0.000     0.000 r  <hidden>
    PS8_X0Y0             PS8                          0.000     0.000 r  system_i/zynq_ultra_ps_e_0/inst/PS8_i/PLCLK[0]
                         net (fo=1, routed)           0.180     0.180    system_i/zynq_ultra_ps_e_0/inst/pl_clk_unbuffered[0]
    BUFG_PS_X0Y80        BUFG_PS (Prop_BUFG_PS_I_O)
                                                      0.028     0.208 r  system_i/zynq_ultra_ps_e_0/inst/buffer_pl_clk_0.PL_CLK_0_BUFG/O
    X1Y3 (CLOCK_ROOT)    net (fo=2867, routed)        1.426     1.634    system_i/aes_ctr_axi_lite_0/inst/s_axi_aclk
    SLICE_X51Y242        FDRE                                         r  system_i/aes_ctr_axi_lite_0/inst/soft_reset_pulse_reg/C
  -------------------------------------------------------------------    -------------------
    SLICE_X51Y242        FDRE (Prop_EFF_SLICEL_C_Q)
                                                      0.079     1.713 f  system_i/aes_ctr_axi_lite_0/inst/soft_reset_pulse_reg/Q
                         net (fo=132, routed)         1.073     2.786    system_i/aes_ctr_axi_lite_0/inst/u_aes/state0_reg[0]_0
    SLICE_X54Y275        LUT2 (Prop_H6LUT_SLICEM_I0_O)
                                                      0.090     2.876 f  system_i/aes_ctr_axi_lite_0/inst/u_aes/valid0_i_2/O
                         net (fo=1, routed)           1.356     4.232    system_i/aes_ctr_axi_lite_0/inst/u_aes/SR[0]_bufg_place
    BUFGCE_X1Y122        BUFGCE (Prop_BUFCE_BUFGCE_I_O)
                                                      0.028     4.260 f  system_i/aes_ctr_axi_lite_0/inst/u_aes/valid0_i_2_bufg_place/O
                         net (fo=1675, routed)        1.351     5.611    system_i/aes_ctr_axi_lite_0/inst/u_aes/SR[0]
    SLICE_X42Y284        FDCE                                         f  system_i/aes_ctr_axi_lite_0/inst/u_aes/state1_reg[16]/CLR
  -------------------------------------------------------------------    -------------------

                         (clock clk_pl_0 rise edge)
                                                     13.333    13.333 r  <hidden>
    PS8_X0Y0             PS8                          0.000    13.333 r  system_i/zynq_ultra_ps_e_0/inst/PS8_i/PLCLK[0]
                         net (fo=1, routed)           0.143    13.476    system_i/zynq_ultra_ps_e_0/inst/pl_clk_unbuffered[0]
    BUFG_PS_X0Y80        BUFG_PS (Prop_BUFG_PS_I_O)
                                                      0.025    13.501 r  system_i/zynq_ultra_ps_e_0/inst/buffer_pl_clk_0.PL_CLK_0_BUFG/O
    X1Y3 (CLOCK_ROOT)    net (fo=2867, routed)        1.256    14.757    system_i/aes_ctr_axi_lite_0/inst/u_aes/s_axi_aclk
    SLICE_X42Y284        FDCE                                         r  system_i/aes_ctr_axi_lite_0/inst/u_aes/state1_reg[16]/C
                         clock pessimism              0.126    14.884    <hidden>
                         clock uncertainty           -0.141    14.743    <hidden>
    SLICE_X42Y284        FDCE (Recov_DFF_SLICEM_C_CLR)
                                                     -0.066    14.677    system_i/aes_ctr_axi_lite_0/inst/u_aes/state1_reg[16]
  -------------------------------------------------------------------
                         required time                         14.677    <hidden>
                         arrival time                          -5.611    <hidden>
  -------------------------------------------------------------------
                         slack                                  9.066    <hidden>

Slack (MET) :             9.066ns  (required time - arrival time)
  Source:                 system_i/aes_ctr_axi_lite_0/inst/soft_reset_pulse_reg/C
                            (rising edge-triggered cell FDRE clocked by clk_pl_0  {rise@0.000ns fall@6.667ns period=13.333ns})
  Destination:            system_i/aes_ctr_axi_lite_0/inst/u_aes/state1_reg[17]/CLR
                            (recovery check against rising-edge clock clk_pl_0  {rise@0.000ns fall@6.667ns period=13.333ns})
  Path Group:             **async_default**
  Path Type:              Recovery (Max at Slow Process Corner)
  Requirement:            13.333ns  (clk_pl_0 rise@13.333ns - clk_pl_0 rise@0.000ns)
  Data Path Delay:        3.977ns  (logic 0.197ns (4.954%)  route 3.780ns (95.046%))
  Logic Levels:           2  (BUFGCE=1 LUT2=1)
  Clock Path Skew:        -0.084ns (DCD - SCD + CPR)
    Destination Clock Delay (DCD):    1.424ns = ( 14.757 - 13.333 ) 
    Source Clock Delay      (SCD):    1.634ns
    Clock Pessimism Removal (CPR):    0.126ns
  Clock Uncertainty:      0.141ns  ((TSJ^2 + DJ^2)^1/2) / 2 + PE
    Total System Jitter     (TSJ):    0.071ns
    Discrete Jitter          (DJ):    0.273ns
    Phase Error              (PE):    0.000ns
  Clock Net Delay (Source):      1.426ns (routing 0.193ns, distribution 1.233ns)
  Clock Net Delay (Destination): 1.256ns (routing 0.172ns, distribution 1.084ns)

    Location             Delay type                Incr(ns)  Path(ns)    Netlist Resource(s)
  -------------------------------------------------------------------    -------------------
                         (clock clk_pl_0 rise edge)
                                                      0.000     0.000 r  <hidden>
    PS8_X0Y0             PS8                          0.000     0.000 r  system_i/zynq_ultra_ps_e_0/inst/PS8_i/PLCLK[0]
                         net (fo=1, routed)           0.180     0.180    system_i/zynq_ultra_ps_e_0/inst/pl_clk_unbuffered[0]
    BUFG_PS_X0Y80        BUFG_PS (Prop_BUFG_PS_I_O)
                                                      0.028     0.208 r  system_i/zynq_ultra_ps_e_0/inst/buffer_pl_clk_0.PL_CLK_0_BUFG/O
    X1Y3 (CLOCK_ROOT)    net (fo=2867, routed)        1.426     1.634    system_i/aes_ctr_axi_lite_0/inst/s_axi_aclk
    SLICE_X51Y242        FDRE                                         r  system_i/aes_ctr_axi_lite_0/inst/soft_reset_pulse_reg/C
  -------------------------------------------------------------------    -------------------
    SLICE_X51Y242        FDRE (Prop_EFF_SLICEL_C_Q)
                                                      0.079     1.713 f  system_i/aes_ctr_axi_lite_0/inst/soft_reset_pulse_reg/Q
                         net (fo=132, routed)         1.073     2.786    system_i/aes_ctr_axi_lite_0/inst/u_aes/state0_reg[0]_0
    SLICE_X54Y275        LUT2 (Prop_H6LUT_SLICEM_I0_O)
                                                      0.090     2.876 f  system_i/aes_ctr_axi_lite_0/inst/u_aes/valid0_i_2/O
                         net (fo=1, routed)           1.356     4.232    system_i/aes_ctr_axi_lite_0/inst/u_aes/SR[0]_bufg_place
    BUFGCE_X1Y122        BUFGCE (Prop_BUFCE_BUFGCE_I_O)
                                                      0.028     4.260 f  system_i/aes_ctr_axi_lite_0/inst/u_aes/valid0_i_2_bufg_place/O
                         net (fo=1675, routed)        1.351     5.611    system_i/aes_ctr_axi_lite_0/inst/u_aes/SR[0]
    SLICE_X42Y284        FDCE                                         f  system_i/aes_ctr_axi_lite_0/inst/u_aes/state1_reg[17]/CLR
  -------------------------------------------------------------------    -------------------

                         (clock clk_pl_0 rise edge)
                                                     13.333    13.333 r  <hidden>
    PS8_X0Y0             PS8                          0.000    13.333 r  system_i/zynq_ultra_ps_e_0/inst/PS8_i/PLCLK[0]
                         net (fo=1, routed)           0.143    13.476    system_i/zynq_ultra_ps_e_0/inst/pl_clk_unbuffered[0]
    BUFG_PS_X0Y80        BUFG_PS (Prop_BUFG_PS_I_O)
                                                      0.025    13.501 r  system_i/zynq_ultra_ps_e_0/inst/buffer_pl_clk_0.PL_CLK_0_BUFG/O
    X1Y3 (CLOCK_ROOT)    net (fo=2867, routed)        1.256    14.757    system_i/aes_ctr_axi_lite_0/inst/u_aes/s_axi_aclk
    SLICE_X42Y284        FDCE                                         r  system_i/aes_ctr_axi_lite_0/inst/u_aes/state1_reg[17]/C
                         clock pessimism              0.126    14.884    <hidden>
                         clock uncertainty           -0.141    14.743    <hidden>
    SLICE_X42Y284        FDCE (Recov_CFF_SLICEM_C_CLR)
                                                     -0.066    14.677    system_i/aes_ctr_axi_lite_0/inst/u_aes/state1_reg[17]
  -------------------------------------------------------------------
                         required time                         14.677    <hidden>
                         arrival time                          -5.611    <hidden>
  -------------------------------------------------------------------
                         slack                                  9.066    <hidden>

Slack (MET) :             9.066ns  (required time - arrival time)
  Source:                 system_i/aes_ctr_axi_lite_0/inst/soft_reset_pulse_reg/C
                            (rising edge-triggered cell FDRE clocked by clk_pl_0  {rise@0.000ns fall@6.667ns period=13.333ns})
  Destination:            system_i/aes_ctr_axi_lite_0/inst/u_aes/state1_reg[25]/CLR
                            (recovery check against rising-edge clock clk_pl_0  {rise@0.000ns fall@6.667ns period=13.333ns})
  Path Group:             **async_default**
  Path Type:              Recovery (Max at Slow Process Corner)
  Requirement:            13.333ns  (clk_pl_0 rise@13.333ns - clk_pl_0 rise@0.000ns)
  Data Path Delay:        3.977ns  (logic 0.197ns (4.954%)  route 3.780ns (95.046%))
  Logic Levels:           2  (BUFGCE=1 LUT2=1)
  Clock Path Skew:        -0.084ns (DCD - SCD + CPR)
    Destination Clock Delay (DCD):    1.424ns = ( 14.757 - 13.333 ) 
    Source Clock Delay      (SCD):    1.634ns
    Clock Pessimism Removal (CPR):    0.126ns
  Clock Uncertainty:      0.141ns  ((TSJ^2 + DJ^2)^1/2) / 2 + PE
    Total System Jitter     (TSJ):    0.071ns
    Discrete Jitter          (DJ):    0.273ns
    Phase Error              (PE):    0.000ns
  Clock Net Delay (Source):      1.426ns (routing 0.193ns, distribution 1.233ns)
  Clock Net Delay (Destination): 1.256ns (routing 0.172ns, distribution 1.084ns)

    Location             Delay type                Incr(ns)  Path(ns)    Netlist Resource(s)
  -------------------------------------------------------------------    -------------------
                         (clock clk_pl_0 rise edge)
                                                      0.000     0.000 r  <hidden>
    PS8_X0Y0             PS8                          0.000     0.000 r  system_i/zynq_ultra_ps_e_0/inst/PS8_i/PLCLK[0]
                         net (fo=1, routed)           0.180     0.180    system_i/zynq_ultra_ps_e_0/inst/pl_clk_unbuffered[0]
    BUFG_PS_X0Y80        BUFG_PS (Prop_BUFG_PS_I_O)
                                                      0.028     0.208 r  system_i/zynq_ultra_ps_e_0/inst/buffer_pl_clk_0.PL_CLK_0_BUFG/O
    X1Y3 (CLOCK_ROOT)    net (fo=2867, routed)        1.426     1.634    system_i/aes_ctr_axi_lite_0/inst/s_axi_aclk
    SLICE_X51Y242        FDRE                                         r  system_i/aes_ctr_axi_lite_0/inst/soft_reset_pulse_reg/C
  -------------------------------------------------------------------    -------------------
    SLICE_X51Y242        FDRE (Prop_EFF_SLICEL_C_Q)
                                                      0.079     1.713 f  system_i/aes_ctr_axi_lite_0/inst/soft_reset_pulse_reg/Q
                         net (fo=132, routed)         1.073     2.786    system_i/aes_ctr_axi_lite_0/inst/u_aes/state0_reg[0]_0
    SLICE_X54Y275        LUT2 (Prop_H6LUT_SLICEM_I0_O)
                                                      0.090     2.876 f  system_i/aes_ctr_axi_lite_0/inst/u_aes/valid0_i_2/O
                         net (fo=1, routed)           1.356     4.232    system_i/aes_ctr_axi_lite_0/inst/u_aes/SR[0]_bufg_place
    BUFGCE_X1Y122        BUFGCE (Prop_BUFCE_BUFGCE_I_O)
                                                      0.028     4.260 f  system_i/aes_ctr_axi_lite_0/inst/u_aes/valid0_i_2_bufg_place/O
                         net (fo=1675, routed)        1.351     5.611    system_i/aes_ctr_axi_lite_0/inst/u_aes/SR[0]
    SLICE_X42Y284        FDCE                                         f  system_i/aes_ctr_axi_lite_0/inst/u_aes/state1_reg[25]/CLR
  -------------------------------------------------------------------    -------------------

                         (clock clk_pl_0 rise edge)
                                                     13.333    13.333 r  <hidden>
    PS8_X0Y0             PS8                          0.000    13.333 r  system_i/zynq_ultra_ps_e_0/inst/PS8_i/PLCLK[0]
                         net (fo=1, routed)           0.143    13.476    system_i/zynq_ultra_ps_e_0/inst/pl_clk_unbuffered[0]
    BUFG_PS_X0Y80        BUFG_PS (Prop_BUFG_PS_I_O)
                                                      0.025    13.501 r  system_i/zynq_ultra_ps_e_0/inst/buffer_pl_clk_0.PL_CLK_0_BUFG/O
    X1Y3 (CLOCK_ROOT)    net (fo=2867, routed)        1.256    14.757    system_i/aes_ctr_axi_lite_0/inst/u_aes/s_axi_aclk
    SLICE_X42Y284        FDCE                                         r  system_i/aes_ctr_axi_lite_0/inst/u_aes/state1_reg[25]/C
                         clock pessimism              0.126    14.884    <hidden>
                         clock uncertainty           -0.141    14.743    <hidden>
    SLICE_X42Y284        FDCE (Recov_BFF_SLICEM_C_CLR)
                                                     -0.066    14.677    system_i/aes_ctr_axi_lite_0/inst/u_aes/state1_reg[25]
  -------------------------------------------------------------------
                         required time                         14.677    <hidden>
                         arrival time                          -5.611    <hidden>
  -------------------------------------------------------------------
                         slack                                  9.066    <hidden>

Slack (MET) :             9.066ns  (required time - arrival time)
  Source:                 system_i/aes_ctr_axi_lite_0/inst/soft_reset_pulse_reg/C
                            (rising edge-triggered cell FDRE clocked by clk_pl_0  {rise@0.000ns fall@6.667ns period=13.333ns})
  Destination:            system_i/aes_ctr_axi_lite_0/inst/u_aes/state1_reg[26]/CLR
                            (recovery check against rising-edge clock clk_pl_0  {rise@0.000ns fall@6.667ns period=13.333ns})
  Path Group:             **async_default**
  Path Type:              Recovery (Max at Slow Process Corner)
  Requirement:            13.333ns  (clk_pl_0 rise@13.333ns - clk_pl_0 rise@0.000ns)
  Data Path Delay:        3.977ns  (logic 0.197ns (4.954%)  route 3.780ns (95.046%))
  Logic Levels:           2  (BUFGCE=1 LUT2=1)
  Clock Path Skew:        -0.084ns (DCD - SCD + CPR)
    Destination Clock Delay (DCD):    1.424ns = ( 14.757 - 13.333 ) 
    Source Clock Delay      (SCD):    1.634ns
    Clock Pessimism Removal (CPR):    0.126ns
  Clock Uncertainty:      0.141ns  ((TSJ^2 + DJ^2)^1/2) / 2 + PE
    Total System Jitter     (TSJ):    0.071ns
    Discrete Jitter          (DJ):    0.273ns
    Phase Error              (PE):    0.000ns
  Clock Net Delay (Source):      1.426ns (routing 0.193ns, distribution 1.233ns)
  Clock Net Delay (Destination): 1.256ns (routing 0.172ns, distribution 1.084ns)

    Location             Delay type                Incr(ns)  Path(ns)    Netlist Resource(s)
  -------------------------------------------------------------------    -------------------
                         (clock clk_pl_0 rise edge)
                                                      0.000     0.000 r  <hidden>
    PS8_X0Y0             PS8                          0.000     0.000 r  system_i/zynq_ultra_ps_e_0/inst/PS8_i/PLCLK[0]
                         net (fo=1, routed)           0.180     0.180    system_i/zynq_ultra_ps_e_0/inst/pl_clk_unbuffered[0]
    BUFG_PS_X0Y80        BUFG_PS (Prop_BUFG_PS_I_O)
                                                      0.028     0.208 r  system_i/zynq_ultra_ps_e_0/inst/buffer_pl_clk_0.PL_CLK_0_BUFG/O
    X1Y3 (CLOCK_ROOT)    net (fo=2867, routed)        1.426     1.634    system_i/aes_ctr_axi_lite_0/inst/s_axi_aclk
    SLICE_X51Y242        FDRE                                         r  system_i/aes_ctr_axi_lite_0/inst/soft_reset_pulse_reg/C
  -------------------------------------------------------------------    -------------------
    SLICE_X51Y242        FDRE (Prop_EFF_SLICEL_C_Q)
                                                      0.079     1.713 f  system_i/aes_ctr_axi_lite_0/inst/soft_reset_pulse_reg/Q
                         net (fo=132, routed)         1.073     2.786    system_i/aes_ctr_axi_lite_0/inst/u_aes/state0_reg[0]_0
    SLICE_X54Y275        LUT2 (Prop_H6LUT_SLICEM_I0_O)
                                                      0.090     2.876 f  system_i/aes_ctr_axi_lite_0/inst/u_aes/valid0_i_2/O
                         net (fo=1, routed)           1.356     4.232    system_i/aes_ctr_axi_lite_0/inst/u_aes/SR[0]_bufg_place
    BUFGCE_X1Y122        BUFGCE (Prop_BUFCE_BUFGCE_I_O)
                                                      0.028     4.260 f  system_i/aes_ctr_axi_lite_0/inst/u_aes/valid0_i_2_bufg_place/O
                         net (fo=1675, routed)        1.351     5.611    system_i/aes_ctr_axi_lite_0/inst/u_aes/SR[0]
    SLICE_X42Y284        FDCE                                         f  system_i/aes_ctr_axi_lite_0/inst/u_aes/state1_reg[26]/CLR
  -------------------------------------------------------------------    -------------------

                         (clock clk_pl_0 rise edge)
                                                     13.333    13.333 r  <hidden>
    PS8_X0Y0             PS8                          0.000    13.333 r  system_i/zynq_ultra_ps_e_0/inst/PS8_i/PLCLK[0]
                         net (fo=1, routed)           0.143    13.476    system_i/zynq_ultra_ps_e_0/inst/pl_clk_unbuffered[0]
    BUFG_PS_X0Y80        BUFG_PS (Prop_BUFG_PS_I_O)
                                                      0.025    13.501 r  system_i/zynq_ultra_ps_e_0/inst/buffer_pl_clk_0.PL_CLK_0_BUFG/O
    X1Y3 (CLOCK_ROOT)    net (fo=2867, routed)        1.256    14.757    system_i/aes_ctr_axi_lite_0/inst/u_aes/s_axi_aclk
    SLICE_X42Y284        FDCE                                         r  system_i/aes_ctr_axi_lite_0/inst/u_aes/state1_reg[26]/C
                         clock pessimism              0.126    14.884    <hidden>
                         clock uncertainty           -0.141    14.743    <hidden>
    SLICE_X42Y284        FDCE (Recov_AFF_SLICEM_C_CLR)
                                                     -0.066    14.677    system_i/aes_ctr_axi_lite_0/inst/u_aes/state1_reg[26]
  -------------------------------------------------------------------
                         required time                         14.677    <hidden>
                         arrival time                          -5.611    <hidden>
  -------------------------------------------------------------------
                         slack                                  9.066    <hidden>

Slack (MET) :             9.066ns  (required time - arrival time)
  Source:                 system_i/aes_ctr_axi_lite_0/inst/soft_reset_pulse_reg/C
                            (rising edge-triggered cell FDRE clocked by clk_pl_0  {rise@0.000ns fall@6.667ns period=13.333ns})
  Destination:            system_i/aes_ctr_axi_lite_0/inst/u_aes/state1_reg[37]/CLR
                            (recovery check against rising-edge clock clk_pl_0  {rise@0.000ns fall@6.667ns period=13.333ns})
  Path Group:             **async_default**
  Path Type:              Recovery (Max at Slow Process Corner)
  Requirement:            13.333ns  (clk_pl_0 rise@13.333ns - clk_pl_0 rise@0.000ns)
  Data Path Delay:        3.975ns  (logic 0.197ns (4.956%)  route 3.778ns (95.044%))
  Logic Levels:           2  (BUFGCE=1 LUT2=1)
  Clock Path Skew:        -0.086ns (DCD - SCD + CPR)
    Destination Clock Delay (DCD):    1.422ns = ( 14.755 - 13.333 ) 
    Source Clock Delay      (SCD):    1.634ns
    Clock Pessimism Removal (CPR):    0.126ns
  Clock Uncertainty:      0.141ns  ((TSJ^2 + DJ^2)^1/2) / 2 + PE
    Total System Jitter     (TSJ):    0.071ns
    Discrete Jitter          (DJ):    0.273ns
    Phase Error              (PE):    0.000ns
  Clock Net Delay (Source):      1.426ns (routing 0.193ns, distribution 1.233ns)
  Clock Net Delay (Destination): 1.254ns (routing 0.172ns, distribution 1.082ns)

    Location             Delay type                Incr(ns)  Path(ns)    Netlist Resource(s)
  -------------------------------------------------------------------    -------------------
                         (clock clk_pl_0 rise edge)
                                                      0.000     0.000 r  <hidden>
    PS8_X0Y0             PS8                          0.000     0.000 r  system_i/zynq_ultra_ps_e_0/inst/PS8_i/PLCLK[0]
                         net (fo=1, routed)           0.180     0.180    system_i/zynq_ultra_ps_e_0/inst/pl_clk_unbuffered[0]
    BUFG_PS_X0Y80        BUFG_PS (Prop_BUFG_PS_I_O)
                                                      0.028     0.208 r  system_i/zynq_ultra_ps_e_0/inst/buffer_pl_clk_0.PL_CLK_0_BUFG/O
    X1Y3 (CLOCK_ROOT)    net (fo=2867, routed)        1.426     1.634    system_i/aes_ctr_axi_lite_0/inst/s_axi_aclk
    SLICE_X51Y242        FDRE                                         r  system_i/aes_ctr_axi_lite_0/inst/soft_reset_pulse_reg/C
  -------------------------------------------------------------------    -------------------
    SLICE_X51Y242        FDRE (Prop_EFF_SLICEL_C_Q)
                                                      0.079     1.713 f  system_i/aes_ctr_axi_lite_0/inst/soft_reset_pulse_reg/Q
                         net (fo=132, routed)         1.073     2.786    system_i/aes_ctr_axi_lite_0/inst/u_aes/state0_reg[0]_0
    SLICE_X54Y275        LUT2 (Prop_H6LUT_SLICEM_I0_O)
                                                      0.090     2.876 f  system_i/aes_ctr_axi_lite_0/inst/u_aes/valid0_i_2/O
                         net (fo=1, routed)           1.356     4.232    system_i/aes_ctr_axi_lite_0/inst/u_aes/SR[0]_bufg_place
    BUFGCE_X1Y122        BUFGCE (Prop_BUFCE_BUFGCE_I_O)
                                                      0.028     4.260 f  system_i/aes_ctr_axi_lite_0/inst/u_aes/valid0_i_2_bufg_place/O
                         net (fo=1675, routed)        1.349     5.609    system_i/aes_ctr_axi_lite_0/inst/u_aes/SR[0]
    SLICE_X50Y288        FDCE                                         f  system_i/aes_ctr_axi_lite_0/inst/u_aes/state1_reg[37]/CLR
  -------------------------------------------------------------------    -------------------

                         (clock clk_pl_0 rise edge)
                                                     13.333    13.333 r  <hidden>
    PS8_X0Y0             PS8                          0.000    13.333 r  system_i/zynq_ultra_ps_e_0/inst/PS8_i/PLCLK[0]
                         net (fo=1, routed)           0.143    13.476    system_i/zynq_ultra_ps_e_0/inst/pl_clk_unbuffered[0]
    BUFG_PS_X0Y80        BUFG_PS (Prop_BUFG_PS_I_O)
                                                      0.025    13.501 r  system_i/zynq_ultra_ps_e_0/inst/buffer_pl_clk_0.PL_CLK_0_BUFG/O
    X1Y3 (CLOCK_ROOT)    net (fo=2867, routed)        1.254    14.755    system_i/aes_ctr_axi_lite_0/inst/u_aes/s_axi_aclk
    SLICE_X50Y288        FDCE                                         r  system_i/aes_ctr_axi_lite_0/inst/u_aes/state1_reg[37]/C
                         clock pessimism              0.126    14.882    <hidden>
                         clock uncertainty           -0.141    14.741    <hidden>
    SLICE_X50Y288        FDCE (Recov_DFF_SLICEM_C_CLR)
                                                     -0.066    14.675    system_i/aes_ctr_axi_lite_0/inst/u_aes/state1_reg[37]
  -------------------------------------------------------------------
                         required time                         14.675    <hidden>
                         arrival time                          -5.609    <hidden>
  -------------------------------------------------------------------
                         slack                                  9.066    <hidden>

Slack (MET) :             9.066ns  (required time - arrival time)
  Source:                 system_i/aes_ctr_axi_lite_0/inst/soft_reset_pulse_reg/C
                            (rising edge-triggered cell FDRE clocked by clk_pl_0  {rise@0.000ns fall@6.667ns period=13.333ns})
  Destination:            system_i/aes_ctr_axi_lite_0/inst/u_aes/state1_reg[61]/CLR
                            (recovery check against rising-edge clock clk_pl_0  {rise@0.000ns fall@6.667ns period=13.333ns})
  Path Group:             **async_default**
  Path Type:              Recovery (Max at Slow Process Corner)
  Requirement:            13.333ns  (clk_pl_0 rise@13.333ns - clk_pl_0 rise@0.000ns)
  Data Path Delay:        3.975ns  (logic 0.197ns (4.956%)  route 3.778ns (95.044%))
  Logic Levels:           2  (BUFGCE=1 LUT2=1)
  Clock Path Skew:        -0.086ns (DCD - SCD + CPR)
    Destination Clock Delay (DCD):    1.422ns = ( 14.755 - 13.333 ) 
    Source Clock Delay      (SCD):    1.634ns
    Clock Pessimism Removal (CPR):    0.126ns
  Clock Uncertainty:      0.141ns  ((TSJ^2 + DJ^2)^1/2) / 2 + PE
    Total System Jitter     (TSJ):    0.071ns
    Discrete Jitter          (DJ):    0.273ns
    Phase Error              (PE):    0.000ns
  Clock Net Delay (Source):      1.426ns (routing 0.193ns, distribution 1.233ns)
  Clock Net Delay (Destination): 1.254ns (routing 0.172ns, distribution 1.082ns)

    Location             Delay type                Incr(ns)  Path(ns)    Netlist Resource(s)
  -------------------------------------------------------------------    -------------------
                         (clock clk_pl_0 rise edge)
                                                      0.000     0.000 r  <hidden>
    PS8_X0Y0             PS8                          0.000     0.000 r  system_i/zynq_ultra_ps_e_0/inst/PS8_i/PLCLK[0]
                         net (fo=1, routed)           0.180     0.180    system_i/zynq_ultra_ps_e_0/inst/pl_clk_unbuffered[0]
    BUFG_PS_X0Y80        BUFG_PS (Prop_BUFG_PS_I_O)
                                                      0.028     0.208 r  system_i/zynq_ultra_ps_e_0/inst/buffer_pl_clk_0.PL_CLK_0_BUFG/O
    X1Y3 (CLOCK_ROOT)    net (fo=2867, routed)        1.426     1.634    system_i/aes_ctr_axi_lite_0/inst/s_axi_aclk
    SLICE_X51Y242        FDRE                                         r  system_i/aes_ctr_axi_lite_0/inst/soft_reset_pulse_reg/C
  -------------------------------------------------------------------    -------------------
    SLICE_X51Y242        FDRE (Prop_EFF_SLICEL_C_Q)
                                                      0.079     1.713 f  system_i/aes_ctr_axi_lite_0/inst/soft_reset_pulse_reg/Q
                         net (fo=132, routed)         1.073     2.786    system_i/aes_ctr_axi_lite_0/inst/u_aes/state0_reg[0]_0
    SLICE_X54Y275        LUT2 (Prop_H6LUT_SLICEM_I0_O)
                                                      0.090     2.876 f  system_i/aes_ctr_axi_lite_0/inst/u_aes/valid0_i_2/O
                         net (fo=1, routed)           1.356     4.232    system_i/aes_ctr_axi_lite_0/inst/u_aes/SR[0]_bufg_place
    BUFGCE_X1Y122        BUFGCE (Prop_BUFCE_BUFGCE_I_O)
                                                      0.028     4.260 f  system_i/aes_ctr_axi_lite_0/inst/u_aes/valid0_i_2_bufg_place/O
                         net (fo=1675, routed)        1.349     5.609    system_i/aes_ctr_axi_lite_0/inst/u_aes/SR[0]
    SLICE_X50Y288        FDCE                                         f  system_i/aes_ctr_axi_lite_0/inst/u_aes/state1_reg[61]/CLR
  -------------------------------------------------------------------    -------------------

                         (clock clk_pl_0 rise edge)
                                                     13.333    13.333 r  <hidden>
    PS8_X0Y0             PS8                          0.000    13.333 r  system_i/zynq_ultra_ps_e_0/inst/PS8_i/PLCLK[0]
                         net (fo=1, routed)           0.143    13.476    system_i/zynq_ultra_ps_e_0/inst/pl_clk_unbuffered[0]
    BUFG_PS_X0Y80        BUFG_PS (Prop_BUFG_PS_I_O)
                                                      0.025    13.501 r  system_i/zynq_ultra_ps_e_0/inst/buffer_pl_clk_0.PL_CLK_0_BUFG/O
    X1Y3 (CLOCK_ROOT)    net (fo=2867, routed)        1.254    14.755    system_i/aes_ctr_axi_lite_0/inst/u_aes/s_axi_aclk
    SLICE_X50Y288        FDCE                                         r  system_i/aes_ctr_axi_lite_0/inst/u_aes/state1_reg[61]/C
                         clock pessimism              0.126    14.882    <hidden>
                         clock uncertainty           -0.141    14.741    <hidden>
    SLICE_X50Y288        FDCE (Recov_AFF_SLICEM_C_CLR)
                                                     -0.066    14.675    system_i/aes_ctr_axi_lite_0/inst/u_aes/state1_reg[61]
  -------------------------------------------------------------------
                         required time                         14.675    <hidden>
                         arrival time                          -5.609    <hidden>
  -------------------------------------------------------------------
                         slack                                  9.066    <hidden>





