Copyright 1986-2022 Xilinx, Inc. All Rights Reserved. Copyright 2022-2026 Advanced Micro Devices, Inc. All Rights Reserved.
----------------------------------------------------------------------------------------------------------------------------------------------------------------------------------
| Tool Version      : Vivado v.2026.1 (win64) Build 6511674 Tue Jun 16 11:02:23 MDT 2026
| Date              : Sun Sep  6 09:29:12 2026
| Host              : karan running 64-bit major release  (build 9200)
| Command           : report_timing_summary -delay_type min_max -max_paths 10 -report_unconstrained -file C:/ZCU104_AES_GCM_AXI_DMA_2026_1/gcm_reports/gcm_dma_timing_summary.rpt
| Design            : system_wrapper
| Device            : xczu7ev-ffvc1156
| Speed File        : -2  PRODUCTION 1.31 12-08-2025
| Design State      : Routed
| Temperature Grade : E
----------------------------------------------------------------------------------------------------------------------------------------------------------------------------------

Timing Summary Report

------------------------------------------------------------------------------------------------
| Timer Settings
| --------------
------------------------------------------------------------------------------------------------

  Enable Multi Corner Analysis               :  Yes
  Enable Pessimism Removal                   :  Yes
  Pessimism Removal Resolution               :  Nearest Common Node
  Enable Input Delay Default Clock           :  No
  Enable Preset / Clear Arcs                 :  No
  Disable Flight Delays                      :  No
  Ignore I/O Paths                           :  No
  Timing Early Launch at Borrowing Latches   :  No
  Borrow Time for Max Delay Exceptions       :  Yes
  Merge Timing Exceptions                    :  Yes
  Inter-SLR Compensation                     :  Conservative

  Corner  Analyze    Analyze    
  Name    Max Paths  Min Paths  
  ------  ---------  ---------  
  Slow    Yes        Yes        
  Fast    Yes        Yes        


------------------------------------------------------------------------------------------------
| Report Methodology
| ------------------
------------------------------------------------------------------------------------------------

No report available as report_methodology has not been run prior. Run report_methodology on the current design for the summary of methodology violations.



check_timing report

Table of Contents
-----------------
1. checking no_clock (0)
2. checking constant_clock (0)
3. checking pulse_width_clock (0)
4. checking unconstrained_internal_endpoints (0)
5. checking no_input_delay (0)
6. checking no_output_delay (0)
7. checking multiple_clock (0)
8. checking generated_clocks (0)
9. checking loops (0)
10. checking partial_input_delay (0)
11. checking partial_output_delay (0)
12. checking latch_loops (0)

1. checking no_clock (0)
------------------------
 There are 0 register/latch pins with no clock.


2. checking constant_clock (0)
------------------------------
 There are 0 register/latch pins with constant_clock.


3. checking pulse_width_clock (0)
---------------------------------
 There are 0 register/latch pins which need pulse_width check


4. checking unconstrained_internal_endpoints (0)
------------------------------------------------
 There are 0 pins that are not constrained for maximum delay.

 There are 0 pins that are not constrained for maximum delay due to constant clock.


5. checking no_input_delay (0)
------------------------------
 There are 0 input ports with no input delay specified.

 There are 0 input ports with no input delay but user has a false path constraint.


6. checking no_output_delay (0)
-------------------------------
 There are 0 ports with no output delay specified.

 There are 0 ports with no output delay but user has a false path constraint

 There are 0 ports with no output delay but with a timing clock defined on it or propagating through it


7. checking multiple_clock (0)
------------------------------
 There are 0 register/latch pins with multiple clocks.


8. checking generated_clocks (0)
--------------------------------
 There are 0 generated clocks that are not connected to a clock source.


9. checking loops (0)
---------------------
 There are 0 combinational loops in the design.


10. checking partial_input_delay (0)
------------------------------------
 There are 0 input ports with partial input delay specified.


11. checking partial_output_delay (0)
-------------------------------------
 There are 0 ports with partial output delay specified.


12. checking latch_loops (0)
----------------------------
 There are 0 combinational latch loops in the design through latch input



------------------------------------------------------------------------------------------------
| Design Timing Summary
| ---------------------
------------------------------------------------------------------------------------------------

    WNS(ns)      TNS(ns)  TNS Failing Endpoints  TNS Total Endpoints      WHS(ns)      THS(ns)  THS Failing Endpoints  THS Total Endpoints     WPWS(ns)     TPWS(ns)  TPWS Failing Endpoints  TPWS Total Endpoints  
    -------      -------  ---------------------  -------------------      -------      -------  ---------------------  -------------------     --------     --------  ----------------------  --------------------  
      0.187        0.000                      0                40758        0.010        0.000                      0                40758        5.166        0.000                       0                 13924  


All user specified timing constraints are met.


------------------------------------------------------------------------------------------------
| Clock Summary
| -------------
------------------------------------------------------------------------------------------------

Clock     Waveform(ns)       Period(ns)      Frequency(MHz)
-----     ------------       ----------      --------------
clk_pl_0  {0.000 6.667}      13.333          75.002          


------------------------------------------------------------------------------------------------
| Intra Clock Table
| -----------------
------------------------------------------------------------------------------------------------

Clock             WNS(ns)      TNS(ns)  TNS Failing Endpoints  TNS Total Endpoints      WHS(ns)      THS(ns)  THS Failing Endpoints  THS Total Endpoints     WPWS(ns)     TPWS(ns)  TPWS Failing Endpoints  TPWS Total Endpoints  
-----             -------      -------  ---------------------  -------------------      -------      -------  ---------------------  -------------------     --------     --------  ----------------------  --------------------  
clk_pl_0            0.187        0.000                      0                38823        0.010        0.000                      0                38823        5.166        0.000                       0                 13924  


------------------------------------------------------------------------------------------------
| Inter Clock Table
| -----------------
------------------------------------------------------------------------------------------------

From Clock    To Clock          WNS(ns)      TNS(ns)  TNS Failing Endpoints  TNS Total Endpoints      WHS(ns)      THS(ns)  THS Failing Endpoints  THS Total Endpoints  
----------    --------          -------      -------  ---------------------  -------------------      -------      -------  ---------------------  -------------------  


------------------------------------------------------------------------------------------------
| Other Path Groups Table
| -----------------------
------------------------------------------------------------------------------------------------

Path Group         From Clock         To Clock               WNS(ns)      TNS(ns)  TNS Failing Endpoints  TNS Total Endpoints      WHS(ns)      THS(ns)  THS Failing Endpoints  THS Total Endpoints  
----------         ----------         --------               -------      -------  ---------------------  -------------------      -------      -------  ---------------------  -------------------  
**async_default**  clk_pl_0           clk_pl_0                 6.191        0.000                      0                 1935        1.446        0.000                      0                 1935  


------------------------------------------------------------------------------------------------
| User Ignored Path Table
| -----------------------
------------------------------------------------------------------------------------------------

Path Group    From Clock    To Clock    
----------    ----------    --------    
(none)                      clk_pl_0      
(none)        clk_pl_0      clk_pl_0      


------------------------------------------------------------------------------------------------
| Unconstrained Path Table
| ------------------------
------------------------------------------------------------------------------------------------

Path Group    From Clock    To Clock    
----------    ----------    --------    


------------------------------------------------------------------------------------------------
| Timing Details
| --------------
------------------------------------------------------------------------------------------------


---------------------------------------------------------------------------------------------------
From Clock:  clk_pl_0
  To Clock:  clk_pl_0

Setup :            0  Failing Endpoints,  Worst Slack        0.187ns,  Total Violation        0.000ns
Hold  :            0  Failing Endpoints,  Worst Slack        0.010ns,  Total Violation        0.000ns
PW    :            0  Failing Endpoints,  Worst Slack        5.166ns,  Total Violation        0.000ns
---------------------------------------------------------------------------------------------------


Max Delay Paths
--------------------------------------------------------------------------------------
Slack (MET) :             0.187ns  (required time - arrival time)
  Source:                 system_i/aes_gcm_axis_0/inst/key_reg3_reg[0]/C
                            (rising edge-triggered cell FDRE clocked by clk_pl_0  {rise@0.000ns fall@6.667ns period=13.333ns})
  Destination:            system_i/aes_gcm_axis_0/inst/u_aes/ciphertext_reg[83]/D
                            (rising edge-triggered cell FDCE clocked by clk_pl_0  {rise@0.000ns fall@6.667ns period=13.333ns})
  Path Group:             clk_pl_0
  Path Type:              Setup (Max at Slow Process Corner)
  Requirement:            13.333ns  (clk_pl_0 rise@13.333ns - clk_pl_0 rise@0.000ns)
  Data Path Delay:        12.966ns  (logic 4.135ns (31.892%)  route 8.831ns (68.108%))
  Logic Levels:           47  (LUT2=5 LUT3=5 LUT4=2 LUT5=2 LUT6=20 MUXF7=7 MUXF8=6)
  Clock Path Skew:        -0.064ns (DCD - SCD + CPR)
    Destination Clock Delay (DCD):    1.927ns = ( 15.260 - 13.333 ) 
    Source Clock Delay      (SCD):    2.170ns
    Clock Pessimism Removal (CPR):    0.179ns
  Clock Uncertainty:      0.141ns  ((TSJ^2 + DJ^2)^1/2) / 2 + PE
    Total System Jitter     (TSJ):    0.071ns
    Discrete Jitter          (DJ):    0.273ns
    Phase Error              (PE):    0.000ns
  Clock Net Delay (Source):      1.962ns (routing 0.569ns, distribution 1.393ns)
  Clock Net Delay (Destination): 1.759ns (routing 0.512ns, distribution 1.247ns)

    Location             Delay type                Incr(ns)  Path(ns)    Netlist Resource(s)
  -------------------------------------------------------------------    -------------------
                         (clock clk_pl_0 rise edge)
                                                      0.000     0.000 r  <hidden>
    PS8_X0Y0             PS8                          0.000     0.000 r  system_i/zynq_ultra_ps_e_0/inst/PS8_i/PLCLK[0]
                         net (fo=1, routed)           0.180     0.180    system_i/zynq_ultra_ps_e_0/inst/pl_clk_unbuffered[0]
    BUFG_PS_X0Y80        BUFG_PS (Prop_BUFG_PS_I_O)
                                                      0.028     0.208 r  system_i/zynq_ultra_ps_e_0/inst/buffer_pl_clk_0.PL_CLK_0_BUFG/O
    X1Y2 (CLOCK_ROOT)    net (fo=13924, routed)       1.962     2.170    system_i/aes_gcm_axis_0/inst/aclk
    SLICE_X75Y286        FDRE                                         r  system_i/aes_gcm_axis_0/inst/key_reg3_reg[0]/C
  -------------------------------------------------------------------    -------------------
    SLICE_X75Y286        FDRE (Prop_DFF_SLICEL_C_Q)
                                                      0.079     2.249 r  system_i/aes_gcm_axis_0/inst/key_reg3_reg[0]/Q
                         net (fo=36, routed)          0.320     2.569    system_i/aes_gcm_axis_0/inst/u_aes/key_value[0]
    SLICE_X76Y290        LUT6 (Prop_C6LUT_SLICEL_I0_O)
                                                      0.123     2.692 r  system_i/aes_gcm_axis_0/inst/u_aes/g1_b6__0/O
                         net (fo=2, routed)           0.090     2.782    system_i/aes_gcm_axis_0/inst/u_key_expansion/state8_reg[46]_1
    SLICE_X76Y288        LUT6 (Prop_C6LUT_SLICEL_I3_O)
                                                      0.096     2.878 r  system_i/aes_gcm_axis_0/inst/u_key_expansion/aes_sbox_inferred__0/state8[46]_i_2/O
                         net (fo=10, routed)          0.253     3.131    system_i/aes_gcm_axis_0/inst/u_aes/SubWord_return[14]
    SLICE_X78Y292        LUT5 (Prop_H6LUT_SLICEM_I2_O)
                                                      0.053     3.184 r  system_i/aes_gcm_axis_0/inst/u_aes/state1[14]_i_2/O
                         net (fo=24, routed)          0.314     3.498    system_i/aes_gcm_axis_0/inst/u_key_expansion/state4_reg[96][114]
    SLICE_X78Y289        MUXF7 (Prop_F7MUX_EF_SLICEM_S_O)
                                                      0.070     3.568 r  system_i/aes_gcm_axis_0/inst/u_key_expansion/aes_sbox_inferred__5/g0_b0_i_20/O
                         net (fo=1, routed)           0.000     3.568    system_i/aes_gcm_axis_0/inst/u_key_expansion/aes_sbox_inferred__5/g0_b0_i_20_n_0
    SLICE_X78Y289        MUXF8 (Prop_F8MUX_TOP_SLICEM_I1_O)
                                                      0.028     3.596 r  system_i/aes_gcm_axis_0/inst/u_key_expansion/aes_sbox_inferred__5/g0_b0_i_10/O
                         net (fo=18, routed)          0.238     3.833    system_i/aes_gcm_axis_0/inst/u_aes/state4_reg[115]_1
    SLICE_X79Y293        LUT3 (Prop_F6LUT_SLICEM_I0_O)
                                                      0.037     3.870 r  system_i/aes_gcm_axis_0/inst/u_aes/g0_b0_i_4__19/O
                         net (fo=34, routed)          0.299     4.169    system_i/aes_gcm_axis_0/inst/u_aes/round_keys[1043]
    SLICE_X78Y297        LUT6 (Prop_C6LUT_SLICEM_I3_O)
                                                      0.145     4.314 r  system_i/aes_gcm_axis_0/inst/u_aes/g1_b5__10/O
                         net (fo=1, routed)           0.021     4.335    system_i/aes_gcm_axis_0/inst/u_key_expansion/aes_sbox_inferred__10/state4_reg[125]_i_3_1
    SLICE_X78Y297        MUXF7 (Prop_F7MUX_CD_SLICEM_I1_O)
                                                      0.061     4.396 r  system_i/aes_gcm_axis_0/inst/u_key_expansion/aes_sbox_inferred__10/state4_reg[125]_i_7/O
                         net (fo=1, routed)           0.000     4.396    system_i/aes_gcm_axis_0/inst/u_key_expansion/aes_sbox_inferred__10/state4_reg[125]_i_7_n_0
    SLICE_X78Y297        MUXF8 (Prop_F8MUX_BOT_SLICEM_I0_O)
                                                      0.030     4.426 r  system_i/aes_gcm_axis_0/inst/u_key_expansion/aes_sbox_inferred__10/state4_reg[125]_i_3/O
                         net (fo=10, routed)          0.235     4.661    system_i/aes_gcm_axis_0/inst/u_aes/state4_reg[125]_2
    SLICE_X74Y299        LUT4 (Prop_D6LUT_SLICEM_I0_O)
                                                      0.122     4.783 r  system_i/aes_gcm_axis_0/inst/u_aes/g0_b0_i_12__11/O
                         net (fo=9, routed)           0.190     4.973    system_i/aes_gcm_axis_0/inst/u_aes/round_keys[957]
    SLICE_X73Y300        LUT2 (Prop_F6LUT_SLICEM_I0_O)
                                                      0.037     5.010 r  system_i/aes_gcm_axis_0/inst/u_aes/g0_b0_i_6__16/O
                         net (fo=34, routed)          0.330     5.340    system_i/aes_gcm_axis_0/inst/u_aes/round_keys[925]
    SLICE_X71Y299        LUT6 (Prop_F6LUT_SLICEM_I5_O)
                                                      0.148     5.488 r  system_i/aes_gcm_axis_0/inst/u_aes/g2_b3__11/O
                         net (fo=1, routed)           0.023     5.511    system_i/aes_gcm_axis_0/inst/u_key_expansion/aes_sbox_inferred__11/state4_reg[99]_i_2_2
    SLICE_X71Y299        MUXF7 (Prop_F7MUX_EF_SLICEM_I0_O)
                                                      0.061     5.572 r  system_i/aes_gcm_axis_0/inst/u_key_expansion/aes_sbox_inferred__11/state4_reg[99]_i_6/O
                         net (fo=1, routed)           0.000     5.572    system_i/aes_gcm_axis_0/inst/u_key_expansion/aes_sbox_inferred__11/state4_reg[99]_i_6_n_0
    SLICE_X71Y299        MUXF8 (Prop_F8MUX_TOP_SLICEM_I1_O)
                                                      0.028     5.600 r  system_i/aes_gcm_axis_0/inst/u_key_expansion/aes_sbox_inferred__11/state4_reg[99]_i_2/O
                         net (fo=5, routed)           0.248     5.848    system_i/aes_gcm_axis_0/inst/u_aes/state4_reg[99]_0
    SLICE_X71Y295        LUT3 (Prop_G6LUT_SLICEM_I0_O)
                                                      0.090     5.938 r  system_i/aes_gcm_axis_0/inst/u_aes/g0_b0_i_10__18/O
                         net (fo=9, routed)           0.228     6.166    system_i/aes_gcm_axis_0/inst/u_aes/round_keys[835]
    SLICE_X69Y293        LUT3 (Prop_C6LUT_SLICEL_I0_O)
                                                      0.123     6.289 r  system_i/aes_gcm_axis_0/inst/u_aes/g0_b0_i_4__25/O
                         net (fo=34, routed)          0.242     6.531    system_i/aes_gcm_axis_0/inst/u_aes/round_keys[771]
    SLICE_X69Y287        LUT6 (Prop_H6LUT_SLICEL_I3_O)
                                                      0.150     6.681 r  system_i/aes_gcm_axis_0/inst/u_aes/g0_b4__16/O
                         net (fo=1, routed)           0.010     6.691    system_i/aes_gcm_axis_0/inst/u_key_expansion/aes_sbox_inferred__16/g0_b0_i_17_0
    SLICE_X69Y287        MUXF7 (Prop_F7MUX_GH_SLICEL_I0_O)
                                                      0.057     6.748 r  system_i/aes_gcm_axis_0/inst/u_key_expansion/aes_sbox_inferred__16/g0_b0_i_27/O
                         net (fo=1, routed)           0.000     6.748    system_i/aes_gcm_axis_0/inst/u_key_expansion/aes_sbox_inferred__16/g0_b0_i_27_n_0
    SLICE_X69Y287        MUXF8 (Prop_F8MUX_TOP_SLICEL_I0_O)
                                                      0.026     6.774 r  system_i/aes_gcm_axis_0/inst/u_key_expansion/aes_sbox_inferred__16/g0_b0_i_17/O
                         net (fo=4, routed)           0.219     6.993    system_i/aes_gcm_axis_0/inst/u_aes/state9_reg[108]_1
    SLICE_X73Y287        LUT6 (Prop_G6LUT_SLICEM_I2_O)
                                                      0.100     7.093 r  system_i/aes_gcm_axis_0/inst/u_aes/g0_b0_i_11__10/O
                         net (fo=8, routed)           0.173     7.266    system_i/aes_gcm_axis_0/inst/u_aes/round_keys[748]
    SLICE_X74Y289        LUT3 (Prop_F6LUT_SLICEM_I1_O)
                                                      0.098     7.364 r  system_i/aes_gcm_axis_0/inst/u_aes/g0_b0_i_5__26/O
                         net (fo=34, routed)          0.403     7.767    system_i/aes_gcm_axis_0/inst/u_aes/round_keys[652]
    SLICE_X81Y290        LUT6 (Prop_H6LUT_SLICEM_I4_O)
                                                      0.125     7.892 r  system_i/aes_gcm_axis_0/inst/u_aes/g0_b3__21/O
                         net (fo=1, routed)           0.014     7.906    system_i/aes_gcm_axis_0/inst/u_key_expansion/aes_sbox_inferred__21/g0_b0_i_16_0
    SLICE_X81Y290        MUXF7 (Prop_F7MUX_GH_SLICEM_I0_O)
                                                      0.059     7.965 r  system_i/aes_gcm_axis_0/inst/u_key_expansion/aes_sbox_inferred__21/g0_b0_i_25/O
                         net (fo=1, routed)           0.000     7.965    system_i/aes_gcm_axis_0/inst/u_key_expansion/aes_sbox_inferred__21/g0_b0_i_25_n_0
    SLICE_X81Y290        MUXF8 (Prop_F8MUX_TOP_SLICEM_I0_O)
                                                      0.028     7.993 r  system_i/aes_gcm_axis_0/inst/u_key_expansion/aes_sbox_inferred__21/g0_b0_i_16/O
                         net (fo=4, routed)           0.205     8.198    system_i/aes_gcm_axis_0/inst/u_aes/state9_reg[115]_0
    SLICE_X83Y291        LUT6 (Prop_H6LUT_SLICEM_I3_O)
                                                      0.101     8.299 r  system_i/aes_gcm_axis_0/inst/u_aes/g0_b0_i_10__7/O
                         net (fo=6, routed)           0.361     8.660    system_i/aes_gcm_axis_0/inst/u_aes/round_keys[627]
    SLICE_X82Y301        LUT4 (Prop_H6LUT_SLICEL_I2_O)
                                                      0.036     8.696 r  system_i/aes_gcm_axis_0/inst/u_aes/g0_b0_i_4__30/O
                         net (fo=35, routed)          0.325     9.020    system_i/aes_gcm_axis_0/inst/u_aes/round_keys[531]
    SLICE_X78Y306        LUT6 (Prop_F6LUT_SLICEM_I3_O)
                                                      0.088     9.108 r  system_i/aes_gcm_axis_0/inst/u_aes/g2_b0__26/O
                         net (fo=1, routed)           0.023     9.131    system_i/aes_gcm_axis_0/inst/u_key_expansion/aes_sbox_inferred__26/g0_b0_i_22_0
    SLICE_X78Y306        MUXF7 (Prop_F7MUX_EF_SLICEM_I0_O)
                                                      0.061     9.192 r  system_i/aes_gcm_axis_0/inst/u_key_expansion/aes_sbox_inferred__26/g0_b0_i_50/O
                         net (fo=1, routed)           0.000     9.192    system_i/aes_gcm_axis_0/inst/u_key_expansion/aes_sbox_inferred__26/g0_b0_i_50_n_0
    SLICE_X78Y306        MUXF8 (Prop_F8MUX_TOP_SLICEM_I1_O)
                                                      0.028     9.220 r  system_i/aes_gcm_axis_0/inst/u_key_expansion/aes_sbox_inferred__26/g0_b0_i_22/O
                         net (fo=4, routed)           0.274     9.495    system_i/aes_gcm_axis_0/inst/u_aes/state9_reg[56]_0
    SLICE_X77Y309        LUT6 (Prop_G6LUT_SLICEL_I3_O)
                                                      0.149     9.644 r  system_i/aes_gcm_axis_0/inst/u_aes/state7[120]_i_7/O
                         net (fo=4, routed)           0.110     9.754    system_i/aes_gcm_axis_0/inst/u_aes/round_keys[504]
    SLICE_X76Y309        LUT3 (Prop_A6LUT_SLICEL_I2_O)
                                                      0.124     9.878 r  system_i/aes_gcm_axis_0/inst/u_aes/g0_b0_i_7__26/O
                         net (fo=5, routed)           0.159    10.037    system_i/aes_gcm_axis_0/inst/u_aes/round_keys[440]
    SLICE_X75Y309        LUT2 (Prop_F6LUT_SLICEL_I0_O)
                                                      0.049    10.086 r  system_i/aes_gcm_axis_0/inst/u_aes/g0_b0_i_1__12/O
                         net (fo=35, routed)          0.367    10.453    system_i/aes_gcm_axis_0/inst/u_aes/round_keys[408]
    SLICE_X73Y313        LUT6 (Prop_A6LUT_SLICEM_I0_O)
                                                      0.125    10.578 r  system_i/aes_gcm_axis_0/inst/u_aes/g3_b0__27/O
                         net (fo=1, routed)           0.107    10.685    system_i/aes_gcm_axis_0/inst/u_key_expansion/state9[96]_i_3
    SLICE_X73Y313        LUT6 (Prop_E6LUT_SLICEM_I0_O)
                                                      0.124    10.809 r  system_i/aes_gcm_axis_0/inst/u_key_expansion/aes_sbox_inferred__27/g0_b0_i_23/O
                         net (fo=4, routed)           0.339    11.148    system_i/aes_gcm_axis_0/inst/u_aes/state8_reg[96]_0
    SLICE_X69Y306        LUT6 (Prop_H6LUT_SLICEL_I3_O)
                                                      0.090    11.238 r  system_i/aes_gcm_axis_0/inst/u_aes/state8[96]_i_2/O
                         net (fo=2, routed)           0.235    11.473    system_i/aes_gcm_axis_0/inst/u_aes/round_keys[352]
    SLICE_X68Y303        LUT5 (Prop_F6LUT_SLICEL_I4_O)
                                                      0.089    11.562 r  system_i/aes_gcm_axis_0/inst/u_aes/g0_b0_i_8__19/O
                         net (fo=4, routed)           0.095    11.657    system_i/aes_gcm_axis_0/inst/u_aes/round_keys[320]
    SLICE_X68Y301        LUT2 (Prop_G5LUT_SLICEL_I0_O)
                                                      0.135    11.792 r  system_i/aes_gcm_axis_0/inst/u_aes/g0_b0_i_7/O
                         net (fo=4, routed)           0.257    12.049    system_i/aes_gcm_axis_0/inst/u_aes/round_keys[288]
    SLICE_X67Y298        LUT2 (Prop_H6LUT_SLICEM_I0_O)
                                                      0.090    12.139 r  system_i/aes_gcm_axis_0/inst/u_aes/g0_b0_i_1__0/O
                         net (fo=33, routed)          0.436    12.575    system_i/aes_gcm_axis_0/inst/u_aes/round_keys[256]
    SLICE_X68Y286        LUT6 (Prop_H6LUT_SLICEL_I0_O)
                                                      0.150    12.725 r  system_i/aes_gcm_axis_0/inst/u_aes/g2_b1__32/O
                         net (fo=1, routed)           0.271    12.996    system_i/aes_gcm_axis_0/inst/u_key_expansion/state9[105]_i_4_0
    SLICE_X69Y282        LUT6 (Prop_E6LUT_SLICEL_I1_O)
                                                      0.147    13.143 r  system_i/aes_gcm_axis_0/inst/u_key_expansion/aes_sbox_inferred__32/g0_b0_i_26/O
                         net (fo=3, routed)           0.271    13.414    system_i/aes_gcm_axis_0/inst/u_aes/ciphertext_reg[41]_0
    SLICE_X73Y282        LUT6 (Prop_G6LUT_SLICEM_I2_O)
                                                      0.052    13.466 r  system_i/aes_gcm_axis_0/inst/u_aes/g0_b0_i_9__2/O
                         net (fo=3, routed)           0.189    13.655    system_i/aes_gcm_axis_0/inst/u_aes/g0_b0_i_9__2_n_0
    SLICE_X75Y283        LUT6 (Prop_H6LUT_SLICEL_I0_O)
                                                      0.036    13.691 r  system_i/aes_gcm_axis_0/inst/u_aes/g0_b0_i_2__4/O
                         net (fo=33, routed)          0.395    14.087    system_i/aes_gcm_axis_0/inst/u_aes/round_keys[137]
    SLICE_X82Y286        LUT6 (Prop_F6LUT_SLICEL_I1_O)
                                                      0.123    14.210 r  system_i/aes_gcm_axis_0/inst/u_aes/g2_b3__37/O
                         net (fo=1, routed)           0.011    14.221    system_i/aes_gcm_axis_0/inst/u_key_expansion/ciphertext[51]_i_3_1
    SLICE_X82Y286        MUXF7 (Prop_F7MUX_EF_SLICEL_I0_O)
                                                      0.064    14.285 r  system_i/aes_gcm_axis_0/inst/u_key_expansion/aes_sbox_inferred__37/ciphertext_reg[51]_i_7/O
                         net (fo=1, routed)           0.249    14.534    system_i/aes_gcm_axis_0/inst/u_aes/ciphertext_reg[51]_2
    SLICE_X84Y288        LUT6 (Prop_A6LUT_SLICEM_I3_O)
                                                      0.100    14.634 r  system_i/aes_gcm_axis_0/inst/u_aes/ciphertext[51]_i_3/O
                         net (fo=4, routed)           0.181    14.815    system_i/aes_gcm_axis_0/inst/u_aes/ciphertext[51]_i_3_n_0
    SLICE_X86Y288        LUT6 (Prop_F6LUT_SLICEM_I2_O)
                                                      0.051    14.866 r  system_i/aes_gcm_axis_0/inst/u_aes/ciphertext[83]_i_2/O
                         net (fo=1, routed)           0.062    14.928    system_i/aes_gcm_axis_0/inst/u_aes/round_keys[83]
    SLICE_X86Y288        LUT2 (Prop_B6LUT_SLICEM_I0_O)
                                                      0.149    15.077 r  system_i/aes_gcm_axis_0/inst/u_aes/ciphertext[83]_i_1/O
                         net (fo=1, routed)           0.059    15.136    system_i/aes_gcm_axis_0/inst/u_aes/rk10[83]
    SLICE_X86Y288        FDCE                                         r  system_i/aes_gcm_axis_0/inst/u_aes/ciphertext_reg[83]/D
  -------------------------------------------------------------------    -------------------

                         (clock clk_pl_0 rise edge)
                                                     13.333    13.333 r  <hidden>
    PS8_X0Y0             PS8                          0.000    13.333 r  system_i/zynq_ultra_ps_e_0/inst/PS8_i/PLCLK[0]
                         net (fo=1, routed)           0.143    13.476    system_i/zynq_ultra_ps_e_0/inst/pl_clk_unbuffered[0]
    BUFG_PS_X0Y80        BUFG_PS (Prop_BUFG_PS_I_O)
                                                      0.025    13.501 r  system_i/zynq_ultra_ps_e_0/inst/buffer_pl_clk_0.PL_CLK_0_BUFG/O
    X1Y2 (CLOCK_ROOT)    net (fo=13924, routed)       1.759    15.260    system_i/aes_gcm_axis_0/inst/u_aes/aclk
    SLICE_X86Y288        FDCE                                         r  system_i/aes_gcm_axis_0/inst/u_aes/ciphertext_reg[83]/C
                         clock pessimism              0.179    15.439    <hidden>
                         clock uncertainty           -0.141    15.298    <hidden>
    SLICE_X86Y288        FDCE (Setup_BFF_SLICEM_C_D)
                                                      0.025    15.323    system_i/aes_gcm_axis_0/inst/u_aes/ciphertext_reg[83]
  -------------------------------------------------------------------
                         required time                         15.323    <hidden>
                         arrival time                         -15.136    <hidden>
  -------------------------------------------------------------------
                         slack                                  0.187    <hidden>

Slack (MET) :             0.247ns  (required time - arrival time)
  Source:                 system_i/aes_gcm_axis_0/inst/key_reg3_reg[0]/C
                            (rising edge-triggered cell FDRE clocked by clk_pl_0  {rise@0.000ns fall@6.667ns period=13.333ns})
  Destination:            system_i/aes_gcm_axis_0/inst/u_aes/ciphertext_reg[19]/D
                            (rising edge-triggered cell FDCE clocked by clk_pl_0  {rise@0.000ns fall@6.667ns period=13.333ns})
  Path Group:             clk_pl_0
  Path Type:              Setup (Max at Slow Process Corner)
  Requirement:            13.333ns  (clk_pl_0 rise@13.333ns - clk_pl_0 rise@0.000ns)
  Data Path Delay:        12.910ns  (logic 4.124ns (31.944%)  route 8.786ns (68.056%))
  Logic Levels:           47  (LUT2=5 LUT3=5 LUT4=2 LUT5=2 LUT6=20 MUXF7=7 MUXF8=6)
  Clock Path Skew:        -0.059ns (DCD - SCD + CPR)
    Destination Clock Delay (DCD):    1.932ns = ( 15.265 - 13.333 ) 
    Source Clock Delay      (SCD):    2.170ns
    Clock Pessimism Removal (CPR):    0.179ns
  Clock Uncertainty:      0.141ns  ((TSJ^2 + DJ^2)^1/2) / 2 + PE
    Total System Jitter     (TSJ):    0.071ns
    Discrete Jitter          (DJ):    0.273ns
    Phase Error              (PE):    0.000ns
  Clock Net Delay (Source):      1.962ns (routing 0.569ns, distribution 1.393ns)
  Clock Net Delay (Destination): 1.764ns (routing 0.512ns, distribution 1.252ns)

    Location             Delay type                Incr(ns)  Path(ns)    Netlist Resource(s)
  -------------------------------------------------------------------    -------------------
                         (clock clk_pl_0 rise edge)
                                                      0.000     0.000 r  <hidden>
    PS8_X0Y0             PS8                          0.000     0.000 r  system_i/zynq_ultra_ps_e_0/inst/PS8_i/PLCLK[0]
                         net (fo=1, routed)           0.180     0.180    system_i/zynq_ultra_ps_e_0/inst/pl_clk_unbuffered[0]
    BUFG_PS_X0Y80        BUFG_PS (Prop_BUFG_PS_I_O)
                                                      0.028     0.208 r  system_i/zynq_ultra_ps_e_0/inst/buffer_pl_clk_0.PL_CLK_0_BUFG/O
    X1Y2 (CLOCK_ROOT)    net (fo=13924, routed)       1.962     2.170    system_i/aes_gcm_axis_0/inst/aclk
    SLICE_X75Y286        FDRE                                         r  system_i/aes_gcm_axis_0/inst/key_reg3_reg[0]/C
  -------------------------------------------------------------------    -------------------
    SLICE_X75Y286        FDRE (Prop_DFF_SLICEL_C_Q)
                                                      0.079     2.249 r  system_i/aes_gcm_axis_0/inst/key_reg3_reg[0]/Q
                         net (fo=36, routed)          0.320     2.569    system_i/aes_gcm_axis_0/inst/u_aes/key_value[0]
    SLICE_X76Y290        LUT6 (Prop_C6LUT_SLICEL_I0_O)
                                                      0.123     2.692 r  system_i/aes_gcm_axis_0/inst/u_aes/g1_b6__0/O
                         net (fo=2, routed)           0.090     2.782    system_i/aes_gcm_axis_0/inst/u_key_expansion/state8_reg[46]_1
    SLICE_X76Y288        LUT6 (Prop_C6LUT_SLICEL_I3_O)
                                                      0.096     2.878 r  system_i/aes_gcm_axis_0/inst/u_key_expansion/aes_sbox_inferred__0/state8[46]_i_2/O
                         net (fo=10, routed)          0.253     3.131    system_i/aes_gcm_axis_0/inst/u_aes/SubWord_return[14]
    SLICE_X78Y292        LUT5 (Prop_H6LUT_SLICEM_I2_O)
                                                      0.053     3.184 r  system_i/aes_gcm_axis_0/inst/u_aes/state1[14]_i_2/O
                         net (fo=24, routed)          0.314     3.498    system_i/aes_gcm_axis_0/inst/u_key_expansion/state4_reg[96][114]
    SLICE_X78Y289        MUXF7 (Prop_F7MUX_EF_SLICEM_S_O)
                                                      0.070     3.568 r  system_i/aes_gcm_axis_0/inst/u_key_expansion/aes_sbox_inferred__5/g0_b0_i_20/O
                         net (fo=1, routed)           0.000     3.568    system_i/aes_gcm_axis_0/inst/u_key_expansion/aes_sbox_inferred__5/g0_b0_i_20_n_0
    SLICE_X78Y289        MUXF8 (Prop_F8MUX_TOP_SLICEM_I1_O)
                                                      0.028     3.596 r  system_i/aes_gcm_axis_0/inst/u_key_expansion/aes_sbox_inferred__5/g0_b0_i_10/O
                         net (fo=18, routed)          0.238     3.833    system_i/aes_gcm_axis_0/inst/u_aes/state4_reg[115]_1
    SLICE_X79Y293        LUT3 (Prop_F6LUT_SLICEM_I0_O)
                                                      0.037     3.870 r  system_i/aes_gcm_axis_0/inst/u_aes/g0_b0_i_4__19/O
                         net (fo=34, routed)          0.299     4.169    system_i/aes_gcm_axis_0/inst/u_aes/round_keys[1043]
    SLICE_X78Y297        LUT6 (Prop_C6LUT_SLICEM_I3_O)
                                                      0.145     4.314 r  system_i/aes_gcm_axis_0/inst/u_aes/g1_b5__10/O
                         net (fo=1, routed)           0.021     4.335    system_i/aes_gcm_axis_0/inst/u_key_expansion/aes_sbox_inferred__10/state4_reg[125]_i_3_1
    SLICE_X78Y297        MUXF7 (Prop_F7MUX_CD_SLICEM_I1_O)
                                                      0.061     4.396 r  system_i/aes_gcm_axis_0/inst/u_key_expansion/aes_sbox_inferred__10/state4_reg[125]_i_7/O
                         net (fo=1, routed)           0.000     4.396    system_i/aes_gcm_axis_0/inst/u_key_expansion/aes_sbox_inferred__10/state4_reg[125]_i_7_n_0
    SLICE_X78Y297        MUXF8 (Prop_F8MUX_BOT_SLICEM_I0_O)
                                                      0.030     4.426 r  system_i/aes_gcm_axis_0/inst/u_key_expansion/aes_sbox_inferred__10/state4_reg[125]_i_3/O
                         net (fo=10, routed)          0.235     4.661    system_i/aes_gcm_axis_0/inst/u_aes/state4_reg[125]_2
    SLICE_X74Y299        LUT4 (Prop_D6LUT_SLICEM_I0_O)
                                                      0.122     4.783 r  system_i/aes_gcm_axis_0/inst/u_aes/g0_b0_i_12__11/O
                         net (fo=9, routed)           0.190     4.973    system_i/aes_gcm_axis_0/inst/u_aes/round_keys[957]
    SLICE_X73Y300        LUT2 (Prop_F6LUT_SLICEM_I0_O)
                                                      0.037     5.010 r  system_i/aes_gcm_axis_0/inst/u_aes/g0_b0_i_6__16/O
                         net (fo=34, routed)          0.330     5.340    system_i/aes_gcm_axis_0/inst/u_aes/round_keys[925]
    SLICE_X71Y299        LUT6 (Prop_F6LUT_SLICEM_I5_O)
                                                      0.148     5.488 r  system_i/aes_gcm_axis_0/inst/u_aes/g2_b3__11/O
                         net (fo=1, routed)           0.023     5.511    system_i/aes_gcm_axis_0/inst/u_key_expansion/aes_sbox_inferred__11/state4_reg[99]_i_2_2
    SLICE_X71Y299        MUXF7 (Prop_F7MUX_EF_SLICEM_I0_O)
                                                      0.061     5.572 r  system_i/aes_gcm_axis_0/inst/u_key_expansion/aes_sbox_inferred__11/state4_reg[99]_i_6/O
                         net (fo=1, routed)           0.000     5.572    system_i/aes_gcm_axis_0/inst/u_key_expansion/aes_sbox_inferred__11/state4_reg[99]_i_6_n_0
    SLICE_X71Y299        MUXF8 (Prop_F8MUX_TOP_SLICEM_I1_O)
                                                      0.028     5.600 r  system_i/aes_gcm_axis_0/inst/u_key_expansion/aes_sbox_inferred__11/state4_reg[99]_i_2/O
                         net (fo=5, routed)           0.248     5.848    system_i/aes_gcm_axis_0/inst/u_aes/state4_reg[99]_0
    SLICE_X71Y295        LUT3 (Prop_G6LUT_SLICEM_I0_O)
                                                      0.090     5.938 r  system_i/aes_gcm_axis_0/inst/u_aes/g0_b0_i_10__18/O
                         net (fo=9, routed)           0.228     6.166    system_i/aes_gcm_axis_0/inst/u_aes/round_keys[835]
    SLICE_X69Y293        LUT3 (Prop_C6LUT_SLICEL_I0_O)
                                                      0.123     6.289 r  system_i/aes_gcm_axis_0/inst/u_aes/g0_b0_i_4__25/O
                         net (fo=34, routed)          0.242     6.531    system_i/aes_gcm_axis_0/inst/u_aes/round_keys[771]
    SLICE_X69Y287        LUT6 (Prop_H6LUT_SLICEL_I3_O)
                                                      0.150     6.681 r  system_i/aes_gcm_axis_0/inst/u_aes/g0_b4__16/O
                         net (fo=1, routed)           0.010     6.691    system_i/aes_gcm_axis_0/inst/u_key_expansion/aes_sbox_inferred__16/g0_b0_i_17_0
    SLICE_X69Y287        MUXF7 (Prop_F7MUX_GH_SLICEL_I0_O)
                                                      0.057     6.748 r  system_i/aes_gcm_axis_0/inst/u_key_expansion/aes_sbox_inferred__16/g0_b0_i_27/O
                         net (fo=1, routed)           0.000     6.748    system_i/aes_gcm_axis_0/inst/u_key_expansion/aes_sbox_inferred__16/g0_b0_i_27_n_0
    SLICE_X69Y287        MUXF8 (Prop_F8MUX_TOP_SLICEL_I0_O)
                                                      0.026     6.774 r  system_i/aes_gcm_axis_0/inst/u_key_expansion/aes_sbox_inferred__16/g0_b0_i_17/O
                         net (fo=4, routed)           0.219     6.993    system_i/aes_gcm_axis_0/inst/u_aes/state9_reg[108]_1
    SLICE_X73Y287        LUT6 (Prop_G6LUT_SLICEM_I2_O)
                                                      0.100     7.093 r  system_i/aes_gcm_axis_0/inst/u_aes/g0_b0_i_11__10/O
                         net (fo=8, routed)           0.173     7.266    system_i/aes_gcm_axis_0/inst/u_aes/round_keys[748]
    SLICE_X74Y289        LUT3 (Prop_F6LUT_SLICEM_I1_O)
                                                      0.098     7.364 r  system_i/aes_gcm_axis_0/inst/u_aes/g0_b0_i_5__26/O
                         net (fo=34, routed)          0.403     7.767    system_i/aes_gcm_axis_0/inst/u_aes/round_keys[652]
    SLICE_X81Y290        LUT6 (Prop_H6LUT_SLICEM_I4_O)
                                                      0.125     7.892 r  system_i/aes_gcm_axis_0/inst/u_aes/g0_b3__21/O
                         net (fo=1, routed)           0.014     7.906    system_i/aes_gcm_axis_0/inst/u_key_expansion/aes_sbox_inferred__21/g0_b0_i_16_0
    SLICE_X81Y290        MUXF7 (Prop_F7MUX_GH_SLICEM_I0_O)
                                                      0.059     7.965 r  system_i/aes_gcm_axis_0/inst/u_key_expansion/aes_sbox_inferred__21/g0_b0_i_25/O
                         net (fo=1, routed)           0.000     7.965    system_i/aes_gcm_axis_0/inst/u_key_expansion/aes_sbox_inferred__21/g0_b0_i_25_n_0
    SLICE_X81Y290        MUXF8 (Prop_F8MUX_TOP_SLICEM_I0_O)
                                                      0.028     7.993 r  system_i/aes_gcm_axis_0/inst/u_key_expansion/aes_sbox_inferred__21/g0_b0_i_16/O
                         net (fo=4, routed)           0.205     8.198    system_i/aes_gcm_axis_0/inst/u_aes/state9_reg[115]_0
    SLICE_X83Y291        LUT6 (Prop_H6LUT_SLICEM_I3_O)
                                                      0.101     8.299 r  system_i/aes_gcm_axis_0/inst/u_aes/g0_b0_i_10__7/O
                         net (fo=6, routed)           0.361     8.660    system_i/aes_gcm_axis_0/inst/u_aes/round_keys[627]
    SLICE_X82Y301        LUT4 (Prop_H6LUT_SLICEL_I2_O)
                                                      0.036     8.696 r  system_i/aes_gcm_axis_0/inst/u_aes/g0_b0_i_4__30/O
                         net (fo=35, routed)          0.325     9.020    system_i/aes_gcm_axis_0/inst/u_aes/round_keys[531]
    SLICE_X78Y306        LUT6 (Prop_F6LUT_SLICEM_I3_O)
                                                      0.088     9.108 r  system_i/aes_gcm_axis_0/inst/u_aes/g2_b0__26/O
                         net (fo=1, routed)           0.023     9.131    system_i/aes_gcm_axis_0/inst/u_key_expansion/aes_sbox_inferred__26/g0_b0_i_22_0
    SLICE_X78Y306        MUXF7 (Prop_F7MUX_EF_SLICEM_I0_O)
                                                      0.061     9.192 r  system_i/aes_gcm_axis_0/inst/u_key_expansion/aes_sbox_inferred__26/g0_b0_i_50/O
                         net (fo=1, routed)           0.000     9.192    system_i/aes_gcm_axis_0/inst/u_key_expansion/aes_sbox_inferred__26/g0_b0_i_50_n_0
    SLICE_X78Y306        MUXF8 (Prop_F8MUX_TOP_SLICEM_I1_O)
                                                      0.028     9.220 r  system_i/aes_gcm_axis_0/inst/u_key_expansion/aes_sbox_inferred__26/g0_b0_i_22/O
                         net (fo=4, routed)           0.274     9.495    system_i/aes_gcm_axis_0/inst/u_aes/state9_reg[56]_0
    SLICE_X77Y309        LUT6 (Prop_G6LUT_SLICEL_I3_O)
                                                      0.149     9.644 r  system_i/aes_gcm_axis_0/inst/u_aes/state7[120]_i_7/O
                         net (fo=4, routed)           0.110     9.754    system_i/aes_gcm_axis_0/inst/u_aes/round_keys[504]
    SLICE_X76Y309        LUT3 (Prop_A6LUT_SLICEL_I2_O)
                                                      0.124     9.878 r  system_i/aes_gcm_axis_0/inst/u_aes/g0_b0_i_7__26/O
                         net (fo=5, routed)           0.159    10.037    system_i/aes_gcm_axis_0/inst/u_aes/round_keys[440]
    SLICE_X75Y309        LUT2 (Prop_F6LUT_SLICEL_I0_O)
                                                      0.049    10.086 r  system_i/aes_gcm_axis_0/inst/u_aes/g0_b0_i_1__12/O
                         net (fo=35, routed)          0.367    10.453    system_i/aes_gcm_axis_0/inst/u_aes/round_keys[408]
    SLICE_X73Y313        LUT6 (Prop_A6LUT_SLICEM_I0_O)
                                                      0.125    10.578 r  system_i/aes_gcm_axis_0/inst/u_aes/g3_b0__27/O
                         net (fo=1, routed)           0.107    10.685    system_i/aes_gcm_axis_0/inst/u_key_expansion/state9[96]_i_3
    SLICE_X73Y313        LUT6 (Prop_E6LUT_SLICEM_I0_O)
                                                      0.124    10.809 r  system_i/aes_gcm_axis_0/inst/u_key_expansion/aes_sbox_inferred__27/g0_b0_i_23/O
                         net (fo=4, routed)           0.339    11.148    system_i/aes_gcm_axis_0/inst/u_aes/state8_reg[96]_0
    SLICE_X69Y306        LUT6 (Prop_H6LUT_SLICEL_I3_O)
                                                      0.090    11.238 r  system_i/aes_gcm_axis_0/inst/u_aes/state8[96]_i_2/O
                         net (fo=2, routed)           0.235    11.473    system_i/aes_gcm_axis_0/inst/u_aes/round_keys[352]
    SLICE_X68Y303        LUT5 (Prop_F6LUT_SLICEL_I4_O)
                                                      0.089    11.562 r  system_i/aes_gcm_axis_0/inst/u_aes/g0_b0_i_8__19/O
                         net (fo=4, routed)           0.095    11.657    system_i/aes_gcm_axis_0/inst/u_aes/round_keys[320]
    SLICE_X68Y301        LUT2 (Prop_G5LUT_SLICEL_I0_O)
                                                      0.135    11.792 r  system_i/aes_gcm_axis_0/inst/u_aes/g0_b0_i_7/O
                         net (fo=4, routed)           0.257    12.049    system_i/aes_gcm_axis_0/inst/u_aes/round_keys[288]
    SLICE_X67Y298        LUT2 (Prop_H6LUT_SLICEM_I0_O)
                                                      0.090    12.139 r  system_i/aes_gcm_axis_0/inst/u_aes/g0_b0_i_1__0/O
                         net (fo=33, routed)          0.436    12.575    system_i/aes_gcm_axis_0/inst/u_aes/round_keys[256]
    SLICE_X68Y286        LUT6 (Prop_H6LUT_SLICEL_I0_O)
                                                      0.150    12.725 r  system_i/aes_gcm_axis_0/inst/u_aes/g2_b1__32/O
                         net (fo=1, routed)           0.271    12.996    system_i/aes_gcm_axis_0/inst/u_key_expansion/state9[105]_i_4_0
    SLICE_X69Y282        LUT6 (Prop_E6LUT_SLICEL_I1_O)
                                                      0.147    13.143 r  system_i/aes_gcm_axis_0/inst/u_key_expansion/aes_sbox_inferred__32/g0_b0_i_26/O
                         net (fo=3, routed)           0.271    13.414    system_i/aes_gcm_axis_0/inst/u_aes/ciphertext_reg[41]_0
    SLICE_X73Y282        LUT6 (Prop_G6LUT_SLICEM_I2_O)
                                                      0.052    13.466 r  system_i/aes_gcm_axis_0/inst/u_aes/g0_b0_i_9__2/O
                         net (fo=3, routed)           0.189    13.655    system_i/aes_gcm_axis_0/inst/u_aes/g0_b0_i_9__2_n_0
    SLICE_X75Y283        LUT6 (Prop_H6LUT_SLICEL_I0_O)
                                                      0.036    13.691 r  system_i/aes_gcm_axis_0/inst/u_aes/g0_b0_i_2__4/O
                         net (fo=33, routed)          0.395    14.087    system_i/aes_gcm_axis_0/inst/u_aes/round_keys[137]
    SLICE_X82Y286        LUT6 (Prop_F6LUT_SLICEL_I1_O)
                                                      0.123    14.210 r  system_i/aes_gcm_axis_0/inst/u_aes/g2_b3__37/O
                         net (fo=1, routed)           0.011    14.221    system_i/aes_gcm_axis_0/inst/u_key_expansion/ciphertext[51]_i_3_1
    SLICE_X82Y286        MUXF7 (Prop_F7MUX_EF_SLICEL_I0_O)
                                                      0.064    14.285 r  system_i/aes_gcm_axis_0/inst/u_key_expansion/aes_sbox_inferred__37/ciphertext_reg[51]_i_7/O
                         net (fo=1, routed)           0.249    14.534    system_i/aes_gcm_axis_0/inst/u_aes/ciphertext_reg[51]_2
    SLICE_X84Y288        LUT6 (Prop_A6LUT_SLICEM_I3_O)
                                                      0.100    14.634 r  system_i/aes_gcm_axis_0/inst/u_aes/ciphertext[51]_i_3/O
                         net (fo=4, routed)           0.154    14.787    system_i/aes_gcm_axis_0/inst/u_aes/ciphertext[51]_i_3_n_0
    SLICE_X84Y291        LUT6 (Prop_B6LUT_SLICEM_I1_O)
                                                      0.089    14.876 r  system_i/aes_gcm_axis_0/inst/u_aes/ciphertext[19]_i_2/O
                         net (fo=1, routed)           0.045    14.921    system_i/aes_gcm_axis_0/inst/u_aes/round_keys[19]
    SLICE_X84Y291        LUT2 (Prop_G6LUT_SLICEM_I0_O)
                                                      0.100    15.021 r  system_i/aes_gcm_axis_0/inst/u_aes/ciphertext[19]_i_1/O
                         net (fo=1, routed)           0.059    15.080    system_i/aes_gcm_axis_0/inst/u_aes/rk10[19]
    SLICE_X84Y291        FDCE                                         r  system_i/aes_gcm_axis_0/inst/u_aes/ciphertext_reg[19]/D
  -------------------------------------------------------------------    -------------------

                         (clock clk_pl_0 rise edge)
                                                     13.333    13.333 r  <hidden>
    PS8_X0Y0             PS8                          0.000    13.333 r  system_i/zynq_ultra_ps_e_0/inst/PS8_i/PLCLK[0]
                         net (fo=1, routed)           0.143    13.476    system_i/zynq_ultra_ps_e_0/inst/pl_clk_unbuffered[0]
    BUFG_PS_X0Y80        BUFG_PS (Prop_BUFG_PS_I_O)
                                                      0.025    13.501 r  system_i/zynq_ultra_ps_e_0/inst/buffer_pl_clk_0.PL_CLK_0_BUFG/O
    X1Y2 (CLOCK_ROOT)    net (fo=13924, routed)       1.764    15.265    system_i/aes_gcm_axis_0/inst/u_aes/aclk
    SLICE_X84Y291        FDCE                                         r  system_i/aes_gcm_axis_0/inst/u_aes/ciphertext_reg[19]/C
                         clock pessimism              0.179    15.444    <hidden>
                         clock uncertainty           -0.141    15.303    <hidden>
    SLICE_X84Y291        FDCE (Setup_GFF_SLICEM_C_D)
                                                      0.025    15.328    system_i/aes_gcm_axis_0/inst/u_aes/ciphertext_reg[19]
  -------------------------------------------------------------------
                         required time                         15.328    <hidden>
                         arrival time                         -15.080    <hidden>
  -------------------------------------------------------------------
                         slack                                  0.247    <hidden>

Slack (MET) :             0.301ns  (required time - arrival time)
  Source:                 system_i/aes_gcm_axis_0/inst/key_reg3_reg[0]/C
                            (rising edge-triggered cell FDRE clocked by clk_pl_0  {rise@0.000ns fall@6.667ns period=13.333ns})
  Destination:            system_i/aes_gcm_axis_0/inst/u_aes/ciphertext_reg[115]/D
                            (rising edge-triggered cell FDCE clocked by clk_pl_0  {rise@0.000ns fall@6.667ns period=13.333ns})
  Path Group:             clk_pl_0
  Path Type:              Setup (Max at Slow Process Corner)
  Requirement:            13.333ns  (clk_pl_0 rise@13.333ns - clk_pl_0 rise@0.000ns)
  Data Path Delay:        12.856ns  (logic 4.073ns (31.681%)  route 8.783ns (68.319%))
  Logic Levels:           47  (LUT2=5 LUT3=5 LUT4=2 LUT5=2 LUT6=20 MUXF7=7 MUXF8=6)
  Clock Path Skew:        -0.059ns (DCD - SCD + CPR)
    Destination Clock Delay (DCD):    1.932ns = ( 15.265 - 13.333 ) 
    Source Clock Delay      (SCD):    2.170ns
    Clock Pessimism Removal (CPR):    0.179ns
  Clock Uncertainty:      0.141ns  ((TSJ^2 + DJ^2)^1/2) / 2 + PE
    Total System Jitter     (TSJ):    0.071ns
    Discrete Jitter          (DJ):    0.273ns
    Phase Error              (PE):    0.000ns
  Clock Net Delay (Source):      1.962ns (routing 0.569ns, distribution 1.393ns)
  Clock Net Delay (Destination): 1.764ns (routing 0.512ns, distribution 1.252ns)

    Location             Delay type                Incr(ns)  Path(ns)    Netlist Resource(s)
  -------------------------------------------------------------------    -------------------
                         (clock clk_pl_0 rise edge)
                                                      0.000     0.000 r  <hidden>
    PS8_X0Y0             PS8                          0.000     0.000 r  system_i/zynq_ultra_ps_e_0/inst/PS8_i/PLCLK[0]
                         net (fo=1, routed)           0.180     0.180    system_i/zynq_ultra_ps_e_0/inst/pl_clk_unbuffered[0]
    BUFG_PS_X0Y80        BUFG_PS (Prop_BUFG_PS_I_O)
                                                      0.028     0.208 r  system_i/zynq_ultra_ps_e_0/inst/buffer_pl_clk_0.PL_CLK_0_BUFG/O
    X1Y2 (CLOCK_ROOT)    net (fo=13924, routed)       1.962     2.170    system_i/aes_gcm_axis_0/inst/aclk
    SLICE_X75Y286        FDRE                                         r  system_i/aes_gcm_axis_0/inst/key_reg3_reg[0]/C
  -------------------------------------------------------------------    -------------------
    SLICE_X75Y286        FDRE (Prop_DFF_SLICEL_C_Q)
                                                      0.079     2.249 r  system_i/aes_gcm_axis_0/inst/key_reg3_reg[0]/Q
                         net (fo=36, routed)          0.320     2.569    system_i/aes_gcm_axis_0/inst/u_aes/key_value[0]
    SLICE_X76Y290        LUT6 (Prop_C6LUT_SLICEL_I0_O)
                                                      0.123     2.692 r  system_i/aes_gcm_axis_0/inst/u_aes/g1_b6__0/O
                         net (fo=2, routed)           0.090     2.782    system_i/aes_gcm_axis_0/inst/u_key_expansion/state8_reg[46]_1
    SLICE_X76Y288        LUT6 (Prop_C6LUT_SLICEL_I3_O)
                                                      0.096     2.878 r  system_i/aes_gcm_axis_0/inst/u_key_expansion/aes_sbox_inferred__0/state8[46]_i_2/O
                         net (fo=10, routed)          0.253     3.131    system_i/aes_gcm_axis_0/inst/u_aes/SubWord_return[14]
    SLICE_X78Y292        LUT5 (Prop_H6LUT_SLICEM_I2_O)
                                                      0.053     3.184 r  system_i/aes_gcm_axis_0/inst/u_aes/state1[14]_i_2/O
                         net (fo=24, routed)          0.314     3.498    system_i/aes_gcm_axis_0/inst/u_key_expansion/state4_reg[96][114]
    SLICE_X78Y289        MUXF7 (Prop_F7MUX_EF_SLICEM_S_O)
                                                      0.070     3.568 r  system_i/aes_gcm_axis_0/inst/u_key_expansion/aes_sbox_inferred__5/g0_b0_i_20/O
                         net (fo=1, routed)           0.000     3.568    system_i/aes_gcm_axis_0/inst/u_key_expansion/aes_sbox_inferred__5/g0_b0_i_20_n_0
    SLICE_X78Y289        MUXF8 (Prop_F8MUX_TOP_SLICEM_I1_O)
                                                      0.028     3.596 r  system_i/aes_gcm_axis_0/inst/u_key_expansion/aes_sbox_inferred__5/g0_b0_i_10/O
                         net (fo=18, routed)          0.238     3.833    system_i/aes_gcm_axis_0/inst/u_aes/state4_reg[115]_1
    SLICE_X79Y293        LUT3 (Prop_F6LUT_SLICEM_I0_O)
                                                      0.037     3.870 r  system_i/aes_gcm_axis_0/inst/u_aes/g0_b0_i_4__19/O
                         net (fo=34, routed)          0.299     4.169    system_i/aes_gcm_axis_0/inst/u_aes/round_keys[1043]
    SLICE_X78Y297        LUT6 (Prop_C6LUT_SLICEM_I3_O)
                                                      0.145     4.314 r  system_i/aes_gcm_axis_0/inst/u_aes/g1_b5__10/O
                         net (fo=1, routed)           0.021     4.335    system_i/aes_gcm_axis_0/inst/u_key_expansion/aes_sbox_inferred__10/state4_reg[125]_i_3_1
    SLICE_X78Y297        MUXF7 (Prop_F7MUX_CD_SLICEM_I1_O)
                                                      0.061     4.396 r  system_i/aes_gcm_axis_0/inst/u_key_expansion/aes_sbox_inferred__10/state4_reg[125]_i_7/O
                         net (fo=1, routed)           0.000     4.396    system_i/aes_gcm_axis_0/inst/u_key_expansion/aes_sbox_inferred__10/state4_reg[125]_i_7_n_0
    SLICE_X78Y297        MUXF8 (Prop_F8MUX_BOT_SLICEM_I0_O)
                                                      0.030     4.426 r  system_i/aes_gcm_axis_0/inst/u_key_expansion/aes_sbox_inferred__10/state4_reg[125]_i_3/O
                         net (fo=10, routed)          0.235     4.661    system_i/aes_gcm_axis_0/inst/u_aes/state4_reg[125]_2
    SLICE_X74Y299        LUT4 (Prop_D6LUT_SLICEM_I0_O)
                                                      0.122     4.783 r  system_i/aes_gcm_axis_0/inst/u_aes/g0_b0_i_12__11/O
                         net (fo=9, routed)           0.190     4.973    system_i/aes_gcm_axis_0/inst/u_aes/round_keys[957]
    SLICE_X73Y300        LUT2 (Prop_F6LUT_SLICEM_I0_O)
                                                      0.037     5.010 r  system_i/aes_gcm_axis_0/inst/u_aes/g0_b0_i_6__16/O
                         net (fo=34, routed)          0.330     5.340    system_i/aes_gcm_axis_0/inst/u_aes/round_keys[925]
    SLICE_X71Y299        LUT6 (Prop_F6LUT_SLICEM_I5_O)
                                                      0.148     5.488 r  system_i/aes_gcm_axis_0/inst/u_aes/g2_b3__11/O
                         net (fo=1, routed)           0.023     5.511    system_i/aes_gcm_axis_0/inst/u_key_expansion/aes_sbox_inferred__11/state4_reg[99]_i_2_2
    SLICE_X71Y299        MUXF7 (Prop_F7MUX_EF_SLICEM_I0_O)
                                                      0.061     5.572 r  system_i/aes_gcm_axis_0/inst/u_key_expansion/aes_sbox_inferred__11/state4_reg[99]_i_6/O
                         net (fo=1, routed)           0.000     5.572    system_i/aes_gcm_axis_0/inst/u_key_expansion/aes_sbox_inferred__11/state4_reg[99]_i_6_n_0
    SLICE_X71Y299        MUXF8 (Prop_F8MUX_TOP_SLICEM_I1_O)
                                                      0.028     5.600 r  system_i/aes_gcm_axis_0/inst/u_key_expansion/aes_sbox_inferred__11/state4_reg[99]_i_2/O
                         net (fo=5, routed)           0.248     5.848    system_i/aes_gcm_axis_0/inst/u_aes/state4_reg[99]_0
    SLICE_X71Y295        LUT3 (Prop_G6LUT_SLICEM_I0_O)
                                                      0.090     5.938 r  system_i/aes_gcm_axis_0/inst/u_aes/g0_b0_i_10__18/O
                         net (fo=9, routed)           0.228     6.166    system_i/aes_gcm_axis_0/inst/u_aes/round_keys[835]
    SLICE_X69Y293        LUT3 (Prop_C6LUT_SLICEL_I0_O)
                                                      0.123     6.289 r  system_i/aes_gcm_axis_0/inst/u_aes/g0_b0_i_4__25/O
                         net (fo=34, routed)          0.242     6.531    system_i/aes_gcm_axis_0/inst/u_aes/round_keys[771]
    SLICE_X69Y287        LUT6 (Prop_H6LUT_SLICEL_I3_O)
                                                      0.150     6.681 r  system_i/aes_gcm_axis_0/inst/u_aes/g0_b4__16/O
                         net (fo=1, routed)           0.010     6.691    system_i/aes_gcm_axis_0/inst/u_key_expansion/aes_sbox_inferred__16/g0_b0_i_17_0
    SLICE_X69Y287        MUXF7 (Prop_F7MUX_GH_SLICEL_I0_O)
                                                      0.057     6.748 r  system_i/aes_gcm_axis_0/inst/u_key_expansion/aes_sbox_inferred__16/g0_b0_i_27/O
                         net (fo=1, routed)           0.000     6.748    system_i/aes_gcm_axis_0/inst/u_key_expansion/aes_sbox_inferred__16/g0_b0_i_27_n_0
    SLICE_X69Y287        MUXF8 (Prop_F8MUX_TOP_SLICEL_I0_O)
                                                      0.026     6.774 r  system_i/aes_gcm_axis_0/inst/u_key_expansion/aes_sbox_inferred__16/g0_b0_i_17/O
                         net (fo=4, routed)           0.219     6.993    system_i/aes_gcm_axis_0/inst/u_aes/state9_reg[108]_1
    SLICE_X73Y287        LUT6 (Prop_G6LUT_SLICEM_I2_O)
                                                      0.100     7.093 r  system_i/aes_gcm_axis_0/inst/u_aes/g0_b0_i_11__10/O
                         net (fo=8, routed)           0.173     7.266    system_i/aes_gcm_axis_0/inst/u_aes/round_keys[748]
    SLICE_X74Y289        LUT3 (Prop_F6LUT_SLICEM_I1_O)
                                                      0.098     7.364 r  system_i/aes_gcm_axis_0/inst/u_aes/g0_b0_i_5__26/O
                         net (fo=34, routed)          0.403     7.767    system_i/aes_gcm_axis_0/inst/u_aes/round_keys[652]
    SLICE_X81Y290        LUT6 (Prop_H6LUT_SLICEM_I4_O)
                                                      0.125     7.892 r  system_i/aes_gcm_axis_0/inst/u_aes/g0_b3__21/O
                         net (fo=1, routed)           0.014     7.906    system_i/aes_gcm_axis_0/inst/u_key_expansion/aes_sbox_inferred__21/g0_b0_i_16_0
    SLICE_X81Y290        MUXF7 (Prop_F7MUX_GH_SLICEM_I0_O)
                                                      0.059     7.965 r  system_i/aes_gcm_axis_0/inst/u_key_expansion/aes_sbox_inferred__21/g0_b0_i_25/O
                         net (fo=1, routed)           0.000     7.965    system_i/aes_gcm_axis_0/inst/u_key_expansion/aes_sbox_inferred__21/g0_b0_i_25_n_0
    SLICE_X81Y290        MUXF8 (Prop_F8MUX_TOP_SLICEM_I0_O)
                                                      0.028     7.993 r  system_i/aes_gcm_axis_0/inst/u_key_expansion/aes_sbox_inferred__21/g0_b0_i_16/O
                         net (fo=4, routed)           0.205     8.198    system_i/aes_gcm_axis_0/inst/u_aes/state9_reg[115]_0
    SLICE_X83Y291        LUT6 (Prop_H6LUT_SLICEM_I3_O)
                                                      0.101     8.299 r  system_i/aes_gcm_axis_0/inst/u_aes/g0_b0_i_10__7/O
                         net (fo=6, routed)           0.361     8.660    system_i/aes_gcm_axis_0/inst/u_aes/round_keys[627]
    SLICE_X82Y301        LUT4 (Prop_H6LUT_SLICEL_I2_O)
                                                      0.036     8.696 r  system_i/aes_gcm_axis_0/inst/u_aes/g0_b0_i_4__30/O
                         net (fo=35, routed)          0.325     9.020    system_i/aes_gcm_axis_0/inst/u_aes/round_keys[531]
    SLICE_X78Y306        LUT6 (Prop_F6LUT_SLICEM_I3_O)
                                                      0.088     9.108 r  system_i/aes_gcm_axis_0/inst/u_aes/g2_b0__26/O
                         net (fo=1, routed)           0.023     9.131    system_i/aes_gcm_axis_0/inst/u_key_expansion/aes_sbox_inferred__26/g0_b0_i_22_0
    SLICE_X78Y306        MUXF7 (Prop_F7MUX_EF_SLICEM_I0_O)
                                                      0.061     9.192 r  system_i/aes_gcm_axis_0/inst/u_key_expansion/aes_sbox_inferred__26/g0_b0_i_50/O
                         net (fo=1, routed)           0.000     9.192    system_i/aes_gcm_axis_0/inst/u_key_expansion/aes_sbox_inferred__26/g0_b0_i_50_n_0
    SLICE_X78Y306        MUXF8 (Prop_F8MUX_TOP_SLICEM_I1_O)
                                                      0.028     9.220 r  system_i/aes_gcm_axis_0/inst/u_key_expansion/aes_sbox_inferred__26/g0_b0_i_22/O
                         net (fo=4, routed)           0.274     9.495    system_i/aes_gcm_axis_0/inst/u_aes/state9_reg[56]_0
    SLICE_X77Y309        LUT6 (Prop_G6LUT_SLICEL_I3_O)
                                                      0.149     9.644 r  system_i/aes_gcm_axis_0/inst/u_aes/state7[120]_i_7/O
                         net (fo=4, routed)           0.110     9.754    system_i/aes_gcm_axis_0/inst/u_aes/round_keys[504]
    SLICE_X76Y309        LUT3 (Prop_A6LUT_SLICEL_I2_O)
                                                      0.124     9.878 r  system_i/aes_gcm_axis_0/inst/u_aes/g0_b0_i_7__26/O
                         net (fo=5, routed)           0.159    10.037    system_i/aes_gcm_axis_0/inst/u_aes/round_keys[440]
    SLICE_X75Y309        LUT2 (Prop_F6LUT_SLICEL_I0_O)
                                                      0.049    10.086 r  system_i/aes_gcm_axis_0/inst/u_aes/g0_b0_i_1__12/O
                         net (fo=35, routed)          0.367    10.453    system_i/aes_gcm_axis_0/inst/u_aes/round_keys[408]
    SLICE_X73Y313        LUT6 (Prop_A6LUT_SLICEM_I0_O)
                                                      0.125    10.578 r  system_i/aes_gcm_axis_0/inst/u_aes/g3_b0__27/O
                         net (fo=1, routed)           0.107    10.685    system_i/aes_gcm_axis_0/inst/u_key_expansion/state9[96]_i_3
    SLICE_X73Y313        LUT6 (Prop_E6LUT_SLICEM_I0_O)
                                                      0.124    10.809 r  system_i/aes_gcm_axis_0/inst/u_key_expansion/aes_sbox_inferred__27/g0_b0_i_23/O
                         net (fo=4, routed)           0.339    11.148    system_i/aes_gcm_axis_0/inst/u_aes/state8_reg[96]_0
    SLICE_X69Y306        LUT6 (Prop_H6LUT_SLICEL_I3_O)
                                                      0.090    11.238 r  system_i/aes_gcm_axis_0/inst/u_aes/state8[96]_i_2/O
                         net (fo=2, routed)           0.235    11.473    system_i/aes_gcm_axis_0/inst/u_aes/round_keys[352]
    SLICE_X68Y303        LUT5 (Prop_F6LUT_SLICEL_I4_O)
                                                      0.089    11.562 r  system_i/aes_gcm_axis_0/inst/u_aes/g0_b0_i_8__19/O
                         net (fo=4, routed)           0.095    11.657    system_i/aes_gcm_axis_0/inst/u_aes/round_keys[320]
    SLICE_X68Y301        LUT2 (Prop_G5LUT_SLICEL_I0_O)
                                                      0.135    11.792 r  system_i/aes_gcm_axis_0/inst/u_aes/g0_b0_i_7/O
                         net (fo=4, routed)           0.257    12.049    system_i/aes_gcm_axis_0/inst/u_aes/round_keys[288]
    SLICE_X67Y298        LUT2 (Prop_H6LUT_SLICEM_I0_O)
                                                      0.090    12.139 r  system_i/aes_gcm_axis_0/inst/u_aes/g0_b0_i_1__0/O
                         net (fo=33, routed)          0.436    12.575    system_i/aes_gcm_axis_0/inst/u_aes/round_keys[256]
    SLICE_X68Y286        LUT6 (Prop_H6LUT_SLICEL_I0_O)
                                                      0.150    12.725 r  system_i/aes_gcm_axis_0/inst/u_aes/g2_b1__32/O
                         net (fo=1, routed)           0.271    12.996    system_i/aes_gcm_axis_0/inst/u_key_expansion/state9[105]_i_4_0
    SLICE_X69Y282        LUT6 (Prop_E6LUT_SLICEL_I1_O)
                                                      0.147    13.143 r  system_i/aes_gcm_axis_0/inst/u_key_expansion/aes_sbox_inferred__32/g0_b0_i_26/O
                         net (fo=3, routed)           0.271    13.414    system_i/aes_gcm_axis_0/inst/u_aes/ciphertext_reg[41]_0
    SLICE_X73Y282        LUT6 (Prop_G6LUT_SLICEM_I2_O)
                                                      0.052    13.466 r  system_i/aes_gcm_axis_0/inst/u_aes/g0_b0_i_9__2/O
                         net (fo=3, routed)           0.189    13.655    system_i/aes_gcm_axis_0/inst/u_aes/g0_b0_i_9__2_n_0
    SLICE_X75Y283        LUT6 (Prop_H6LUT_SLICEL_I0_O)
                                                      0.036    13.691 r  system_i/aes_gcm_axis_0/inst/u_aes/g0_b0_i_2__4/O
                         net (fo=33, routed)          0.395    14.087    system_i/aes_gcm_axis_0/inst/u_aes/round_keys[137]
    SLICE_X82Y286        LUT6 (Prop_F6LUT_SLICEL_I1_O)
                                                      0.123    14.210 r  system_i/aes_gcm_axis_0/inst/u_aes/g2_b3__37/O
                         net (fo=1, routed)           0.011    14.221    system_i/aes_gcm_axis_0/inst/u_key_expansion/ciphertext[51]_i_3_1
    SLICE_X82Y286        MUXF7 (Prop_F7MUX_EF_SLICEL_I0_O)
                                                      0.064    14.285 r  system_i/aes_gcm_axis_0/inst/u_key_expansion/aes_sbox_inferred__37/ciphertext_reg[51]_i_7/O
                         net (fo=1, routed)           0.249    14.534    system_i/aes_gcm_axis_0/inst/u_aes/ciphertext_reg[51]_2
    SLICE_X84Y288        LUT6 (Prop_A6LUT_SLICEM_I3_O)
                                                      0.100    14.634 r  system_i/aes_gcm_axis_0/inst/u_aes/ciphertext[51]_i_3/O
                         net (fo=4, routed)           0.152    14.785    system_i/aes_gcm_axis_0/inst/u_aes/ciphertext[51]_i_3_n_0
    SLICE_X84Y291        LUT6 (Prop_D6LUT_SLICEM_I3_O)
                                                      0.037    14.822 r  system_i/aes_gcm_axis_0/inst/u_aes/ciphertext[115]_i_2/O
                         net (fo=1, routed)           0.045    14.867    system_i/aes_gcm_axis_0/inst/u_aes/round_keys[115]
    SLICE_X84Y291        LUT2 (Prop_H6LUT_SLICEM_I0_O)
                                                      0.101    14.968 r  system_i/aes_gcm_axis_0/inst/u_aes/ciphertext[115]_i_1/O
                         net (fo=1, routed)           0.058    15.026    system_i/aes_gcm_axis_0/inst/u_aes/rk10[115]
    SLICE_X84Y291        FDCE                                         r  system_i/aes_gcm_axis_0/inst/u_aes/ciphertext_reg[115]/D
  -------------------------------------------------------------------    -------------------

                         (clock clk_pl_0 rise edge)
                                                     13.333    13.333 r  <hidden>
    PS8_X0Y0             PS8                          0.000    13.333 r  system_i/zynq_ultra_ps_e_0/inst/PS8_i/PLCLK[0]
                         net (fo=1, routed)           0.143    13.476    system_i/zynq_ultra_ps_e_0/inst/pl_clk_unbuffered[0]
    BUFG_PS_X0Y80        BUFG_PS (Prop_BUFG_PS_I_O)
                                                      0.025    13.501 r  system_i/zynq_ultra_ps_e_0/inst/buffer_pl_clk_0.PL_CLK_0_BUFG/O
    X1Y2 (CLOCK_ROOT)    net (fo=13924, routed)       1.764    15.265    system_i/aes_gcm_axis_0/inst/u_aes/aclk
    SLICE_X84Y291        FDCE                                         r  system_i/aes_gcm_axis_0/inst/u_aes/ciphertext_reg[115]/C
                         clock pessimism              0.179    15.444    <hidden>
                         clock uncertainty           -0.141    15.303    <hidden>
    SLICE_X84Y291        FDCE (Setup_HFF_SLICEM_C_D)
                                                      0.025    15.328    system_i/aes_gcm_axis_0/inst/u_aes/ciphertext_reg[115]
  -------------------------------------------------------------------
                         required time                         15.328    <hidden>
                         arrival time                         -15.026    <hidden>
  -------------------------------------------------------------------
                         slack                                  0.301    <hidden>

Slack (MET) :             0.307ns  (required time - arrival time)
  Source:                 system_i/aes_gcm_axis_0/inst/key_reg3_reg[0]/C
                            (rising edge-triggered cell FDRE clocked by clk_pl_0  {rise@0.000ns fall@6.667ns period=13.333ns})
  Destination:            system_i/aes_gcm_axis_0/inst/u_aes/ciphertext_reg[18]/D
                            (rising edge-triggered cell FDCE clocked by clk_pl_0  {rise@0.000ns fall@6.667ns period=13.333ns})
  Path Group:             clk_pl_0
  Path Type:              Setup (Max at Slow Process Corner)
  Requirement:            13.333ns  (clk_pl_0 rise@13.333ns - clk_pl_0 rise@0.000ns)
  Data Path Delay:        12.844ns  (logic 4.020ns (31.299%)  route 8.824ns (68.701%))
  Logic Levels:           47  (LUT2=5 LUT3=5 LUT4=2 LUT5=2 LUT6=20 MUXF7=7 MUXF8=6)
  Clock Path Skew:        -0.066ns (DCD - SCD + CPR)
    Destination Clock Delay (DCD):    1.925ns = ( 15.258 - 13.333 ) 
    Source Clock Delay      (SCD):    2.170ns
    Clock Pessimism Removal (CPR):    0.179ns
  Clock Uncertainty:      0.141ns  ((TSJ^2 + DJ^2)^1/2) / 2 + PE
    Total System Jitter     (TSJ):    0.071ns
    Discrete Jitter          (DJ):    0.273ns
    Phase Error              (PE):    0.000ns
  Clock Net Delay (Source):      1.962ns (routing 0.569ns, distribution 1.393ns)
  Clock Net Delay (Destination): 1.757ns (routing 0.512ns, distribution 1.245ns)

    Location             Delay type                Incr(ns)  Path(ns)    Netlist Resource(s)
  -------------------------------------------------------------------    -------------------
                         (clock clk_pl_0 rise edge)
                                                      0.000     0.000 r  <hidden>
    PS8_X0Y0             PS8                          0.000     0.000 r  system_i/zynq_ultra_ps_e_0/inst/PS8_i/PLCLK[0]
                         net (fo=1, routed)           0.180     0.180    system_i/zynq_ultra_ps_e_0/inst/pl_clk_unbuffered[0]
    BUFG_PS_X0Y80        BUFG_PS (Prop_BUFG_PS_I_O)
                                                      0.028     0.208 r  system_i/zynq_ultra_ps_e_0/inst/buffer_pl_clk_0.PL_CLK_0_BUFG/O
    X1Y2 (CLOCK_ROOT)    net (fo=13924, routed)       1.962     2.170    system_i/aes_gcm_axis_0/inst/aclk
    SLICE_X75Y286        FDRE                                         r  system_i/aes_gcm_axis_0/inst/key_reg3_reg[0]/C
  -------------------------------------------------------------------    -------------------
    SLICE_X75Y286        FDRE (Prop_DFF_SLICEL_C_Q)
                                                      0.079     2.249 r  system_i/aes_gcm_axis_0/inst/key_reg3_reg[0]/Q
                         net (fo=36, routed)          0.320     2.569    system_i/aes_gcm_axis_0/inst/u_aes/key_value[0]
    SLICE_X76Y290        LUT6 (Prop_C6LUT_SLICEL_I0_O)
                                                      0.123     2.692 r  system_i/aes_gcm_axis_0/inst/u_aes/g1_b6__0/O
                         net (fo=2, routed)           0.090     2.782    system_i/aes_gcm_axis_0/inst/u_key_expansion/state8_reg[46]_1
    SLICE_X76Y288        LUT6 (Prop_C6LUT_SLICEL_I3_O)
                                                      0.096     2.878 r  system_i/aes_gcm_axis_0/inst/u_key_expansion/aes_sbox_inferred__0/state8[46]_i_2/O
                         net (fo=10, routed)          0.253     3.131    system_i/aes_gcm_axis_0/inst/u_aes/SubWord_return[14]
    SLICE_X78Y292        LUT5 (Prop_H6LUT_SLICEM_I2_O)
                                                      0.053     3.184 r  system_i/aes_gcm_axis_0/inst/u_aes/state1[14]_i_2/O
                         net (fo=24, routed)          0.314     3.498    system_i/aes_gcm_axis_0/inst/u_key_expansion/state4_reg[96][114]
    SLICE_X78Y289        MUXF7 (Prop_F7MUX_EF_SLICEM_S_O)
                                                      0.070     3.568 r  system_i/aes_gcm_axis_0/inst/u_key_expansion/aes_sbox_inferred__5/g0_b0_i_20/O
                         net (fo=1, routed)           0.000     3.568    system_i/aes_gcm_axis_0/inst/u_key_expansion/aes_sbox_inferred__5/g0_b0_i_20_n_0
    SLICE_X78Y289        MUXF8 (Prop_F8MUX_TOP_SLICEM_I1_O)
                                                      0.028     3.596 r  system_i/aes_gcm_axis_0/inst/u_key_expansion/aes_sbox_inferred__5/g0_b0_i_10/O
                         net (fo=18, routed)          0.238     3.833    system_i/aes_gcm_axis_0/inst/u_aes/state4_reg[115]_1
    SLICE_X79Y293        LUT3 (Prop_F6LUT_SLICEM_I0_O)
                                                      0.037     3.870 r  system_i/aes_gcm_axis_0/inst/u_aes/g0_b0_i_4__19/O
                         net (fo=34, routed)          0.299     4.169    system_i/aes_gcm_axis_0/inst/u_aes/round_keys[1043]
    SLICE_X78Y297        LUT6 (Prop_C6LUT_SLICEM_I3_O)
                                                      0.145     4.314 r  system_i/aes_gcm_axis_0/inst/u_aes/g1_b5__10/O
                         net (fo=1, routed)           0.021     4.335    system_i/aes_gcm_axis_0/inst/u_key_expansion/aes_sbox_inferred__10/state4_reg[125]_i_3_1
    SLICE_X78Y297        MUXF7 (Prop_F7MUX_CD_SLICEM_I1_O)
                                                      0.061     4.396 r  system_i/aes_gcm_axis_0/inst/u_key_expansion/aes_sbox_inferred__10/state4_reg[125]_i_7/O
                         net (fo=1, routed)           0.000     4.396    system_i/aes_gcm_axis_0/inst/u_key_expansion/aes_sbox_inferred__10/state4_reg[125]_i_7_n_0
    SLICE_X78Y297        MUXF8 (Prop_F8MUX_BOT_SLICEM_I0_O)
                                                      0.030     4.426 r  system_i/aes_gcm_axis_0/inst/u_key_expansion/aes_sbox_inferred__10/state4_reg[125]_i_3/O
                         net (fo=10, routed)          0.235     4.661    system_i/aes_gcm_axis_0/inst/u_aes/state4_reg[125]_2
    SLICE_X74Y299        LUT4 (Prop_D6LUT_SLICEM_I0_O)
                                                      0.122     4.783 r  system_i/aes_gcm_axis_0/inst/u_aes/g0_b0_i_12__11/O
                         net (fo=9, routed)           0.190     4.973    system_i/aes_gcm_axis_0/inst/u_aes/round_keys[957]
    SLICE_X73Y300        LUT2 (Prop_F6LUT_SLICEM_I0_O)
                                                      0.037     5.010 r  system_i/aes_gcm_axis_0/inst/u_aes/g0_b0_i_6__16/O
                         net (fo=34, routed)          0.330     5.340    system_i/aes_gcm_axis_0/inst/u_aes/round_keys[925]
    SLICE_X71Y299        LUT6 (Prop_F6LUT_SLICEM_I5_O)
                                                      0.148     5.488 r  system_i/aes_gcm_axis_0/inst/u_aes/g2_b3__11/O
                         net (fo=1, routed)           0.023     5.511    system_i/aes_gcm_axis_0/inst/u_key_expansion/aes_sbox_inferred__11/state4_reg[99]_i_2_2
    SLICE_X71Y299        MUXF7 (Prop_F7MUX_EF_SLICEM_I0_O)
                                                      0.061     5.572 r  system_i/aes_gcm_axis_0/inst/u_key_expansion/aes_sbox_inferred__11/state4_reg[99]_i_6/O
                         net (fo=1, routed)           0.000     5.572    system_i/aes_gcm_axis_0/inst/u_key_expansion/aes_sbox_inferred__11/state4_reg[99]_i_6_n_0
    SLICE_X71Y299        MUXF8 (Prop_F8MUX_TOP_SLICEM_I1_O)
                                                      0.028     5.600 r  system_i/aes_gcm_axis_0/inst/u_key_expansion/aes_sbox_inferred__11/state4_reg[99]_i_2/O
                         net (fo=5, routed)           0.248     5.848    system_i/aes_gcm_axis_0/inst/u_aes/state4_reg[99]_0
    SLICE_X71Y295        LUT3 (Prop_G6LUT_SLICEM_I0_O)
                                                      0.090     5.938 r  system_i/aes_gcm_axis_0/inst/u_aes/g0_b0_i_10__18/O
                         net (fo=9, routed)           0.228     6.166    system_i/aes_gcm_axis_0/inst/u_aes/round_keys[835]
    SLICE_X69Y293        LUT3 (Prop_C6LUT_SLICEL_I0_O)
                                                      0.123     6.289 r  system_i/aes_gcm_axis_0/inst/u_aes/g0_b0_i_4__25/O
                         net (fo=34, routed)          0.242     6.531    system_i/aes_gcm_axis_0/inst/u_aes/round_keys[771]
    SLICE_X69Y287        LUT6 (Prop_H6LUT_SLICEL_I3_O)
                                                      0.150     6.681 r  system_i/aes_gcm_axis_0/inst/u_aes/g0_b4__16/O
                         net (fo=1, routed)           0.010     6.691    system_i/aes_gcm_axis_0/inst/u_key_expansion/aes_sbox_inferred__16/g0_b0_i_17_0
    SLICE_X69Y287        MUXF7 (Prop_F7MUX_GH_SLICEL_I0_O)
                                                      0.057     6.748 r  system_i/aes_gcm_axis_0/inst/u_key_expansion/aes_sbox_inferred__16/g0_b0_i_27/O
                         net (fo=1, routed)           0.000     6.748    system_i/aes_gcm_axis_0/inst/u_key_expansion/aes_sbox_inferred__16/g0_b0_i_27_n_0
    SLICE_X69Y287        MUXF8 (Prop_F8MUX_TOP_SLICEL_I0_O)
                                                      0.026     6.774 r  system_i/aes_gcm_axis_0/inst/u_key_expansion/aes_sbox_inferred__16/g0_b0_i_17/O
                         net (fo=4, routed)           0.219     6.993    system_i/aes_gcm_axis_0/inst/u_aes/state9_reg[108]_1
    SLICE_X73Y287        LUT6 (Prop_G6LUT_SLICEM_I2_O)
                                                      0.100     7.093 r  system_i/aes_gcm_axis_0/inst/u_aes/g0_b0_i_11__10/O
                         net (fo=8, routed)           0.173     7.266    system_i/aes_gcm_axis_0/inst/u_aes/round_keys[748]
    SLICE_X74Y289        LUT3 (Prop_F6LUT_SLICEM_I1_O)
                                                      0.098     7.364 r  system_i/aes_gcm_axis_0/inst/u_aes/g0_b0_i_5__26/O
                         net (fo=34, routed)          0.403     7.767    system_i/aes_gcm_axis_0/inst/u_aes/round_keys[652]
    SLICE_X81Y290        LUT6 (Prop_H6LUT_SLICEM_I4_O)
                                                      0.125     7.892 r  system_i/aes_gcm_axis_0/inst/u_aes/g0_b3__21/O
                         net (fo=1, routed)           0.014     7.906    system_i/aes_gcm_axis_0/inst/u_key_expansion/aes_sbox_inferred__21/g0_b0_i_16_0
    SLICE_X81Y290        MUXF7 (Prop_F7MUX_GH_SLICEM_I0_O)
                                                      0.059     7.965 r  system_i/aes_gcm_axis_0/inst/u_key_expansion/aes_sbox_inferred__21/g0_b0_i_25/O
                         net (fo=1, routed)           0.000     7.965    system_i/aes_gcm_axis_0/inst/u_key_expansion/aes_sbox_inferred__21/g0_b0_i_25_n_0
    SLICE_X81Y290        MUXF8 (Prop_F8MUX_TOP_SLICEM_I0_O)
                                                      0.028     7.993 r  system_i/aes_gcm_axis_0/inst/u_key_expansion/aes_sbox_inferred__21/g0_b0_i_16/O
                         net (fo=4, routed)           0.205     8.198    system_i/aes_gcm_axis_0/inst/u_aes/state9_reg[115]_0
    SLICE_X83Y291        LUT6 (Prop_H6LUT_SLICEM_I3_O)
                                                      0.101     8.299 r  system_i/aes_gcm_axis_0/inst/u_aes/g0_b0_i_10__7/O
                         net (fo=6, routed)           0.361     8.660    system_i/aes_gcm_axis_0/inst/u_aes/round_keys[627]
    SLICE_X82Y301        LUT4 (Prop_H6LUT_SLICEL_I2_O)
                                                      0.036     8.696 r  system_i/aes_gcm_axis_0/inst/u_aes/g0_b0_i_4__30/O
                         net (fo=35, routed)          0.325     9.020    system_i/aes_gcm_axis_0/inst/u_aes/round_keys[531]
    SLICE_X78Y306        LUT6 (Prop_F6LUT_SLICEM_I3_O)
                                                      0.088     9.108 r  system_i/aes_gcm_axis_0/inst/u_aes/g2_b0__26/O
                         net (fo=1, routed)           0.023     9.131    system_i/aes_gcm_axis_0/inst/u_key_expansion/aes_sbox_inferred__26/g0_b0_i_22_0
    SLICE_X78Y306        MUXF7 (Prop_F7MUX_EF_SLICEM_I0_O)
                                                      0.061     9.192 r  system_i/aes_gcm_axis_0/inst/u_key_expansion/aes_sbox_inferred__26/g0_b0_i_50/O
                         net (fo=1, routed)           0.000     9.192    system_i/aes_gcm_axis_0/inst/u_key_expansion/aes_sbox_inferred__26/g0_b0_i_50_n_0
    SLICE_X78Y306        MUXF8 (Prop_F8MUX_TOP_SLICEM_I1_O)
                                                      0.028     9.220 r  system_i/aes_gcm_axis_0/inst/u_key_expansion/aes_sbox_inferred__26/g0_b0_i_22/O
                         net (fo=4, routed)           0.274     9.495    system_i/aes_gcm_axis_0/inst/u_aes/state9_reg[56]_0
    SLICE_X77Y309        LUT6 (Prop_G6LUT_SLICEL_I3_O)
                                                      0.149     9.644 r  system_i/aes_gcm_axis_0/inst/u_aes/state7[120]_i_7/O
                         net (fo=4, routed)           0.110     9.754    system_i/aes_gcm_axis_0/inst/u_aes/round_keys[504]
    SLICE_X76Y309        LUT3 (Prop_A6LUT_SLICEL_I2_O)
                                                      0.124     9.878 r  system_i/aes_gcm_axis_0/inst/u_aes/g0_b0_i_7__26/O
                         net (fo=5, routed)           0.159    10.037    system_i/aes_gcm_axis_0/inst/u_aes/round_keys[440]
    SLICE_X75Y309        LUT2 (Prop_F6LUT_SLICEL_I0_O)
                                                      0.049    10.086 r  system_i/aes_gcm_axis_0/inst/u_aes/g0_b0_i_1__12/O
                         net (fo=35, routed)          0.367    10.453    system_i/aes_gcm_axis_0/inst/u_aes/round_keys[408]
    SLICE_X73Y313        LUT6 (Prop_A6LUT_SLICEM_I0_O)
                                                      0.125    10.578 r  system_i/aes_gcm_axis_0/inst/u_aes/g3_b0__27/O
                         net (fo=1, routed)           0.107    10.685    system_i/aes_gcm_axis_0/inst/u_key_expansion/state9[96]_i_3
    SLICE_X73Y313        LUT6 (Prop_E6LUT_SLICEM_I0_O)
                                                      0.124    10.809 r  system_i/aes_gcm_axis_0/inst/u_key_expansion/aes_sbox_inferred__27/g0_b0_i_23/O
                         net (fo=4, routed)           0.339    11.148    system_i/aes_gcm_axis_0/inst/u_aes/state8_reg[96]_0
    SLICE_X69Y306        LUT6 (Prop_H6LUT_SLICEL_I3_O)
                                                      0.090    11.238 r  system_i/aes_gcm_axis_0/inst/u_aes/state8[96]_i_2/O
                         net (fo=2, routed)           0.235    11.473    system_i/aes_gcm_axis_0/inst/u_aes/round_keys[352]
    SLICE_X68Y303        LUT5 (Prop_F6LUT_SLICEL_I4_O)
                                                      0.089    11.562 r  system_i/aes_gcm_axis_0/inst/u_aes/g0_b0_i_8__19/O
                         net (fo=4, routed)           0.095    11.657    system_i/aes_gcm_axis_0/inst/u_aes/round_keys[320]
    SLICE_X68Y301        LUT2 (Prop_G5LUT_SLICEL_I0_O)
                                                      0.135    11.792 r  system_i/aes_gcm_axis_0/inst/u_aes/g0_b0_i_7/O
                         net (fo=4, routed)           0.257    12.049    system_i/aes_gcm_axis_0/inst/u_aes/round_keys[288]
    SLICE_X67Y298        LUT2 (Prop_H6LUT_SLICEM_I0_O)
                                                      0.090    12.139 r  system_i/aes_gcm_axis_0/inst/u_aes/g0_b0_i_1__0/O
                         net (fo=33, routed)          0.436    12.575    system_i/aes_gcm_axis_0/inst/u_aes/round_keys[256]
    SLICE_X68Y286        LUT6 (Prop_H6LUT_SLICEL_I0_O)
                                                      0.150    12.725 r  system_i/aes_gcm_axis_0/inst/u_aes/g2_b1__32/O
                         net (fo=1, routed)           0.271    12.996    system_i/aes_gcm_axis_0/inst/u_key_expansion/state9[105]_i_4_0
    SLICE_X69Y282        LUT6 (Prop_E6LUT_SLICEL_I1_O)
                                                      0.147    13.143 r  system_i/aes_gcm_axis_0/inst/u_key_expansion/aes_sbox_inferred__32/g0_b0_i_26/O
                         net (fo=3, routed)           0.271    13.414    system_i/aes_gcm_axis_0/inst/u_aes/ciphertext_reg[41]_0
    SLICE_X73Y282        LUT6 (Prop_G6LUT_SLICEM_I2_O)
                                                      0.052    13.466 r  system_i/aes_gcm_axis_0/inst/u_aes/g0_b0_i_9__2/O
                         net (fo=3, routed)           0.189    13.655    system_i/aes_gcm_axis_0/inst/u_aes/g0_b0_i_9__2_n_0
    SLICE_X75Y283        LUT6 (Prop_H6LUT_SLICEL_I0_O)
                                                      0.036    13.691 r  system_i/aes_gcm_axis_0/inst/u_aes/g0_b0_i_2__4/O
                         net (fo=33, routed)          0.418    14.110    system_i/aes_gcm_axis_0/inst/u_aes/round_keys[137]
    SLICE_X81Y286        LUT6 (Prop_B6LUT_SLICEM_I1_O)
                                                      0.149    14.259 r  system_i/aes_gcm_axis_0/inst/u_aes/g2_b2__37/O
                         net (fo=1, routed)           0.017    14.276    system_i/aes_gcm_axis_0/inst/u_key_expansion/ciphertext[50]_i_3_1
    SLICE_X81Y286        MUXF7 (Prop_F7MUX_AB_SLICEM_I0_O)
                                                      0.067    14.343 r  system_i/aes_gcm_axis_0/inst/u_key_expansion/aes_sbox_inferred__37/ciphertext_reg[50]_i_7/O
                         net (fo=1, routed)           0.196    14.539    system_i/aes_gcm_axis_0/inst/u_aes/ciphertext_reg[50]_2
    SLICE_X81Y286        LUT6 (Prop_H6LUT_SLICEM_I3_O)
                                                      0.053    14.592 r  system_i/aes_gcm_axis_0/inst/u_aes/ciphertext[50]_i_3/O
                         net (fo=4, routed)           0.163    14.755    system_i/aes_gcm_axis_0/inst/u_aes/ciphertext[50]_i_3_n_0
    SLICE_X83Y288        LUT6 (Prop_G6LUT_SLICEM_I1_O)
                                                      0.052    14.807 r  system_i/aes_gcm_axis_0/inst/u_aes/ciphertext[18]_i_2/O
                         net (fo=1, routed)           0.090    14.897    system_i/aes_gcm_axis_0/inst/u_aes/round_keys[18]
    SLICE_X83Y288        LUT2 (Prop_C6LUT_SLICEM_I0_O)
                                                      0.051    14.948 r  system_i/aes_gcm_axis_0/inst/u_aes/ciphertext[18]_i_1/O
                         net (fo=1, routed)           0.066    15.014    system_i/aes_gcm_axis_0/inst/u_aes/rk10[18]
    SLICE_X83Y288        FDCE                                         r  system_i/aes_gcm_axis_0/inst/u_aes/ciphertext_reg[18]/D
  -------------------------------------------------------------------    -------------------

                         (clock clk_pl_0 rise edge)
                                                     13.333    13.333 r  <hidden>
    PS8_X0Y0             PS8                          0.000    13.333 r  system_i/zynq_ultra_ps_e_0/inst/PS8_i/PLCLK[0]
                         net (fo=1, routed)           0.143    13.476    system_i/zynq_ultra_ps_e_0/inst/pl_clk_unbuffered[0]
    BUFG_PS_X0Y80        BUFG_PS (Prop_BUFG_PS_I_O)
                                                      0.025    13.501 r  system_i/zynq_ultra_ps_e_0/inst/buffer_pl_clk_0.PL_CLK_0_BUFG/O
    X1Y2 (CLOCK_ROOT)    net (fo=13924, routed)       1.757    15.258    system_i/aes_gcm_axis_0/inst/u_aes/aclk
    SLICE_X83Y288        FDCE                                         r  system_i/aes_gcm_axis_0/inst/u_aes/ciphertext_reg[18]/C
                         clock pessimism              0.179    15.437    <hidden>
                         clock uncertainty           -0.141    15.296    <hidden>
    SLICE_X83Y288        FDCE (Setup_CFF_SLICEM_C_D)
                                                      0.025    15.321    system_i/aes_gcm_axis_0/inst/u_aes/ciphertext_reg[18]
  -------------------------------------------------------------------
                         required time                         15.321    <hidden>
                         arrival time                         -15.014    <hidden>
  -------------------------------------------------------------------
                         slack                                  0.307    <hidden>

Slack (MET) :             0.319ns  (required time - arrival time)
  Source:                 system_i/aes_gcm_axis_0/inst/key_reg3_reg[0]/C
                            (rising edge-triggered cell FDRE clocked by clk_pl_0  {rise@0.000ns fall@6.667ns period=13.333ns})
  Destination:            system_i/aes_gcm_axis_0/inst/u_aes/ciphertext_reg[86]/D
                            (rising edge-triggered cell FDCE clocked by clk_pl_0  {rise@0.000ns fall@6.667ns period=13.333ns})
  Path Group:             clk_pl_0
  Path Type:              Setup (Max at Slow Process Corner)
  Requirement:            13.333ns  (clk_pl_0 rise@13.333ns - clk_pl_0 rise@0.000ns)
  Data Path Delay:        12.831ns  (logic 3.991ns (31.105%)  route 8.840ns (68.895%))
  Logic Levels:           47  (LUT2=5 LUT3=5 LUT4=2 LUT5=2 LUT6=20 MUXF7=7 MUXF8=6)
  Clock Path Skew:        -0.067ns (DCD - SCD + CPR)
    Destination Clock Delay (DCD):    1.924ns = ( 15.257 - 13.333 ) 
    Source Clock Delay      (SCD):    2.170ns
    Clock Pessimism Removal (CPR):    0.179ns
  Clock Uncertainty:      0.141ns  ((TSJ^2 + DJ^2)^1/2) / 2 + PE
    Total System Jitter     (TSJ):    0.071ns
    Discrete Jitter          (DJ):    0.273ns
    Phase Error              (PE):    0.000ns
  Clock Net Delay (Source):      1.962ns (routing 0.569ns, distribution 1.393ns)
  Clock Net Delay (Destination): 1.756ns (routing 0.512ns, distribution 1.244ns)

    Location             Delay type                Incr(ns)  Path(ns)    Netlist Resource(s)
  -------------------------------------------------------------------    -------------------
                         (clock clk_pl_0 rise edge)
                                                      0.000     0.000 r  <hidden>
    PS8_X0Y0             PS8                          0.000     0.000 r  system_i/zynq_ultra_ps_e_0/inst/PS8_i/PLCLK[0]
                         net (fo=1, routed)           0.180     0.180    system_i/zynq_ultra_ps_e_0/inst/pl_clk_unbuffered[0]
    BUFG_PS_X0Y80        BUFG_PS (Prop_BUFG_PS_I_O)
                                                      0.028     0.208 r  system_i/zynq_ultra_ps_e_0/inst/buffer_pl_clk_0.PL_CLK_0_BUFG/O
    X1Y2 (CLOCK_ROOT)    net (fo=13924, routed)       1.962     2.170    system_i/aes_gcm_axis_0/inst/aclk
    SLICE_X75Y286        FDRE                                         r  system_i/aes_gcm_axis_0/inst/key_reg3_reg[0]/C
  -------------------------------------------------------------------    -------------------
    SLICE_X75Y286        FDRE (Prop_DFF_SLICEL_C_Q)
                                                      0.079     2.249 r  system_i/aes_gcm_axis_0/inst/key_reg3_reg[0]/Q
                         net (fo=36, routed)          0.320     2.569    system_i/aes_gcm_axis_0/inst/u_aes/key_value[0]
    SLICE_X76Y290        LUT6 (Prop_C6LUT_SLICEL_I0_O)
                                                      0.123     2.692 r  system_i/aes_gcm_axis_0/inst/u_aes/g1_b6__0/O
                         net (fo=2, routed)           0.090     2.782    system_i/aes_gcm_axis_0/inst/u_key_expansion/state8_reg[46]_1
    SLICE_X76Y288        LUT6 (Prop_C6LUT_SLICEL_I3_O)
                                                      0.096     2.878 r  system_i/aes_gcm_axis_0/inst/u_key_expansion/aes_sbox_inferred__0/state8[46]_i_2/O
                         net (fo=10, routed)          0.253     3.131    system_i/aes_gcm_axis_0/inst/u_aes/SubWord_return[14]
    SLICE_X78Y292        LUT5 (Prop_H6LUT_SLICEM_I2_O)
                                                      0.053     3.184 r  system_i/aes_gcm_axis_0/inst/u_aes/state1[14]_i_2/O
                         net (fo=24, routed)          0.314     3.498    system_i/aes_gcm_axis_0/inst/u_key_expansion/state4_reg[96][114]
    SLICE_X78Y289        MUXF7 (Prop_F7MUX_EF_SLICEM_S_O)
                                                      0.070     3.568 r  system_i/aes_gcm_axis_0/inst/u_key_expansion/aes_sbox_inferred__5/g0_b0_i_20/O
                         net (fo=1, routed)           0.000     3.568    system_i/aes_gcm_axis_0/inst/u_key_expansion/aes_sbox_inferred__5/g0_b0_i_20_n_0
    SLICE_X78Y289        MUXF8 (Prop_F8MUX_TOP_SLICEM_I1_O)
                                                      0.028     3.596 r  system_i/aes_gcm_axis_0/inst/u_key_expansion/aes_sbox_inferred__5/g0_b0_i_10/O
                         net (fo=18, routed)          0.238     3.833    system_i/aes_gcm_axis_0/inst/u_aes/state4_reg[115]_1
    SLICE_X79Y293        LUT3 (Prop_F6LUT_SLICEM_I0_O)
                                                      0.037     3.870 r  system_i/aes_gcm_axis_0/inst/u_aes/g0_b0_i_4__19/O
                         net (fo=34, routed)          0.299     4.169    system_i/aes_gcm_axis_0/inst/u_aes/round_keys[1043]
    SLICE_X78Y297        LUT6 (Prop_C6LUT_SLICEM_I3_O)
                                                      0.145     4.314 r  system_i/aes_gcm_axis_0/inst/u_aes/g1_b5__10/O
                         net (fo=1, routed)           0.021     4.335    system_i/aes_gcm_axis_0/inst/u_key_expansion/aes_sbox_inferred__10/state4_reg[125]_i_3_1
    SLICE_X78Y297        MUXF7 (Prop_F7MUX_CD_SLICEM_I1_O)
                                                      0.061     4.396 r  system_i/aes_gcm_axis_0/inst/u_key_expansion/aes_sbox_inferred__10/state4_reg[125]_i_7/O
                         net (fo=1, routed)           0.000     4.396    system_i/aes_gcm_axis_0/inst/u_key_expansion/aes_sbox_inferred__10/state4_reg[125]_i_7_n_0
    SLICE_X78Y297        MUXF8 (Prop_F8MUX_BOT_SLICEM_I0_O)
                                                      0.030     4.426 r  system_i/aes_gcm_axis_0/inst/u_key_expansion/aes_sbox_inferred__10/state4_reg[125]_i_3/O
                         net (fo=10, routed)          0.235     4.661    system_i/aes_gcm_axis_0/inst/u_aes/state4_reg[125]_2
    SLICE_X74Y299        LUT4 (Prop_D6LUT_SLICEM_I0_O)
                                                      0.122     4.783 r  system_i/aes_gcm_axis_0/inst/u_aes/g0_b0_i_12__11/O
                         net (fo=9, routed)           0.190     4.973    system_i/aes_gcm_axis_0/inst/u_aes/round_keys[957]
    SLICE_X73Y300        LUT2 (Prop_F6LUT_SLICEM_I0_O)
                                                      0.037     5.010 r  system_i/aes_gcm_axis_0/inst/u_aes/g0_b0_i_6__16/O
                         net (fo=34, routed)          0.330     5.340    system_i/aes_gcm_axis_0/inst/u_aes/round_keys[925]
    SLICE_X71Y299        LUT6 (Prop_F6LUT_SLICEM_I5_O)
                                                      0.148     5.488 r  system_i/aes_gcm_axis_0/inst/u_aes/g2_b3__11/O
                         net (fo=1, routed)           0.023     5.511    system_i/aes_gcm_axis_0/inst/u_key_expansion/aes_sbox_inferred__11/state4_reg[99]_i_2_2
    SLICE_X71Y299        MUXF7 (Prop_F7MUX_EF_SLICEM_I0_O)
                                                      0.061     5.572 r  system_i/aes_gcm_axis_0/inst/u_key_expansion/aes_sbox_inferred__11/state4_reg[99]_i_6/O
                         net (fo=1, routed)           0.000     5.572    system_i/aes_gcm_axis_0/inst/u_key_expansion/aes_sbox_inferred__11/state4_reg[99]_i_6_n_0
    SLICE_X71Y299        MUXF8 (Prop_F8MUX_TOP_SLICEM_I1_O)
                                                      0.028     5.600 r  system_i/aes_gcm_axis_0/inst/u_key_expansion/aes_sbox_inferred__11/state4_reg[99]_i_2/O
                         net (fo=5, routed)           0.248     5.848    system_i/aes_gcm_axis_0/inst/u_aes/state4_reg[99]_0
    SLICE_X71Y295        LUT3 (Prop_G6LUT_SLICEM_I0_O)
                                                      0.090     5.938 r  system_i/aes_gcm_axis_0/inst/u_aes/g0_b0_i_10__18/O
                         net (fo=9, routed)           0.228     6.166    system_i/aes_gcm_axis_0/inst/u_aes/round_keys[835]
    SLICE_X69Y293        LUT3 (Prop_C6LUT_SLICEL_I0_O)
                                                      0.123     6.289 r  system_i/aes_gcm_axis_0/inst/u_aes/g0_b0_i_4__25/O
                         net (fo=34, routed)          0.242     6.531    system_i/aes_gcm_axis_0/inst/u_aes/round_keys[771]
    SLICE_X69Y287        LUT6 (Prop_H6LUT_SLICEL_I3_O)
                                                      0.150     6.681 r  system_i/aes_gcm_axis_0/inst/u_aes/g0_b4__16/O
                         net (fo=1, routed)           0.010     6.691    system_i/aes_gcm_axis_0/inst/u_key_expansion/aes_sbox_inferred__16/g0_b0_i_17_0
    SLICE_X69Y287        MUXF7 (Prop_F7MUX_GH_SLICEL_I0_O)
                                                      0.057     6.748 r  system_i/aes_gcm_axis_0/inst/u_key_expansion/aes_sbox_inferred__16/g0_b0_i_27/O
                         net (fo=1, routed)           0.000     6.748    system_i/aes_gcm_axis_0/inst/u_key_expansion/aes_sbox_inferred__16/g0_b0_i_27_n_0
    SLICE_X69Y287        MUXF8 (Prop_F8MUX_TOP_SLICEL_I0_O)
                                                      0.026     6.774 r  system_i/aes_gcm_axis_0/inst/u_key_expansion/aes_sbox_inferred__16/g0_b0_i_17/O
                         net (fo=4, routed)           0.219     6.993    system_i/aes_gcm_axis_0/inst/u_aes/state9_reg[108]_1
    SLICE_X73Y287        LUT6 (Prop_G6LUT_SLICEM_I2_O)
                                                      0.100     7.093 r  system_i/aes_gcm_axis_0/inst/u_aes/g0_b0_i_11__10/O
                         net (fo=8, routed)           0.173     7.266    system_i/aes_gcm_axis_0/inst/u_aes/round_keys[748]
    SLICE_X74Y289        LUT3 (Prop_F6LUT_SLICEM_I1_O)
                                                      0.098     7.364 r  system_i/aes_gcm_axis_0/inst/u_aes/g0_b0_i_5__26/O
                         net (fo=34, routed)          0.403     7.767    system_i/aes_gcm_axis_0/inst/u_aes/round_keys[652]
    SLICE_X81Y290        LUT6 (Prop_H6LUT_SLICEM_I4_O)
                                                      0.125     7.892 r  system_i/aes_gcm_axis_0/inst/u_aes/g0_b3__21/O
                         net (fo=1, routed)           0.014     7.906    system_i/aes_gcm_axis_0/inst/u_key_expansion/aes_sbox_inferred__21/g0_b0_i_16_0
    SLICE_X81Y290        MUXF7 (Prop_F7MUX_GH_SLICEM_I0_O)
                                                      0.059     7.965 r  system_i/aes_gcm_axis_0/inst/u_key_expansion/aes_sbox_inferred__21/g0_b0_i_25/O
                         net (fo=1, routed)           0.000     7.965    system_i/aes_gcm_axis_0/inst/u_key_expansion/aes_sbox_inferred__21/g0_b0_i_25_n_0
    SLICE_X81Y290        MUXF8 (Prop_F8MUX_TOP_SLICEM_I0_O)
                                                      0.028     7.993 r  system_i/aes_gcm_axis_0/inst/u_key_expansion/aes_sbox_inferred__21/g0_b0_i_16/O
                         net (fo=4, routed)           0.205     8.198    system_i/aes_gcm_axis_0/inst/u_aes/state9_reg[115]_0
    SLICE_X83Y291        LUT6 (Prop_H6LUT_SLICEM_I3_O)
                                                      0.101     8.299 r  system_i/aes_gcm_axis_0/inst/u_aes/g0_b0_i_10__7/O
                         net (fo=6, routed)           0.361     8.660    system_i/aes_gcm_axis_0/inst/u_aes/round_keys[627]
    SLICE_X82Y301        LUT4 (Prop_H6LUT_SLICEL_I2_O)
                                                      0.036     8.696 r  system_i/aes_gcm_axis_0/inst/u_aes/g0_b0_i_4__30/O
                         net (fo=35, routed)          0.325     9.020    system_i/aes_gcm_axis_0/inst/u_aes/round_keys[531]
    SLICE_X78Y306        LUT6 (Prop_F6LUT_SLICEM_I3_O)
                                                      0.088     9.108 r  system_i/aes_gcm_axis_0/inst/u_aes/g2_b0__26/O
                         net (fo=1, routed)           0.023     9.131    system_i/aes_gcm_axis_0/inst/u_key_expansion/aes_sbox_inferred__26/g0_b0_i_22_0
    SLICE_X78Y306        MUXF7 (Prop_F7MUX_EF_SLICEM_I0_O)
                                                      0.061     9.192 r  system_i/aes_gcm_axis_0/inst/u_key_expansion/aes_sbox_inferred__26/g0_b0_i_50/O
                         net (fo=1, routed)           0.000     9.192    system_i/aes_gcm_axis_0/inst/u_key_expansion/aes_sbox_inferred__26/g0_b0_i_50_n_0
    SLICE_X78Y306        MUXF8 (Prop_F8MUX_TOP_SLICEM_I1_O)
                                                      0.028     9.220 r  system_i/aes_gcm_axis_0/inst/u_key_expansion/aes_sbox_inferred__26/g0_b0_i_22/O
                         net (fo=4, routed)           0.274     9.495    system_i/aes_gcm_axis_0/inst/u_aes/state9_reg[56]_0
    SLICE_X77Y309        LUT6 (Prop_G6LUT_SLICEL_I3_O)
                                                      0.149     9.644 r  system_i/aes_gcm_axis_0/inst/u_aes/state7[120]_i_7/O
                         net (fo=4, routed)           0.110     9.754    system_i/aes_gcm_axis_0/inst/u_aes/round_keys[504]
    SLICE_X76Y309        LUT3 (Prop_A6LUT_SLICEL_I2_O)
                                                      0.124     9.878 r  system_i/aes_gcm_axis_0/inst/u_aes/g0_b0_i_7__26/O
                         net (fo=5, routed)           0.159    10.037    system_i/aes_gcm_axis_0/inst/u_aes/round_keys[440]
    SLICE_X75Y309        LUT2 (Prop_F6LUT_SLICEL_I0_O)
                                                      0.049    10.086 r  system_i/aes_gcm_axis_0/inst/u_aes/g0_b0_i_1__12/O
                         net (fo=35, routed)          0.367    10.453    system_i/aes_gcm_axis_0/inst/u_aes/round_keys[408]
    SLICE_X73Y313        LUT6 (Prop_A6LUT_SLICEM_I0_O)
                                                      0.125    10.578 r  system_i/aes_gcm_axis_0/inst/u_aes/g3_b0__27/O
                         net (fo=1, routed)           0.107    10.685    system_i/aes_gcm_axis_0/inst/u_key_expansion/state9[96]_i_3
    SLICE_X73Y313        LUT6 (Prop_E6LUT_SLICEM_I0_O)
                                                      0.124    10.809 r  system_i/aes_gcm_axis_0/inst/u_key_expansion/aes_sbox_inferred__27/g0_b0_i_23/O
                         net (fo=4, routed)           0.339    11.148    system_i/aes_gcm_axis_0/inst/u_aes/state8_reg[96]_0
    SLICE_X69Y306        LUT6 (Prop_H6LUT_SLICEL_I3_O)
                                                      0.090    11.238 r  system_i/aes_gcm_axis_0/inst/u_aes/state8[96]_i_2/O
                         net (fo=2, routed)           0.235    11.473    system_i/aes_gcm_axis_0/inst/u_aes/round_keys[352]
    SLICE_X68Y303        LUT5 (Prop_F6LUT_SLICEL_I4_O)
                                                      0.089    11.562 r  system_i/aes_gcm_axis_0/inst/u_aes/g0_b0_i_8__19/O
                         net (fo=4, routed)           0.095    11.657    system_i/aes_gcm_axis_0/inst/u_aes/round_keys[320]
    SLICE_X68Y301        LUT2 (Prop_G5LUT_SLICEL_I0_O)
                                                      0.135    11.792 r  system_i/aes_gcm_axis_0/inst/u_aes/g0_b0_i_7/O
                         net (fo=4, routed)           0.257    12.049    system_i/aes_gcm_axis_0/inst/u_aes/round_keys[288]
    SLICE_X67Y298        LUT2 (Prop_H6LUT_SLICEM_I0_O)
                                                      0.090    12.139 r  system_i/aes_gcm_axis_0/inst/u_aes/g0_b0_i_1__0/O
                         net (fo=33, routed)          0.436    12.575    system_i/aes_gcm_axis_0/inst/u_aes/round_keys[256]
    SLICE_X68Y286        LUT6 (Prop_H6LUT_SLICEL_I0_O)
                                                      0.150    12.725 r  system_i/aes_gcm_axis_0/inst/u_aes/g2_b1__32/O
                         net (fo=1, routed)           0.271    12.996    system_i/aes_gcm_axis_0/inst/u_key_expansion/state9[105]_i_4_0
    SLICE_X69Y282        LUT6 (Prop_E6LUT_SLICEL_I1_O)
                                                      0.147    13.143 r  system_i/aes_gcm_axis_0/inst/u_key_expansion/aes_sbox_inferred__32/g0_b0_i_26/O
                         net (fo=3, routed)           0.271    13.414    system_i/aes_gcm_axis_0/inst/u_aes/ciphertext_reg[41]_0
    SLICE_X73Y282        LUT6 (Prop_G6LUT_SLICEM_I2_O)
                                                      0.052    13.466 r  system_i/aes_gcm_axis_0/inst/u_aes/g0_b0_i_9__2/O
                         net (fo=3, routed)           0.189    13.655    system_i/aes_gcm_axis_0/inst/u_aes/g0_b0_i_9__2_n_0
    SLICE_X75Y283        LUT6 (Prop_H6LUT_SLICEL_I0_O)
                                                      0.036    13.691 r  system_i/aes_gcm_axis_0/inst/u_aes/g0_b0_i_2__4/O
                         net (fo=33, routed)          0.502    14.194    system_i/aes_gcm_axis_0/inst/u_aes/round_keys[137]
    SLICE_X82Y285        LUT6 (Prop_A6LUT_SLICEL_I1_O)
                                                      0.124    14.318 r  system_i/aes_gcm_axis_0/inst/u_aes/g3_b6__37/O
                         net (fo=2, routed)           0.009    14.327    system_i/aes_gcm_axis_0/inst/u_key_expansion/ciphertext[86]_i_4
    SLICE_X82Y285        MUXF7 (Prop_F7MUX_AB_SLICEL_I1_O)
                                                      0.064    14.391 r  system_i/aes_gcm_axis_0/inst/u_key_expansion/aes_sbox_inferred__37/ciphertext_reg[86]_i_8/O
                         net (fo=1, routed)           0.131    14.522    system_i/aes_gcm_axis_0/inst/u_aes/ciphertext[22]_i_2_0
    SLICE_X82Y287        LUT6 (Prop_H6LUT_SLICEL_I3_O)
                                                      0.051    14.573 r  system_i/aes_gcm_axis_0/inst/u_aes/ciphertext[86]_i_4/O
                         net (fo=3, routed)           0.139    14.712    system_i/aes_gcm_axis_0/inst/u_aes/ciphertext[86]_i_4_n_0
    SLICE_X83Y288        LUT6 (Prop_F6LUT_SLICEM_I2_O)
                                                      0.051    14.763 r  system_i/aes_gcm_axis_0/inst/u_aes/ciphertext[86]_i_2/O
                         net (fo=1, routed)           0.132    14.895    system_i/aes_gcm_axis_0/inst/u_aes/round_keys[86]
    SLICE_X83Y287        LUT2 (Prop_A6LUT_SLICEM_I0_O)
                                                      0.053    14.948 r  system_i/aes_gcm_axis_0/inst/u_aes/ciphertext[86]_i_1/O
                         net (fo=1, routed)           0.053    15.001    system_i/aes_gcm_axis_0/inst/u_aes/rk10[86]
    SLICE_X83Y287        FDCE                                         r  system_i/aes_gcm_axis_0/inst/u_aes/ciphertext_reg[86]/D
  -------------------------------------------------------------------    -------------------

                         (clock clk_pl_0 rise edge)
                                                     13.333    13.333 r  <hidden>
    PS8_X0Y0             PS8                          0.000    13.333 r  system_i/zynq_ultra_ps_e_0/inst/PS8_i/PLCLK[0]
                         net (fo=1, routed)           0.143    13.476    system_i/zynq_ultra_ps_e_0/inst/pl_clk_unbuffered[0]
    BUFG_PS_X0Y80        BUFG_PS (Prop_BUFG_PS_I_O)
                                                      0.025    13.501 r  system_i/zynq_ultra_ps_e_0/inst/buffer_pl_clk_0.PL_CLK_0_BUFG/O
    X1Y2 (CLOCK_ROOT)    net (fo=13924, routed)       1.756    15.257    system_i/aes_gcm_axis_0/inst/u_aes/aclk
    SLICE_X83Y287        FDCE                                         r  system_i/aes_gcm_axis_0/inst/u_aes/ciphertext_reg[86]/C
                         clock pessimism              0.179    15.436    <hidden>
                         clock uncertainty           -0.141    15.295    <hidden>
    SLICE_X83Y287        FDCE (Setup_AFF_SLICEM_C_D)
                                                      0.025    15.320    system_i/aes_gcm_axis_0/inst/u_aes/ciphertext_reg[86]
  -------------------------------------------------------------------
                         required time                         15.320    <hidden>
                         arrival time                         -15.001    <hidden>
  -------------------------------------------------------------------
                         slack                                  0.319    <hidden>

Slack (MET) :             0.331ns  (required time - arrival time)
  Source:                 system_i/aes_gcm_axis_0/inst/key_reg3_reg[0]/C
                            (rising edge-triggered cell FDRE clocked by clk_pl_0  {rise@0.000ns fall@6.667ns period=13.333ns})
  Destination:            system_i/aes_gcm_axis_0/inst/u_aes/ciphertext_reg[118]/D
                            (rising edge-triggered cell FDCE clocked by clk_pl_0  {rise@0.000ns fall@6.667ns period=13.333ns})
  Path Group:             clk_pl_0
  Path Type:              Setup (Max at Slow Process Corner)
  Requirement:            13.333ns  (clk_pl_0 rise@13.333ns - clk_pl_0 rise@0.000ns)
  Data Path Delay:        12.819ns  (logic 4.084ns (31.859%)  route 8.735ns (68.141%))
  Logic Levels:           46  (LUT2=5 LUT3=5 LUT4=2 LUT5=2 LUT6=20 MUXF7=6 MUXF8=6)
  Clock Path Skew:        -0.067ns (DCD - SCD + CPR)
    Destination Clock Delay (DCD):    1.924ns = ( 15.257 - 13.333 ) 
    Source Clock Delay      (SCD):    2.170ns
    Clock Pessimism Removal (CPR):    0.179ns
  Clock Uncertainty:      0.141ns  ((TSJ^2 + DJ^2)^1/2) / 2 + PE
    Total System Jitter     (TSJ):    0.071ns
    Discrete Jitter          (DJ):    0.273ns
    Phase Error              (PE):    0.000ns
  Clock Net Delay (Source):      1.962ns (routing 0.569ns, distribution 1.393ns)
  Clock Net Delay (Destination): 1.756ns (routing 0.512ns, distribution 1.244ns)

    Location             Delay type                Incr(ns)  Path(ns)    Netlist Resource(s)
  -------------------------------------------------------------------    -------------------
                         (clock clk_pl_0 rise edge)
                                                      0.000     0.000 r  <hidden>
    PS8_X0Y0             PS8                          0.000     0.000 r  system_i/zynq_ultra_ps_e_0/inst/PS8_i/PLCLK[0]
                         net (fo=1, routed)           0.180     0.180    system_i/zynq_ultra_ps_e_0/inst/pl_clk_unbuffered[0]
    BUFG_PS_X0Y80        BUFG_PS (Prop_BUFG_PS_I_O)
                                                      0.028     0.208 r  system_i/zynq_ultra_ps_e_0/inst/buffer_pl_clk_0.PL_CLK_0_BUFG/O
    X1Y2 (CLOCK_ROOT)    net (fo=13924, routed)       1.962     2.170    system_i/aes_gcm_axis_0/inst/aclk
    SLICE_X75Y286        FDRE                                         r  system_i/aes_gcm_axis_0/inst/key_reg3_reg[0]/C
  -------------------------------------------------------------------    -------------------
    SLICE_X75Y286        FDRE (Prop_DFF_SLICEL_C_Q)
                                                      0.079     2.249 r  system_i/aes_gcm_axis_0/inst/key_reg3_reg[0]/Q
                         net (fo=36, routed)          0.320     2.569    system_i/aes_gcm_axis_0/inst/u_aes/key_value[0]
    SLICE_X76Y290        LUT6 (Prop_C6LUT_SLICEL_I0_O)
                                                      0.123     2.692 r  system_i/aes_gcm_axis_0/inst/u_aes/g1_b6__0/O
                         net (fo=2, routed)           0.090     2.782    system_i/aes_gcm_axis_0/inst/u_key_expansion/state8_reg[46]_1
    SLICE_X76Y288        LUT6 (Prop_C6LUT_SLICEL_I3_O)
                                                      0.096     2.878 r  system_i/aes_gcm_axis_0/inst/u_key_expansion/aes_sbox_inferred__0/state8[46]_i_2/O
                         net (fo=10, routed)          0.253     3.131    system_i/aes_gcm_axis_0/inst/u_aes/SubWord_return[14]
    SLICE_X78Y292        LUT5 (Prop_H6LUT_SLICEM_I2_O)
                                                      0.053     3.184 r  system_i/aes_gcm_axis_0/inst/u_aes/state1[14]_i_2/O
                         net (fo=24, routed)          0.314     3.498    system_i/aes_gcm_axis_0/inst/u_key_expansion/state4_reg[96][114]
    SLICE_X78Y289        MUXF7 (Prop_F7MUX_EF_SLICEM_S_O)
                                                      0.070     3.568 r  system_i/aes_gcm_axis_0/inst/u_key_expansion/aes_sbox_inferred__5/g0_b0_i_20/O
                         net (fo=1, routed)           0.000     3.568    system_i/aes_gcm_axis_0/inst/u_key_expansion/aes_sbox_inferred__5/g0_b0_i_20_n_0
    SLICE_X78Y289        MUXF8 (Prop_F8MUX_TOP_SLICEM_I1_O)
                                                      0.028     3.596 r  system_i/aes_gcm_axis_0/inst/u_key_expansion/aes_sbox_inferred__5/g0_b0_i_10/O
                         net (fo=18, routed)          0.238     3.833    system_i/aes_gcm_axis_0/inst/u_aes/state4_reg[115]_1
    SLICE_X79Y293        LUT3 (Prop_F6LUT_SLICEM_I0_O)
                                                      0.037     3.870 r  system_i/aes_gcm_axis_0/inst/u_aes/g0_b0_i_4__19/O
                         net (fo=34, routed)          0.299     4.169    system_i/aes_gcm_axis_0/inst/u_aes/round_keys[1043]
    SLICE_X78Y297        LUT6 (Prop_C6LUT_SLICEM_I3_O)
                                                      0.145     4.314 r  system_i/aes_gcm_axis_0/inst/u_aes/g1_b5__10/O
                         net (fo=1, routed)           0.021     4.335    system_i/aes_gcm_axis_0/inst/u_key_expansion/aes_sbox_inferred__10/state4_reg[125]_i_3_1
    SLICE_X78Y297        MUXF7 (Prop_F7MUX_CD_SLICEM_I1_O)
                                                      0.061     4.396 r  system_i/aes_gcm_axis_0/inst/u_key_expansion/aes_sbox_inferred__10/state4_reg[125]_i_7/O
                         net (fo=1, routed)           0.000     4.396    system_i/aes_gcm_axis_0/inst/u_key_expansion/aes_sbox_inferred__10/state4_reg[125]_i_7_n_0
    SLICE_X78Y297        MUXF8 (Prop_F8MUX_BOT_SLICEM_I0_O)
                                                      0.030     4.426 r  system_i/aes_gcm_axis_0/inst/u_key_expansion/aes_sbox_inferred__10/state4_reg[125]_i_3/O
                         net (fo=10, routed)          0.235     4.661    system_i/aes_gcm_axis_0/inst/u_aes/state4_reg[125]_2
    SLICE_X74Y299        LUT4 (Prop_D6LUT_SLICEM_I0_O)
                                                      0.122     4.783 r  system_i/aes_gcm_axis_0/inst/u_aes/g0_b0_i_12__11/O
                         net (fo=9, routed)           0.190     4.973    system_i/aes_gcm_axis_0/inst/u_aes/round_keys[957]
    SLICE_X73Y300        LUT2 (Prop_F6LUT_SLICEM_I0_O)
                                                      0.037     5.010 r  system_i/aes_gcm_axis_0/inst/u_aes/g0_b0_i_6__16/O
                         net (fo=34, routed)          0.330     5.340    system_i/aes_gcm_axis_0/inst/u_aes/round_keys[925]
    SLICE_X71Y299        LUT6 (Prop_F6LUT_SLICEM_I5_O)
                                                      0.148     5.488 r  system_i/aes_gcm_axis_0/inst/u_aes/g2_b3__11/O
                         net (fo=1, routed)           0.023     5.511    system_i/aes_gcm_axis_0/inst/u_key_expansion/aes_sbox_inferred__11/state4_reg[99]_i_2_2
    SLICE_X71Y299        MUXF7 (Prop_F7MUX_EF_SLICEM_I0_O)
                                                      0.061     5.572 r  system_i/aes_gcm_axis_0/inst/u_key_expansion/aes_sbox_inferred__11/state4_reg[99]_i_6/O
                         net (fo=1, routed)           0.000     5.572    system_i/aes_gcm_axis_0/inst/u_key_expansion/aes_sbox_inferred__11/state4_reg[99]_i_6_n_0
    SLICE_X71Y299        MUXF8 (Prop_F8MUX_TOP_SLICEM_I1_O)
                                                      0.028     5.600 r  system_i/aes_gcm_axis_0/inst/u_key_expansion/aes_sbox_inferred__11/state4_reg[99]_i_2/O
                         net (fo=5, routed)           0.248     5.848    system_i/aes_gcm_axis_0/inst/u_aes/state4_reg[99]_0
    SLICE_X71Y295        LUT3 (Prop_G6LUT_SLICEM_I0_O)
                                                      0.090     5.938 r  system_i/aes_gcm_axis_0/inst/u_aes/g0_b0_i_10__18/O
                         net (fo=9, routed)           0.228     6.166    system_i/aes_gcm_axis_0/inst/u_aes/round_keys[835]
    SLICE_X69Y293        LUT3 (Prop_C6LUT_SLICEL_I0_O)
                                                      0.123     6.289 r  system_i/aes_gcm_axis_0/inst/u_aes/g0_b0_i_4__25/O
                         net (fo=34, routed)          0.242     6.531    system_i/aes_gcm_axis_0/inst/u_aes/round_keys[771]
    SLICE_X69Y287        LUT6 (Prop_H6LUT_SLICEL_I3_O)
                                                      0.150     6.681 r  system_i/aes_gcm_axis_0/inst/u_aes/g0_b4__16/O
                         net (fo=1, routed)           0.010     6.691    system_i/aes_gcm_axis_0/inst/u_key_expansion/aes_sbox_inferred__16/g0_b0_i_17_0
    SLICE_X69Y287        MUXF7 (Prop_F7MUX_GH_SLICEL_I0_O)
                                                      0.057     6.748 r  system_i/aes_gcm_axis_0/inst/u_key_expansion/aes_sbox_inferred__16/g0_b0_i_27/O
                         net (fo=1, routed)           0.000     6.748    system_i/aes_gcm_axis_0/inst/u_key_expansion/aes_sbox_inferred__16/g0_b0_i_27_n_0
    SLICE_X69Y287        MUXF8 (Prop_F8MUX_TOP_SLICEL_I0_O)
                                                      0.026     6.774 r  system_i/aes_gcm_axis_0/inst/u_key_expansion/aes_sbox_inferred__16/g0_b0_i_17/O
                         net (fo=4, routed)           0.219     6.993    system_i/aes_gcm_axis_0/inst/u_aes/state9_reg[108]_1
    SLICE_X73Y287        LUT6 (Prop_G6LUT_SLICEM_I2_O)
                                                      0.100     7.093 r  system_i/aes_gcm_axis_0/inst/u_aes/g0_b0_i_11__10/O
                         net (fo=8, routed)           0.173     7.266    system_i/aes_gcm_axis_0/inst/u_aes/round_keys[748]
    SLICE_X74Y289        LUT3 (Prop_F6LUT_SLICEM_I1_O)
                                                      0.098     7.364 r  system_i/aes_gcm_axis_0/inst/u_aes/g0_b0_i_5__26/O
                         net (fo=34, routed)          0.403     7.767    system_i/aes_gcm_axis_0/inst/u_aes/round_keys[652]
    SLICE_X81Y290        LUT6 (Prop_H6LUT_SLICEM_I4_O)
                                                      0.125     7.892 r  system_i/aes_gcm_axis_0/inst/u_aes/g0_b3__21/O
                         net (fo=1, routed)           0.014     7.906    system_i/aes_gcm_axis_0/inst/u_key_expansion/aes_sbox_inferred__21/g0_b0_i_16_0
    SLICE_X81Y290        MUXF7 (Prop_F7MUX_GH_SLICEM_I0_O)
                                                      0.059     7.965 r  system_i/aes_gcm_axis_0/inst/u_key_expansion/aes_sbox_inferred__21/g0_b0_i_25/O
                         net (fo=1, routed)           0.000     7.965    system_i/aes_gcm_axis_0/inst/u_key_expansion/aes_sbox_inferred__21/g0_b0_i_25_n_0
    SLICE_X81Y290        MUXF8 (Prop_F8MUX_TOP_SLICEM_I0_O)
                                                      0.028     7.993 r  system_i/aes_gcm_axis_0/inst/u_key_expansion/aes_sbox_inferred__21/g0_b0_i_16/O
                         net (fo=4, routed)           0.205     8.198    system_i/aes_gcm_axis_0/inst/u_aes/state9_reg[115]_0
    SLICE_X83Y291        LUT6 (Prop_H6LUT_SLICEM_I3_O)
                                                      0.101     8.299 r  system_i/aes_gcm_axis_0/inst/u_aes/g0_b0_i_10__7/O
                         net (fo=6, routed)           0.361     8.660    system_i/aes_gcm_axis_0/inst/u_aes/round_keys[627]
    SLICE_X82Y301        LUT4 (Prop_H6LUT_SLICEL_I2_O)
                                                      0.036     8.696 r  system_i/aes_gcm_axis_0/inst/u_aes/g0_b0_i_4__30/O
                         net (fo=35, routed)          0.325     9.020    system_i/aes_gcm_axis_0/inst/u_aes/round_keys[531]
    SLICE_X78Y306        LUT6 (Prop_F6LUT_SLICEM_I3_O)
                                                      0.088     9.108 r  system_i/aes_gcm_axis_0/inst/u_aes/g2_b0__26/O
                         net (fo=1, routed)           0.023     9.131    system_i/aes_gcm_axis_0/inst/u_key_expansion/aes_sbox_inferred__26/g0_b0_i_22_0
    SLICE_X78Y306        MUXF7 (Prop_F7MUX_EF_SLICEM_I0_O)
                                                      0.061     9.192 r  system_i/aes_gcm_axis_0/inst/u_key_expansion/aes_sbox_inferred__26/g0_b0_i_50/O
                         net (fo=1, routed)           0.000     9.192    system_i/aes_gcm_axis_0/inst/u_key_expansion/aes_sbox_inferred__26/g0_b0_i_50_n_0
    SLICE_X78Y306        MUXF8 (Prop_F8MUX_TOP_SLICEM_I1_O)
                                                      0.028     9.220 r  system_i/aes_gcm_axis_0/inst/u_key_expansion/aes_sbox_inferred__26/g0_b0_i_22/O
                         net (fo=4, routed)           0.274     9.495    system_i/aes_gcm_axis_0/inst/u_aes/state9_reg[56]_0
    SLICE_X77Y309        LUT6 (Prop_G6LUT_SLICEL_I3_O)
                                                      0.149     9.644 r  system_i/aes_gcm_axis_0/inst/u_aes/state7[120]_i_7/O
                         net (fo=4, routed)           0.110     9.754    system_i/aes_gcm_axis_0/inst/u_aes/round_keys[504]
    SLICE_X76Y309        LUT3 (Prop_A6LUT_SLICEL_I2_O)
                                                      0.124     9.878 r  system_i/aes_gcm_axis_0/inst/u_aes/g0_b0_i_7__26/O
                         net (fo=5, routed)           0.159    10.037    system_i/aes_gcm_axis_0/inst/u_aes/round_keys[440]
    SLICE_X75Y309        LUT2 (Prop_F6LUT_SLICEL_I0_O)
                                                      0.049    10.086 r  system_i/aes_gcm_axis_0/inst/u_aes/g0_b0_i_1__12/O
                         net (fo=35, routed)          0.367    10.453    system_i/aes_gcm_axis_0/inst/u_aes/round_keys[408]
    SLICE_X73Y313        LUT6 (Prop_A6LUT_SLICEM_I0_O)
                                                      0.125    10.578 r  system_i/aes_gcm_axis_0/inst/u_aes/g3_b0__27/O
                         net (fo=1, routed)           0.107    10.685    system_i/aes_gcm_axis_0/inst/u_key_expansion/state9[96]_i_3
    SLICE_X73Y313        LUT6 (Prop_E6LUT_SLICEM_I0_O)
                                                      0.124    10.809 r  system_i/aes_gcm_axis_0/inst/u_key_expansion/aes_sbox_inferred__27/g0_b0_i_23/O
                         net (fo=4, routed)           0.339    11.148    system_i/aes_gcm_axis_0/inst/u_aes/state8_reg[96]_0
    SLICE_X69Y306        LUT6 (Prop_H6LUT_SLICEL_I3_O)
                                                      0.090    11.238 r  system_i/aes_gcm_axis_0/inst/u_aes/state8[96]_i_2/O
                         net (fo=2, routed)           0.235    11.473    system_i/aes_gcm_axis_0/inst/u_aes/round_keys[352]
    SLICE_X68Y303        LUT5 (Prop_F6LUT_SLICEL_I4_O)
                                                      0.089    11.562 r  system_i/aes_gcm_axis_0/inst/u_aes/g0_b0_i_8__19/O
                         net (fo=4, routed)           0.095    11.657    system_i/aes_gcm_axis_0/inst/u_aes/round_keys[320]
    SLICE_X68Y301        LUT2 (Prop_G5LUT_SLICEL_I0_O)
                                                      0.135    11.792 r  system_i/aes_gcm_axis_0/inst/u_aes/g0_b0_i_7/O
                         net (fo=4, routed)           0.257    12.049    system_i/aes_gcm_axis_0/inst/u_aes/round_keys[288]
    SLICE_X67Y298        LUT2 (Prop_H6LUT_SLICEM_I0_O)
                                                      0.090    12.139 r  system_i/aes_gcm_axis_0/inst/u_aes/g0_b0_i_1__0/O
                         net (fo=33, routed)          0.436    12.575    system_i/aes_gcm_axis_0/inst/u_aes/round_keys[256]
    SLICE_X68Y286        LUT6 (Prop_H6LUT_SLICEL_I0_O)
                                                      0.150    12.725 r  system_i/aes_gcm_axis_0/inst/u_aes/g2_b1__32/O
                         net (fo=1, routed)           0.271    12.996    system_i/aes_gcm_axis_0/inst/u_key_expansion/state9[105]_i_4_0
    SLICE_X69Y282        LUT6 (Prop_E6LUT_SLICEL_I1_O)
                                                      0.147    13.143 r  system_i/aes_gcm_axis_0/inst/u_key_expansion/aes_sbox_inferred__32/g0_b0_i_26/O
                         net (fo=3, routed)           0.271    13.414    system_i/aes_gcm_axis_0/inst/u_aes/ciphertext_reg[41]_0
    SLICE_X73Y282        LUT6 (Prop_G6LUT_SLICEM_I2_O)
                                                      0.052    13.466 r  system_i/aes_gcm_axis_0/inst/u_aes/g0_b0_i_9__2/O
                         net (fo=3, routed)           0.189    13.655    system_i/aes_gcm_axis_0/inst/u_aes/g0_b0_i_9__2_n_0
    SLICE_X75Y283        LUT6 (Prop_H6LUT_SLICEL_I0_O)
                                                      0.036    13.691 r  system_i/aes_gcm_axis_0/inst/u_aes/g0_b0_i_2__4/O
                         net (fo=33, routed)          0.502    14.194    system_i/aes_gcm_axis_0/inst/u_aes/round_keys[137]
    SLICE_X82Y285        LUT6 (Prop_B6LUT_SLICEL_I1_O)
                                                      0.124    14.318 r  system_i/aes_gcm_axis_0/inst/u_aes/g2_b6__37/O
                         net (fo=2, routed)           0.097    14.415    system_i/aes_gcm_axis_0/inst/u_key_expansion/ciphertext[86]_i_4_0
    SLICE_X82Y285        LUT6 (Prop_H6LUT_SLICEL_I1_O)
                                                      0.124    14.539 r  system_i/aes_gcm_axis_0/inst/u_key_expansion/aes_sbox_inferred__37/ciphertext[118]_i_6/O
                         net (fo=1, routed)           0.142    14.681    system_i/aes_gcm_axis_0/inst/u_aes/ciphertext_reg[118]_0
    SLICE_X83Y287        LUT6 (Prop_H6LUT_SLICEM_I3_O)
                                                      0.039    14.720 r  system_i/aes_gcm_axis_0/inst/u_aes/ciphertext[118]_i_2/O
                         net (fo=1, routed)           0.061    14.781    system_i/aes_gcm_axis_0/inst/u_aes/round_keys[118]
    SLICE_X83Y287        LUT2 (Prop_B6LUT_SLICEM_I0_O)
                                                      0.149    14.930 r  system_i/aes_gcm_axis_0/inst/u_aes/ciphertext[118]_i_1/O
                         net (fo=1, routed)           0.059    14.989    system_i/aes_gcm_axis_0/inst/u_aes/rk10[118]
    SLICE_X83Y287        FDCE                                         r  system_i/aes_gcm_axis_0/inst/u_aes/ciphertext_reg[118]/D
  -------------------------------------------------------------------    -------------------

                         (clock clk_pl_0 rise edge)
                                                     13.333    13.333 r  <hidden>
    PS8_X0Y0             PS8                          0.000    13.333 r  system_i/zynq_ultra_ps_e_0/inst/PS8_i/PLCLK[0]
                         net (fo=1, routed)           0.143    13.476    system_i/zynq_ultra_ps_e_0/inst/pl_clk_unbuffered[0]
    BUFG_PS_X0Y80        BUFG_PS (Prop_BUFG_PS_I_O)
                                                      0.025    13.501 r  system_i/zynq_ultra_ps_e_0/inst/buffer_pl_clk_0.PL_CLK_0_BUFG/O
    X1Y2 (CLOCK_ROOT)    net (fo=13924, routed)       1.756    15.257    system_i/aes_gcm_axis_0/inst/u_aes/aclk
    SLICE_X83Y287        FDCE                                         r  system_i/aes_gcm_axis_0/inst/u_aes/ciphertext_reg[118]/C
                         clock pessimism              0.179    15.436    <hidden>
                         clock uncertainty           -0.141    15.295    <hidden>
    SLICE_X83Y287        FDCE (Setup_BFF_SLICEM_C_D)
                                                      0.025    15.320    system_i/aes_gcm_axis_0/inst/u_aes/ciphertext_reg[118]
  -------------------------------------------------------------------
                         required time                         15.320    <hidden>
                         arrival time                         -14.989    <hidden>
  -------------------------------------------------------------------
                         slack                                  0.331    <hidden>

Slack (MET) :             0.354ns  (required time - arrival time)
  Source:                 system_i/aes_gcm_axis_0/inst/key_reg3_reg[0]/C
                            (rising edge-triggered cell FDRE clocked by clk_pl_0  {rise@0.000ns fall@6.667ns period=13.333ns})
  Destination:            system_i/aes_gcm_axis_0/inst/u_aes/ciphertext_reg[22]/D
                            (rising edge-triggered cell FDCE clocked by clk_pl_0  {rise@0.000ns fall@6.667ns period=13.333ns})
  Path Group:             clk_pl_0
  Path Type:              Setup (Max at Slow Process Corner)
  Requirement:            13.333ns  (clk_pl_0 rise@13.333ns - clk_pl_0 rise@0.000ns)
  Data Path Delay:        12.793ns  (logic 4.034ns (31.533%)  route 8.759ns (68.467%))
  Logic Levels:           47  (LUT2=5 LUT3=5 LUT4=2 LUT5=2 LUT6=20 MUXF7=7 MUXF8=6)
  Clock Path Skew:        -0.070ns (DCD - SCD + CPR)
    Destination Clock Delay (DCD):    1.921ns = ( 15.254 - 13.333 ) 
    Source Clock Delay      (SCD):    2.170ns
    Clock Pessimism Removal (CPR):    0.179ns
  Clock Uncertainty:      0.141ns  ((TSJ^2 + DJ^2)^1/2) / 2 + PE
    Total System Jitter     (TSJ):    0.071ns
    Discrete Jitter          (DJ):    0.273ns
    Phase Error              (PE):    0.000ns
  Clock Net Delay (Source):      1.962ns (routing 0.569ns, distribution 1.393ns)
  Clock Net Delay (Destination): 1.753ns (routing 0.512ns, distribution 1.241ns)

    Location             Delay type                Incr(ns)  Path(ns)    Netlist Resource(s)
  -------------------------------------------------------------------    -------------------
                         (clock clk_pl_0 rise edge)
                                                      0.000     0.000 r  <hidden>
    PS8_X0Y0             PS8                          0.000     0.000 r  system_i/zynq_ultra_ps_e_0/inst/PS8_i/PLCLK[0]
                         net (fo=1, routed)           0.180     0.180    system_i/zynq_ultra_ps_e_0/inst/pl_clk_unbuffered[0]
    BUFG_PS_X0Y80        BUFG_PS (Prop_BUFG_PS_I_O)
                                                      0.028     0.208 r  system_i/zynq_ultra_ps_e_0/inst/buffer_pl_clk_0.PL_CLK_0_BUFG/O
    X1Y2 (CLOCK_ROOT)    net (fo=13924, routed)       1.962     2.170    system_i/aes_gcm_axis_0/inst/aclk
    SLICE_X75Y286        FDRE                                         r  system_i/aes_gcm_axis_0/inst/key_reg3_reg[0]/C
  -------------------------------------------------------------------    -------------------
    SLICE_X75Y286        FDRE (Prop_DFF_SLICEL_C_Q)
                                                      0.079     2.249 r  system_i/aes_gcm_axis_0/inst/key_reg3_reg[0]/Q
                         net (fo=36, routed)          0.320     2.569    system_i/aes_gcm_axis_0/inst/u_aes/key_value[0]
    SLICE_X76Y290        LUT6 (Prop_C6LUT_SLICEL_I0_O)
                                                      0.123     2.692 r  system_i/aes_gcm_axis_0/inst/u_aes/g1_b6__0/O
                         net (fo=2, routed)           0.090     2.782    system_i/aes_gcm_axis_0/inst/u_key_expansion/state8_reg[46]_1
    SLICE_X76Y288        LUT6 (Prop_C6LUT_SLICEL_I3_O)
                                                      0.096     2.878 r  system_i/aes_gcm_axis_0/inst/u_key_expansion/aes_sbox_inferred__0/state8[46]_i_2/O
                         net (fo=10, routed)          0.253     3.131    system_i/aes_gcm_axis_0/inst/u_aes/SubWord_return[14]
    SLICE_X78Y292        LUT5 (Prop_H6LUT_SLICEM_I2_O)
                                                      0.053     3.184 r  system_i/aes_gcm_axis_0/inst/u_aes/state1[14]_i_2/O
                         net (fo=24, routed)          0.314     3.498    system_i/aes_gcm_axis_0/inst/u_key_expansion/state4_reg[96][114]
    SLICE_X78Y289        MUXF7 (Prop_F7MUX_EF_SLICEM_S_O)
                                                      0.070     3.568 r  system_i/aes_gcm_axis_0/inst/u_key_expansion/aes_sbox_inferred__5/g0_b0_i_20/O
                         net (fo=1, routed)           0.000     3.568    system_i/aes_gcm_axis_0/inst/u_key_expansion/aes_sbox_inferred__5/g0_b0_i_20_n_0
    SLICE_X78Y289        MUXF8 (Prop_F8MUX_TOP_SLICEM_I1_O)
                                                      0.028     3.596 r  system_i/aes_gcm_axis_0/inst/u_key_expansion/aes_sbox_inferred__5/g0_b0_i_10/O
                         net (fo=18, routed)          0.238     3.833    system_i/aes_gcm_axis_0/inst/u_aes/state4_reg[115]_1
    SLICE_X79Y293        LUT3 (Prop_F6LUT_SLICEM_I0_O)
                                                      0.037     3.870 r  system_i/aes_gcm_axis_0/inst/u_aes/g0_b0_i_4__19/O
                         net (fo=34, routed)          0.299     4.169    system_i/aes_gcm_axis_0/inst/u_aes/round_keys[1043]
    SLICE_X78Y297        LUT6 (Prop_C6LUT_SLICEM_I3_O)
                                                      0.145     4.314 r  system_i/aes_gcm_axis_0/inst/u_aes/g1_b5__10/O
                         net (fo=1, routed)           0.021     4.335    system_i/aes_gcm_axis_0/inst/u_key_expansion/aes_sbox_inferred__10/state4_reg[125]_i_3_1
    SLICE_X78Y297        MUXF7 (Prop_F7MUX_CD_SLICEM_I1_O)
                                                      0.061     4.396 r  system_i/aes_gcm_axis_0/inst/u_key_expansion/aes_sbox_inferred__10/state4_reg[125]_i_7/O
                         net (fo=1, routed)           0.000     4.396    system_i/aes_gcm_axis_0/inst/u_key_expansion/aes_sbox_inferred__10/state4_reg[125]_i_7_n_0
    SLICE_X78Y297        MUXF8 (Prop_F8MUX_BOT_SLICEM_I0_O)
                                                      0.030     4.426 r  system_i/aes_gcm_axis_0/inst/u_key_expansion/aes_sbox_inferred__10/state4_reg[125]_i_3/O
                         net (fo=10, routed)          0.235     4.661    system_i/aes_gcm_axis_0/inst/u_aes/state4_reg[125]_2
    SLICE_X74Y299        LUT4 (Prop_D6LUT_SLICEM_I0_O)
                                                      0.122     4.783 r  system_i/aes_gcm_axis_0/inst/u_aes/g0_b0_i_12__11/O
                         net (fo=9, routed)           0.190     4.973    system_i/aes_gcm_axis_0/inst/u_aes/round_keys[957]
    SLICE_X73Y300        LUT2 (Prop_F6LUT_SLICEM_I0_O)
                                                      0.037     5.010 r  system_i/aes_gcm_axis_0/inst/u_aes/g0_b0_i_6__16/O
                         net (fo=34, routed)          0.330     5.340    system_i/aes_gcm_axis_0/inst/u_aes/round_keys[925]
    SLICE_X71Y299        LUT6 (Prop_F6LUT_SLICEM_I5_O)
                                                      0.148     5.488 r  system_i/aes_gcm_axis_0/inst/u_aes/g2_b3__11/O
                         net (fo=1, routed)           0.023     5.511    system_i/aes_gcm_axis_0/inst/u_key_expansion/aes_sbox_inferred__11/state4_reg[99]_i_2_2
    SLICE_X71Y299        MUXF7 (Prop_F7MUX_EF_SLICEM_I0_O)
                                                      0.061     5.572 r  system_i/aes_gcm_axis_0/inst/u_key_expansion/aes_sbox_inferred__11/state4_reg[99]_i_6/O
                         net (fo=1, routed)           0.000     5.572    system_i/aes_gcm_axis_0/inst/u_key_expansion/aes_sbox_inferred__11/state4_reg[99]_i_6_n_0
    SLICE_X71Y299        MUXF8 (Prop_F8MUX_TOP_SLICEM_I1_O)
                                                      0.028     5.600 r  system_i/aes_gcm_axis_0/inst/u_key_expansion/aes_sbox_inferred__11/state4_reg[99]_i_2/O
                         net (fo=5, routed)           0.248     5.848    system_i/aes_gcm_axis_0/inst/u_aes/state4_reg[99]_0
    SLICE_X71Y295        LUT3 (Prop_G6LUT_SLICEM_I0_O)
                                                      0.090     5.938 r  system_i/aes_gcm_axis_0/inst/u_aes/g0_b0_i_10__18/O
                         net (fo=9, routed)           0.228     6.166    system_i/aes_gcm_axis_0/inst/u_aes/round_keys[835]
    SLICE_X69Y293        LUT3 (Prop_C6LUT_SLICEL_I0_O)
                                                      0.123     6.289 r  system_i/aes_gcm_axis_0/inst/u_aes/g0_b0_i_4__25/O
                         net (fo=34, routed)          0.242     6.531    system_i/aes_gcm_axis_0/inst/u_aes/round_keys[771]
    SLICE_X69Y287        LUT6 (Prop_H6LUT_SLICEL_I3_O)
                                                      0.150     6.681 r  system_i/aes_gcm_axis_0/inst/u_aes/g0_b4__16/O
                         net (fo=1, routed)           0.010     6.691    system_i/aes_gcm_axis_0/inst/u_key_expansion/aes_sbox_inferred__16/g0_b0_i_17_0
    SLICE_X69Y287        MUXF7 (Prop_F7MUX_GH_SLICEL_I0_O)
                                                      0.057     6.748 r  system_i/aes_gcm_axis_0/inst/u_key_expansion/aes_sbox_inferred__16/g0_b0_i_27/O
                         net (fo=1, routed)           0.000     6.748    system_i/aes_gcm_axis_0/inst/u_key_expansion/aes_sbox_inferred__16/g0_b0_i_27_n_0
    SLICE_X69Y287        MUXF8 (Prop_F8MUX_TOP_SLICEL_I0_O)
                                                      0.026     6.774 r  system_i/aes_gcm_axis_0/inst/u_key_expansion/aes_sbox_inferred__16/g0_b0_i_17/O
                         net (fo=4, routed)           0.219     6.993    system_i/aes_gcm_axis_0/inst/u_aes/state9_reg[108]_1
    SLICE_X73Y287        LUT6 (Prop_G6LUT_SLICEM_I2_O)
                                                      0.100     7.093 r  system_i/aes_gcm_axis_0/inst/u_aes/g0_b0_i_11__10/O
                         net (fo=8, routed)           0.173     7.266    system_i/aes_gcm_axis_0/inst/u_aes/round_keys[748]
    SLICE_X74Y289        LUT3 (Prop_F6LUT_SLICEM_I1_O)
                                                      0.098     7.364 r  system_i/aes_gcm_axis_0/inst/u_aes/g0_b0_i_5__26/O
                         net (fo=34, routed)          0.403     7.767    system_i/aes_gcm_axis_0/inst/u_aes/round_keys[652]
    SLICE_X81Y290        LUT6 (Prop_H6LUT_SLICEM_I4_O)
                                                      0.125     7.892 r  system_i/aes_gcm_axis_0/inst/u_aes/g0_b3__21/O
                         net (fo=1, routed)           0.014     7.906    system_i/aes_gcm_axis_0/inst/u_key_expansion/aes_sbox_inferred__21/g0_b0_i_16_0
    SLICE_X81Y290        MUXF7 (Prop_F7MUX_GH_SLICEM_I0_O)
                                                      0.059     7.965 r  system_i/aes_gcm_axis_0/inst/u_key_expansion/aes_sbox_inferred__21/g0_b0_i_25/O
                         net (fo=1, routed)           0.000     7.965    system_i/aes_gcm_axis_0/inst/u_key_expansion/aes_sbox_inferred__21/g0_b0_i_25_n_0
    SLICE_X81Y290        MUXF8 (Prop_F8MUX_TOP_SLICEM_I0_O)
                                                      0.028     7.993 r  system_i/aes_gcm_axis_0/inst/u_key_expansion/aes_sbox_inferred__21/g0_b0_i_16/O
                         net (fo=4, routed)           0.205     8.198    system_i/aes_gcm_axis_0/inst/u_aes/state9_reg[115]_0
    SLICE_X83Y291        LUT6 (Prop_H6LUT_SLICEM_I3_O)
                                                      0.101     8.299 r  system_i/aes_gcm_axis_0/inst/u_aes/g0_b0_i_10__7/O
                         net (fo=6, routed)           0.361     8.660    system_i/aes_gcm_axis_0/inst/u_aes/round_keys[627]
    SLICE_X82Y301        LUT4 (Prop_H6LUT_SLICEL_I2_O)
                                                      0.036     8.696 r  system_i/aes_gcm_axis_0/inst/u_aes/g0_b0_i_4__30/O
                         net (fo=35, routed)          0.325     9.020    system_i/aes_gcm_axis_0/inst/u_aes/round_keys[531]
    SLICE_X78Y306        LUT6 (Prop_F6LUT_SLICEM_I3_O)
                                                      0.088     9.108 r  system_i/aes_gcm_axis_0/inst/u_aes/g2_b0__26/O
                         net (fo=1, routed)           0.023     9.131    system_i/aes_gcm_axis_0/inst/u_key_expansion/aes_sbox_inferred__26/g0_b0_i_22_0
    SLICE_X78Y306        MUXF7 (Prop_F7MUX_EF_SLICEM_I0_O)
                                                      0.061     9.192 r  system_i/aes_gcm_axis_0/inst/u_key_expansion/aes_sbox_inferred__26/g0_b0_i_50/O
                         net (fo=1, routed)           0.000     9.192    system_i/aes_gcm_axis_0/inst/u_key_expansion/aes_sbox_inferred__26/g0_b0_i_50_n_0
    SLICE_X78Y306        MUXF8 (Prop_F8MUX_TOP_SLICEM_I1_O)
                                                      0.028     9.220 r  system_i/aes_gcm_axis_0/inst/u_key_expansion/aes_sbox_inferred__26/g0_b0_i_22/O
                         net (fo=4, routed)           0.274     9.495    system_i/aes_gcm_axis_0/inst/u_aes/state9_reg[56]_0
    SLICE_X77Y309        LUT6 (Prop_G6LUT_SLICEL_I3_O)
                                                      0.149     9.644 r  system_i/aes_gcm_axis_0/inst/u_aes/state7[120]_i_7/O
                         net (fo=4, routed)           0.110     9.754    system_i/aes_gcm_axis_0/inst/u_aes/round_keys[504]
    SLICE_X76Y309        LUT3 (Prop_A6LUT_SLICEL_I2_O)
                                                      0.124     9.878 r  system_i/aes_gcm_axis_0/inst/u_aes/g0_b0_i_7__26/O
                         net (fo=5, routed)           0.159    10.037    system_i/aes_gcm_axis_0/inst/u_aes/round_keys[440]
    SLICE_X75Y309        LUT2 (Prop_F6LUT_SLICEL_I0_O)
                                                      0.049    10.086 r  system_i/aes_gcm_axis_0/inst/u_aes/g0_b0_i_1__12/O
                         net (fo=35, routed)          0.367    10.453    system_i/aes_gcm_axis_0/inst/u_aes/round_keys[408]
    SLICE_X73Y313        LUT6 (Prop_A6LUT_SLICEM_I0_O)
                                                      0.125    10.578 r  system_i/aes_gcm_axis_0/inst/u_aes/g3_b0__27/O
                         net (fo=1, routed)           0.107    10.685    system_i/aes_gcm_axis_0/inst/u_key_expansion/state9[96]_i_3
    SLICE_X73Y313        LUT6 (Prop_E6LUT_SLICEM_I0_O)
                                                      0.124    10.809 r  system_i/aes_gcm_axis_0/inst/u_key_expansion/aes_sbox_inferred__27/g0_b0_i_23/O
                         net (fo=4, routed)           0.339    11.148    system_i/aes_gcm_axis_0/inst/u_aes/state8_reg[96]_0
    SLICE_X69Y306        LUT6 (Prop_H6LUT_SLICEL_I3_O)
                                                      0.090    11.238 r  system_i/aes_gcm_axis_0/inst/u_aes/state8[96]_i_2/O
                         net (fo=2, routed)           0.235    11.473    system_i/aes_gcm_axis_0/inst/u_aes/round_keys[352]
    SLICE_X68Y303        LUT5 (Prop_F6LUT_SLICEL_I4_O)
                                                      0.089    11.562 r  system_i/aes_gcm_axis_0/inst/u_aes/g0_b0_i_8__19/O
                         net (fo=4, routed)           0.095    11.657    system_i/aes_gcm_axis_0/inst/u_aes/round_keys[320]
    SLICE_X68Y301        LUT2 (Prop_G5LUT_SLICEL_I0_O)
                                                      0.135    11.792 r  system_i/aes_gcm_axis_0/inst/u_aes/g0_b0_i_7/O
                         net (fo=4, routed)           0.257    12.049    system_i/aes_gcm_axis_0/inst/u_aes/round_keys[288]
    SLICE_X67Y298        LUT2 (Prop_H6LUT_SLICEM_I0_O)
                                                      0.090    12.139 r  system_i/aes_gcm_axis_0/inst/u_aes/g0_b0_i_1__0/O
                         net (fo=33, routed)          0.436    12.575    system_i/aes_gcm_axis_0/inst/u_aes/round_keys[256]
    SLICE_X68Y286        LUT6 (Prop_H6LUT_SLICEL_I0_O)
                                                      0.150    12.725 r  system_i/aes_gcm_axis_0/inst/u_aes/g2_b1__32/O
                         net (fo=1, routed)           0.271    12.996    system_i/aes_gcm_axis_0/inst/u_key_expansion/state9[105]_i_4_0
    SLICE_X69Y282        LUT6 (Prop_E6LUT_SLICEL_I1_O)
                                                      0.147    13.143 r  system_i/aes_gcm_axis_0/inst/u_key_expansion/aes_sbox_inferred__32/g0_b0_i_26/O
                         net (fo=3, routed)           0.271    13.414    system_i/aes_gcm_axis_0/inst/u_aes/ciphertext_reg[41]_0
    SLICE_X73Y282        LUT6 (Prop_G6LUT_SLICEM_I2_O)
                                                      0.052    13.466 r  system_i/aes_gcm_axis_0/inst/u_aes/g0_b0_i_9__2/O
                         net (fo=3, routed)           0.189    13.655    system_i/aes_gcm_axis_0/inst/u_aes/g0_b0_i_9__2_n_0
    SLICE_X75Y283        LUT6 (Prop_H6LUT_SLICEL_I0_O)
                                                      0.036    13.691 r  system_i/aes_gcm_axis_0/inst/u_aes/g0_b0_i_2__4/O
                         net (fo=33, routed)          0.502    14.194    system_i/aes_gcm_axis_0/inst/u_aes/round_keys[137]
    SLICE_X82Y285        LUT6 (Prop_A6LUT_SLICEL_I1_O)
                                                      0.124    14.318 r  system_i/aes_gcm_axis_0/inst/u_aes/g3_b6__37/O
                         net (fo=2, routed)           0.009    14.327    system_i/aes_gcm_axis_0/inst/u_key_expansion/ciphertext[86]_i_4
    SLICE_X82Y285        MUXF7 (Prop_F7MUX_AB_SLICEL_I1_O)
                                                      0.064    14.391 r  system_i/aes_gcm_axis_0/inst/u_key_expansion/aes_sbox_inferred__37/ciphertext_reg[86]_i_8/O
                         net (fo=1, routed)           0.131    14.522    system_i/aes_gcm_axis_0/inst/u_aes/ciphertext[22]_i_2_0
    SLICE_X82Y287        LUT6 (Prop_H6LUT_SLICEL_I3_O)
                                                      0.051    14.573 r  system_i/aes_gcm_axis_0/inst/u_aes/ciphertext[86]_i_4/O
                         net (fo=3, routed)           0.108    14.681    system_i/aes_gcm_axis_0/inst/u_aes/ciphertext[86]_i_4_n_0
    SLICE_X82Y289        LUT6 (Prop_F6LUT_SLICEL_I2_O)
                                                      0.097    14.778 r  system_i/aes_gcm_axis_0/inst/u_aes/ciphertext[22]_i_2/O
                         net (fo=1, routed)           0.086    14.864    system_i/aes_gcm_axis_0/inst/u_aes/round_keys[22]
    SLICE_X82Y289        LUT2 (Prop_D6LUT_SLICEL_I0_O)
                                                      0.050    14.914 r  system_i/aes_gcm_axis_0/inst/u_aes/ciphertext[22]_i_1/O
                         net (fo=1, routed)           0.049    14.963    system_i/aes_gcm_axis_0/inst/u_aes/rk10[22]
    SLICE_X82Y289        FDCE                                         r  system_i/aes_gcm_axis_0/inst/u_aes/ciphertext_reg[22]/D
  -------------------------------------------------------------------    -------------------

                         (clock clk_pl_0 rise edge)
                                                     13.333    13.333 r  <hidden>
    PS8_X0Y0             PS8                          0.000    13.333 r  system_i/zynq_ultra_ps_e_0/inst/PS8_i/PLCLK[0]
                         net (fo=1, routed)           0.143    13.476    system_i/zynq_ultra_ps_e_0/inst/pl_clk_unbuffered[0]
    BUFG_PS_X0Y80        BUFG_PS (Prop_BUFG_PS_I_O)
                                                      0.025    13.501 r  system_i/zynq_ultra_ps_e_0/inst/buffer_pl_clk_0.PL_CLK_0_BUFG/O
    X1Y2 (CLOCK_ROOT)    net (fo=13924, routed)       1.753    15.254    system_i/aes_gcm_axis_0/inst/u_aes/aclk
    SLICE_X82Y289        FDCE                                         r  system_i/aes_gcm_axis_0/inst/u_aes/ciphertext_reg[22]/C
                         clock pessimism              0.179    15.433    <hidden>
                         clock uncertainty           -0.141    15.292    <hidden>
    SLICE_X82Y289        FDCE (Setup_DFF_SLICEL_C_D)
                                                      0.025    15.317    system_i/aes_gcm_axis_0/inst/u_aes/ciphertext_reg[22]
  -------------------------------------------------------------------
                         required time                         15.317    <hidden>
                         arrival time                         -14.963    <hidden>
  -------------------------------------------------------------------
                         slack                                  0.354    <hidden>

Slack (MET) :             0.366ns  (required time - arrival time)
  Source:                 system_i/aes_gcm_axis_0/inst/key_reg3_reg[0]/C
                            (rising edge-triggered cell FDRE clocked by clk_pl_0  {rise@0.000ns fall@6.667ns period=13.333ns})
  Destination:            system_i/aes_gcm_axis_0/inst/u_aes/ciphertext_reg[82]/D
                            (rising edge-triggered cell FDCE clocked by clk_pl_0  {rise@0.000ns fall@6.667ns period=13.333ns})
  Path Group:             clk_pl_0
  Path Type:              Setup (Max at Slow Process Corner)
  Requirement:            13.333ns  (clk_pl_0 rise@13.333ns - clk_pl_0 rise@0.000ns)
  Data Path Delay:        12.781ns  (logic 3.989ns (31.210%)  route 8.792ns (68.790%))
  Logic Levels:           47  (LUT2=5 LUT3=5 LUT4=2 LUT5=2 LUT6=20 MUXF7=7 MUXF8=6)
  Clock Path Skew:        -0.070ns (DCD - SCD + CPR)
    Destination Clock Delay (DCD):    1.921ns = ( 15.254 - 13.333 ) 
    Source Clock Delay      (SCD):    2.170ns
    Clock Pessimism Removal (CPR):    0.179ns
  Clock Uncertainty:      0.141ns  ((TSJ^2 + DJ^2)^1/2) / 2 + PE
    Total System Jitter     (TSJ):    0.071ns
    Discrete Jitter          (DJ):    0.273ns
    Phase Error              (PE):    0.000ns
  Clock Net Delay (Source):      1.962ns (routing 0.569ns, distribution 1.393ns)
  Clock Net Delay (Destination): 1.753ns (routing 0.512ns, distribution 1.241ns)

    Location             Delay type                Incr(ns)  Path(ns)    Netlist Resource(s)
  -------------------------------------------------------------------    -------------------
                         (clock clk_pl_0 rise edge)
                                                      0.000     0.000 r  <hidden>
    PS8_X0Y0             PS8                          0.000     0.000 r  system_i/zynq_ultra_ps_e_0/inst/PS8_i/PLCLK[0]
                         net (fo=1, routed)           0.180     0.180    system_i/zynq_ultra_ps_e_0/inst/pl_clk_unbuffered[0]
    BUFG_PS_X0Y80        BUFG_PS (Prop_BUFG_PS_I_O)
                                                      0.028     0.208 r  system_i/zynq_ultra_ps_e_0/inst/buffer_pl_clk_0.PL_CLK_0_BUFG/O
    X1Y2 (CLOCK_ROOT)    net (fo=13924, routed)       1.962     2.170    system_i/aes_gcm_axis_0/inst/aclk
    SLICE_X75Y286        FDRE                                         r  system_i/aes_gcm_axis_0/inst/key_reg3_reg[0]/C
  -------------------------------------------------------------------    -------------------
    SLICE_X75Y286        FDRE (Prop_DFF_SLICEL_C_Q)
                                                      0.079     2.249 r  system_i/aes_gcm_axis_0/inst/key_reg3_reg[0]/Q
                         net (fo=36, routed)          0.320     2.569    system_i/aes_gcm_axis_0/inst/u_aes/key_value[0]
    SLICE_X76Y290        LUT6 (Prop_C6LUT_SLICEL_I0_O)
                                                      0.123     2.692 r  system_i/aes_gcm_axis_0/inst/u_aes/g1_b6__0/O
                         net (fo=2, routed)           0.090     2.782    system_i/aes_gcm_axis_0/inst/u_key_expansion/state8_reg[46]_1
    SLICE_X76Y288        LUT6 (Prop_C6LUT_SLICEL_I3_O)
                                                      0.096     2.878 r  system_i/aes_gcm_axis_0/inst/u_key_expansion/aes_sbox_inferred__0/state8[46]_i_2/O
                         net (fo=10, routed)          0.253     3.131    system_i/aes_gcm_axis_0/inst/u_aes/SubWord_return[14]
    SLICE_X78Y292        LUT5 (Prop_H6LUT_SLICEM_I2_O)
                                                      0.053     3.184 r  system_i/aes_gcm_axis_0/inst/u_aes/state1[14]_i_2/O
                         net (fo=24, routed)          0.314     3.498    system_i/aes_gcm_axis_0/inst/u_key_expansion/state4_reg[96][114]
    SLICE_X78Y289        MUXF7 (Prop_F7MUX_EF_SLICEM_S_O)
                                                      0.070     3.568 r  system_i/aes_gcm_axis_0/inst/u_key_expansion/aes_sbox_inferred__5/g0_b0_i_20/O
                         net (fo=1, routed)           0.000     3.568    system_i/aes_gcm_axis_0/inst/u_key_expansion/aes_sbox_inferred__5/g0_b0_i_20_n_0
    SLICE_X78Y289        MUXF8 (Prop_F8MUX_TOP_SLICEM_I1_O)
                                                      0.028     3.596 r  system_i/aes_gcm_axis_0/inst/u_key_expansion/aes_sbox_inferred__5/g0_b0_i_10/O
                         net (fo=18, routed)          0.238     3.833    system_i/aes_gcm_axis_0/inst/u_aes/state4_reg[115]_1
    SLICE_X79Y293        LUT3 (Prop_F6LUT_SLICEM_I0_O)
                                                      0.037     3.870 r  system_i/aes_gcm_axis_0/inst/u_aes/g0_b0_i_4__19/O
                         net (fo=34, routed)          0.299     4.169    system_i/aes_gcm_axis_0/inst/u_aes/round_keys[1043]
    SLICE_X78Y297        LUT6 (Prop_C6LUT_SLICEM_I3_O)
                                                      0.145     4.314 r  system_i/aes_gcm_axis_0/inst/u_aes/g1_b5__10/O
                         net (fo=1, routed)           0.021     4.335    system_i/aes_gcm_axis_0/inst/u_key_expansion/aes_sbox_inferred__10/state4_reg[125]_i_3_1
    SLICE_X78Y297        MUXF7 (Prop_F7MUX_CD_SLICEM_I1_O)
                                                      0.061     4.396 r  system_i/aes_gcm_axis_0/inst/u_key_expansion/aes_sbox_inferred__10/state4_reg[125]_i_7/O
                         net (fo=1, routed)           0.000     4.396    system_i/aes_gcm_axis_0/inst/u_key_expansion/aes_sbox_inferred__10/state4_reg[125]_i_7_n_0
    SLICE_X78Y297        MUXF8 (Prop_F8MUX_BOT_SLICEM_I0_O)
                                                      0.030     4.426 r  system_i/aes_gcm_axis_0/inst/u_key_expansion/aes_sbox_inferred__10/state4_reg[125]_i_3/O
                         net (fo=10, routed)          0.235     4.661    system_i/aes_gcm_axis_0/inst/u_aes/state4_reg[125]_2
    SLICE_X74Y299        LUT4 (Prop_D6LUT_SLICEM_I0_O)
                                                      0.122     4.783 r  system_i/aes_gcm_axis_0/inst/u_aes/g0_b0_i_12__11/O
                         net (fo=9, routed)           0.190     4.973    system_i/aes_gcm_axis_0/inst/u_aes/round_keys[957]
    SLICE_X73Y300        LUT2 (Prop_F6LUT_SLICEM_I0_O)
                                                      0.037     5.010 r  system_i/aes_gcm_axis_0/inst/u_aes/g0_b0_i_6__16/O
                         net (fo=34, routed)          0.330     5.340    system_i/aes_gcm_axis_0/inst/u_aes/round_keys[925]
    SLICE_X71Y299        LUT6 (Prop_F6LUT_SLICEM_I5_O)
                                                      0.148     5.488 r  system_i/aes_gcm_axis_0/inst/u_aes/g2_b3__11/O
                         net (fo=1, routed)           0.023     5.511    system_i/aes_gcm_axis_0/inst/u_key_expansion/aes_sbox_inferred__11/state4_reg[99]_i_2_2
    SLICE_X71Y299        MUXF7 (Prop_F7MUX_EF_SLICEM_I0_O)
                                                      0.061     5.572 r  system_i/aes_gcm_axis_0/inst/u_key_expansion/aes_sbox_inferred__11/state4_reg[99]_i_6/O
                         net (fo=1, routed)           0.000     5.572    system_i/aes_gcm_axis_0/inst/u_key_expansion/aes_sbox_inferred__11/state4_reg[99]_i_6_n_0
    SLICE_X71Y299        MUXF8 (Prop_F8MUX_TOP_SLICEM_I1_O)
                                                      0.028     5.600 r  system_i/aes_gcm_axis_0/inst/u_key_expansion/aes_sbox_inferred__11/state4_reg[99]_i_2/O
                         net (fo=5, routed)           0.248     5.848    system_i/aes_gcm_axis_0/inst/u_aes/state4_reg[99]_0
    SLICE_X71Y295        LUT3 (Prop_G6LUT_SLICEM_I0_O)
                                                      0.090     5.938 r  system_i/aes_gcm_axis_0/inst/u_aes/g0_b0_i_10__18/O
                         net (fo=9, routed)           0.228     6.166    system_i/aes_gcm_axis_0/inst/u_aes/round_keys[835]
    SLICE_X69Y293        LUT3 (Prop_C6LUT_SLICEL_I0_O)
                                                      0.123     6.289 r  system_i/aes_gcm_axis_0/inst/u_aes/g0_b0_i_4__25/O
                         net (fo=34, routed)          0.242     6.531    system_i/aes_gcm_axis_0/inst/u_aes/round_keys[771]
    SLICE_X69Y287        LUT6 (Prop_H6LUT_SLICEL_I3_O)
                                                      0.150     6.681 r  system_i/aes_gcm_axis_0/inst/u_aes/g0_b4__16/O
                         net (fo=1, routed)           0.010     6.691    system_i/aes_gcm_axis_0/inst/u_key_expansion/aes_sbox_inferred__16/g0_b0_i_17_0
    SLICE_X69Y287        MUXF7 (Prop_F7MUX_GH_SLICEL_I0_O)
                                                      0.057     6.748 r  system_i/aes_gcm_axis_0/inst/u_key_expansion/aes_sbox_inferred__16/g0_b0_i_27/O
                         net (fo=1, routed)           0.000     6.748    system_i/aes_gcm_axis_0/inst/u_key_expansion/aes_sbox_inferred__16/g0_b0_i_27_n_0
    SLICE_X69Y287        MUXF8 (Prop_F8MUX_TOP_SLICEL_I0_O)
                                                      0.026     6.774 r  system_i/aes_gcm_axis_0/inst/u_key_expansion/aes_sbox_inferred__16/g0_b0_i_17/O
                         net (fo=4, routed)           0.219     6.993    system_i/aes_gcm_axis_0/inst/u_aes/state9_reg[108]_1
    SLICE_X73Y287        LUT6 (Prop_G6LUT_SLICEM_I2_O)
                                                      0.100     7.093 r  system_i/aes_gcm_axis_0/inst/u_aes/g0_b0_i_11__10/O
                         net (fo=8, routed)           0.173     7.266    system_i/aes_gcm_axis_0/inst/u_aes/round_keys[748]
    SLICE_X74Y289        LUT3 (Prop_F6LUT_SLICEM_I1_O)
                                                      0.098     7.364 r  system_i/aes_gcm_axis_0/inst/u_aes/g0_b0_i_5__26/O
                         net (fo=34, routed)          0.403     7.767    system_i/aes_gcm_axis_0/inst/u_aes/round_keys[652]
    SLICE_X81Y290        LUT6 (Prop_H6LUT_SLICEM_I4_O)
                                                      0.125     7.892 r  system_i/aes_gcm_axis_0/inst/u_aes/g0_b3__21/O
                         net (fo=1, routed)           0.014     7.906    system_i/aes_gcm_axis_0/inst/u_key_expansion/aes_sbox_inferred__21/g0_b0_i_16_0
    SLICE_X81Y290        MUXF7 (Prop_F7MUX_GH_SLICEM_I0_O)
                                                      0.059     7.965 r  system_i/aes_gcm_axis_0/inst/u_key_expansion/aes_sbox_inferred__21/g0_b0_i_25/O
                         net (fo=1, routed)           0.000     7.965    system_i/aes_gcm_axis_0/inst/u_key_expansion/aes_sbox_inferred__21/g0_b0_i_25_n_0
    SLICE_X81Y290        MUXF8 (Prop_F8MUX_TOP_SLICEM_I0_O)
                                                      0.028     7.993 r  system_i/aes_gcm_axis_0/inst/u_key_expansion/aes_sbox_inferred__21/g0_b0_i_16/O
                         net (fo=4, routed)           0.205     8.198    system_i/aes_gcm_axis_0/inst/u_aes/state9_reg[115]_0
    SLICE_X83Y291        LUT6 (Prop_H6LUT_SLICEM_I3_O)
                                                      0.101     8.299 r  system_i/aes_gcm_axis_0/inst/u_aes/g0_b0_i_10__7/O
                         net (fo=6, routed)           0.361     8.660    system_i/aes_gcm_axis_0/inst/u_aes/round_keys[627]
    SLICE_X82Y301        LUT4 (Prop_H6LUT_SLICEL_I2_O)
                                                      0.036     8.696 r  system_i/aes_gcm_axis_0/inst/u_aes/g0_b0_i_4__30/O
                         net (fo=35, routed)          0.325     9.020    system_i/aes_gcm_axis_0/inst/u_aes/round_keys[531]
    SLICE_X78Y306        LUT6 (Prop_F6LUT_SLICEM_I3_O)
                                                      0.088     9.108 r  system_i/aes_gcm_axis_0/inst/u_aes/g2_b0__26/O
                         net (fo=1, routed)           0.023     9.131    system_i/aes_gcm_axis_0/inst/u_key_expansion/aes_sbox_inferred__26/g0_b0_i_22_0
    SLICE_X78Y306        MUXF7 (Prop_F7MUX_EF_SLICEM_I0_O)
                                                      0.061     9.192 r  system_i/aes_gcm_axis_0/inst/u_key_expansion/aes_sbox_inferred__26/g0_b0_i_50/O
                         net (fo=1, routed)           0.000     9.192    system_i/aes_gcm_axis_0/inst/u_key_expansion/aes_sbox_inferred__26/g0_b0_i_50_n_0
    SLICE_X78Y306        MUXF8 (Prop_F8MUX_TOP_SLICEM_I1_O)
                                                      0.028     9.220 r  system_i/aes_gcm_axis_0/inst/u_key_expansion/aes_sbox_inferred__26/g0_b0_i_22/O
                         net (fo=4, routed)           0.274     9.495    system_i/aes_gcm_axis_0/inst/u_aes/state9_reg[56]_0
    SLICE_X77Y309        LUT6 (Prop_G6LUT_SLICEL_I3_O)
                                                      0.149     9.644 r  system_i/aes_gcm_axis_0/inst/u_aes/state7[120]_i_7/O
                         net (fo=4, routed)           0.110     9.754    system_i/aes_gcm_axis_0/inst/u_aes/round_keys[504]
    SLICE_X76Y309        LUT3 (Prop_A6LUT_SLICEL_I2_O)
                                                      0.124     9.878 r  system_i/aes_gcm_axis_0/inst/u_aes/g0_b0_i_7__26/O
                         net (fo=5, routed)           0.159    10.037    system_i/aes_gcm_axis_0/inst/u_aes/round_keys[440]
    SLICE_X75Y309        LUT2 (Prop_F6LUT_SLICEL_I0_O)
                                                      0.049    10.086 r  system_i/aes_gcm_axis_0/inst/u_aes/g0_b0_i_1__12/O
                         net (fo=35, routed)          0.367    10.453    system_i/aes_gcm_axis_0/inst/u_aes/round_keys[408]
    SLICE_X73Y313        LUT6 (Prop_A6LUT_SLICEM_I0_O)
                                                      0.125    10.578 r  system_i/aes_gcm_axis_0/inst/u_aes/g3_b0__27/O
                         net (fo=1, routed)           0.107    10.685    system_i/aes_gcm_axis_0/inst/u_key_expansion/state9[96]_i_3
    SLICE_X73Y313        LUT6 (Prop_E6LUT_SLICEM_I0_O)
                                                      0.124    10.809 r  system_i/aes_gcm_axis_0/inst/u_key_expansion/aes_sbox_inferred__27/g0_b0_i_23/O
                         net (fo=4, routed)           0.339    11.148    system_i/aes_gcm_axis_0/inst/u_aes/state8_reg[96]_0
    SLICE_X69Y306        LUT6 (Prop_H6LUT_SLICEL_I3_O)
                                                      0.090    11.238 r  system_i/aes_gcm_axis_0/inst/u_aes/state8[96]_i_2/O
                         net (fo=2, routed)           0.235    11.473    system_i/aes_gcm_axis_0/inst/u_aes/round_keys[352]
    SLICE_X68Y303        LUT5 (Prop_F6LUT_SLICEL_I4_O)
                                                      0.089    11.562 r  system_i/aes_gcm_axis_0/inst/u_aes/g0_b0_i_8__19/O
                         net (fo=4, routed)           0.095    11.657    system_i/aes_gcm_axis_0/inst/u_aes/round_keys[320]
    SLICE_X68Y301        LUT2 (Prop_G5LUT_SLICEL_I0_O)
                                                      0.135    11.792 r  system_i/aes_gcm_axis_0/inst/u_aes/g0_b0_i_7/O
                         net (fo=4, routed)           0.257    12.049    system_i/aes_gcm_axis_0/inst/u_aes/round_keys[288]
    SLICE_X67Y298        LUT2 (Prop_H6LUT_SLICEM_I0_O)
                                                      0.090    12.139 r  system_i/aes_gcm_axis_0/inst/u_aes/g0_b0_i_1__0/O
                         net (fo=33, routed)          0.436    12.575    system_i/aes_gcm_axis_0/inst/u_aes/round_keys[256]
    SLICE_X68Y286        LUT6 (Prop_H6LUT_SLICEL_I0_O)
                                                      0.150    12.725 r  system_i/aes_gcm_axis_0/inst/u_aes/g2_b1__32/O
                         net (fo=1, routed)           0.271    12.996    system_i/aes_gcm_axis_0/inst/u_key_expansion/state9[105]_i_4_0
    SLICE_X69Y282        LUT6 (Prop_E6LUT_SLICEL_I1_O)
                                                      0.147    13.143 r  system_i/aes_gcm_axis_0/inst/u_key_expansion/aes_sbox_inferred__32/g0_b0_i_26/O
                         net (fo=3, routed)           0.271    13.414    system_i/aes_gcm_axis_0/inst/u_aes/ciphertext_reg[41]_0
    SLICE_X73Y282        LUT6 (Prop_G6LUT_SLICEM_I2_O)
                                                      0.052    13.466 r  system_i/aes_gcm_axis_0/inst/u_aes/g0_b0_i_9__2/O
                         net (fo=3, routed)           0.189    13.655    system_i/aes_gcm_axis_0/inst/u_aes/g0_b0_i_9__2_n_0
    SLICE_X75Y283        LUT6 (Prop_H6LUT_SLICEL_I0_O)
                                                      0.036    13.691 r  system_i/aes_gcm_axis_0/inst/u_aes/g0_b0_i_2__4/O
                         net (fo=33, routed)          0.418    14.110    system_i/aes_gcm_axis_0/inst/u_aes/round_keys[137]
    SLICE_X81Y286        LUT6 (Prop_B6LUT_SLICEM_I1_O)
                                                      0.149    14.259 r  system_i/aes_gcm_axis_0/inst/u_aes/g2_b2__37/O
                         net (fo=1, routed)           0.017    14.276    system_i/aes_gcm_axis_0/inst/u_key_expansion/ciphertext[50]_i_3_1
    SLICE_X81Y286        MUXF7 (Prop_F7MUX_AB_SLICEM_I0_O)
                                                      0.067    14.343 r  system_i/aes_gcm_axis_0/inst/u_key_expansion/aes_sbox_inferred__37/ciphertext_reg[50]_i_7/O
                         net (fo=1, routed)           0.196    14.539    system_i/aes_gcm_axis_0/inst/u_aes/ciphertext_reg[50]_2
    SLICE_X81Y286        LUT6 (Prop_H6LUT_SLICEM_I3_O)
                                                      0.053    14.592 r  system_i/aes_gcm_axis_0/inst/u_aes/ciphertext[50]_i_3/O
                         net (fo=4, routed)           0.102    14.694    system_i/aes_gcm_axis_0/inst/u_aes/ciphertext[50]_i_3_n_0
    SLICE_X80Y286        LUT6 (Prop_H6LUT_SLICEL_I2_O)
                                                      0.036    14.730 r  system_i/aes_gcm_axis_0/inst/u_aes/ciphertext[82]_i_2/O
                         net (fo=1, routed)           0.136    14.866    system_i/aes_gcm_axis_0/inst/u_aes/round_keys[82]
    SLICE_X80Y284        LUT2 (Prop_D6LUT_SLICEL_I0_O)
                                                      0.036    14.902 r  system_i/aes_gcm_axis_0/inst/u_aes/ciphertext[82]_i_1/O
                         net (fo=1, routed)           0.049    14.951    system_i/aes_gcm_axis_0/inst/u_aes/rk10[82]
    SLICE_X80Y284        FDCE                                         r  system_i/aes_gcm_axis_0/inst/u_aes/ciphertext_reg[82]/D
  -------------------------------------------------------------------    -------------------

                         (clock clk_pl_0 rise edge)
                                                     13.333    13.333 r  <hidden>
    PS8_X0Y0             PS8                          0.000    13.333 r  system_i/zynq_ultra_ps_e_0/inst/PS8_i/PLCLK[0]
                         net (fo=1, routed)           0.143    13.476    system_i/zynq_ultra_ps_e_0/inst/pl_clk_unbuffered[0]
    BUFG_PS_X0Y80        BUFG_PS (Prop_BUFG_PS_I_O)
                                                      0.025    13.501 r  system_i/zynq_ultra_ps_e_0/inst/buffer_pl_clk_0.PL_CLK_0_BUFG/O
    X1Y2 (CLOCK_ROOT)    net (fo=13924, routed)       1.753    15.254    system_i/aes_gcm_axis_0/inst/u_aes/aclk
    SLICE_X80Y284        FDCE                                         r  system_i/aes_gcm_axis_0/inst/u_aes/ciphertext_reg[82]/C
                         clock pessimism              0.179    15.433    <hidden>
                         clock uncertainty           -0.141    15.292    <hidden>
    SLICE_X80Y284        FDCE (Setup_DFF_SLICEL_C_D)
                                                      0.025    15.317    system_i/aes_gcm_axis_0/inst/u_aes/ciphertext_reg[82]
  -------------------------------------------------------------------
                         required time                         15.317    <hidden>
                         arrival time                         -14.951    <hidden>
  -------------------------------------------------------------------
                         slack                                  0.366    <hidden>

Slack (MET) :             0.369ns  (required time - arrival time)
  Source:                 system_i/aes_gcm_axis_0/inst/key_reg3_reg[0]/C
                            (rising edge-triggered cell FDRE clocked by clk_pl_0  {rise@0.000ns fall@6.667ns period=13.333ns})
  Destination:            system_i/aes_gcm_axis_0/inst/u_aes/ciphertext_reg[116]/D
                            (rising edge-triggered cell FDCE clocked by clk_pl_0  {rise@0.000ns fall@6.667ns period=13.333ns})
  Path Group:             clk_pl_0
  Path Type:              Setup (Max at Slow Process Corner)
  Requirement:            13.333ns  (clk_pl_0 rise@13.333ns - clk_pl_0 rise@0.000ns)
  Data Path Delay:        12.784ns  (logic 3.999ns (31.281%)  route 8.785ns (68.719%))
  Logic Levels:           47  (LUT2=5 LUT3=5 LUT4=2 LUT5=2 LUT6=20 MUXF7=7 MUXF8=6)
  Clock Path Skew:        -0.064ns (DCD - SCD + CPR)
    Destination Clock Delay (DCD):    1.927ns = ( 15.260 - 13.333 ) 
    Source Clock Delay      (SCD):    2.170ns
    Clock Pessimism Removal (CPR):    0.179ns
  Clock Uncertainty:      0.141ns  ((TSJ^2 + DJ^2)^1/2) / 2 + PE
    Total System Jitter     (TSJ):    0.071ns
    Discrete Jitter          (DJ):    0.273ns
    Phase Error              (PE):    0.000ns
  Clock Net Delay (Source):      1.962ns (routing 0.569ns, distribution 1.393ns)
  Clock Net Delay (Destination): 1.759ns (routing 0.512ns, distribution 1.247ns)

    Location             Delay type                Incr(ns)  Path(ns)    Netlist Resource(s)
  -------------------------------------------------------------------    -------------------
                         (clock clk_pl_0 rise edge)
                                                      0.000     0.000 r  <hidden>
    PS8_X0Y0             PS8                          0.000     0.000 r  system_i/zynq_ultra_ps_e_0/inst/PS8_i/PLCLK[0]
                         net (fo=1, routed)           0.180     0.180    system_i/zynq_ultra_ps_e_0/inst/pl_clk_unbuffered[0]
    BUFG_PS_X0Y80        BUFG_PS (Prop_BUFG_PS_I_O)
                                                      0.028     0.208 r  system_i/zynq_ultra_ps_e_0/inst/buffer_pl_clk_0.PL_CLK_0_BUFG/O
    X1Y2 (CLOCK_ROOT)    net (fo=13924, routed)       1.962     2.170    system_i/aes_gcm_axis_0/inst/aclk
    SLICE_X75Y286        FDRE                                         r  system_i/aes_gcm_axis_0/inst/key_reg3_reg[0]/C
  -------------------------------------------------------------------    -------------------
    SLICE_X75Y286        FDRE (Prop_DFF_SLICEL_C_Q)
                                                      0.079     2.249 r  system_i/aes_gcm_axis_0/inst/key_reg3_reg[0]/Q
                         net (fo=36, routed)          0.320     2.569    system_i/aes_gcm_axis_0/inst/u_aes/key_value[0]
    SLICE_X76Y290        LUT6 (Prop_C6LUT_SLICEL_I0_O)
                                                      0.123     2.692 r  system_i/aes_gcm_axis_0/inst/u_aes/g1_b6__0/O
                         net (fo=2, routed)           0.090     2.782    system_i/aes_gcm_axis_0/inst/u_key_expansion/state8_reg[46]_1
    SLICE_X76Y288        LUT6 (Prop_C6LUT_SLICEL_I3_O)
                                                      0.096     2.878 r  system_i/aes_gcm_axis_0/inst/u_key_expansion/aes_sbox_inferred__0/state8[46]_i_2/O
                         net (fo=10, routed)          0.253     3.131    system_i/aes_gcm_axis_0/inst/u_aes/SubWord_return[14]
    SLICE_X78Y292        LUT5 (Prop_H6LUT_SLICEM_I2_O)
                                                      0.053     3.184 r  system_i/aes_gcm_axis_0/inst/u_aes/state1[14]_i_2/O
                         net (fo=24, routed)          0.314     3.498    system_i/aes_gcm_axis_0/inst/u_key_expansion/state4_reg[96][114]
    SLICE_X78Y289        MUXF7 (Prop_F7MUX_EF_SLICEM_S_O)
                                                      0.070     3.568 r  system_i/aes_gcm_axis_0/inst/u_key_expansion/aes_sbox_inferred__5/g0_b0_i_20/O
                         net (fo=1, routed)           0.000     3.568    system_i/aes_gcm_axis_0/inst/u_key_expansion/aes_sbox_inferred__5/g0_b0_i_20_n_0
    SLICE_X78Y289        MUXF8 (Prop_F8MUX_TOP_SLICEM_I1_O)
                                                      0.028     3.596 r  system_i/aes_gcm_axis_0/inst/u_key_expansion/aes_sbox_inferred__5/g0_b0_i_10/O
                         net (fo=18, routed)          0.238     3.833    system_i/aes_gcm_axis_0/inst/u_aes/state4_reg[115]_1
    SLICE_X79Y293        LUT3 (Prop_F6LUT_SLICEM_I0_O)
                                                      0.037     3.870 r  system_i/aes_gcm_axis_0/inst/u_aes/g0_b0_i_4__19/O
                         net (fo=34, routed)          0.299     4.169    system_i/aes_gcm_axis_0/inst/u_aes/round_keys[1043]
    SLICE_X78Y297        LUT6 (Prop_C6LUT_SLICEM_I3_O)
                                                      0.145     4.314 r  system_i/aes_gcm_axis_0/inst/u_aes/g1_b5__10/O
                         net (fo=1, routed)           0.021     4.335    system_i/aes_gcm_axis_0/inst/u_key_expansion/aes_sbox_inferred__10/state4_reg[125]_i_3_1
    SLICE_X78Y297        MUXF7 (Prop_F7MUX_CD_SLICEM_I1_O)
                                                      0.061     4.396 r  system_i/aes_gcm_axis_0/inst/u_key_expansion/aes_sbox_inferred__10/state4_reg[125]_i_7/O
                         net (fo=1, routed)           0.000     4.396    system_i/aes_gcm_axis_0/inst/u_key_expansion/aes_sbox_inferred__10/state4_reg[125]_i_7_n_0
    SLICE_X78Y297        MUXF8 (Prop_F8MUX_BOT_SLICEM_I0_O)
                                                      0.030     4.426 r  system_i/aes_gcm_axis_0/inst/u_key_expansion/aes_sbox_inferred__10/state4_reg[125]_i_3/O
                         net (fo=10, routed)          0.235     4.661    system_i/aes_gcm_axis_0/inst/u_aes/state4_reg[125]_2
    SLICE_X74Y299        LUT4 (Prop_D6LUT_SLICEM_I0_O)
                                                      0.122     4.783 r  system_i/aes_gcm_axis_0/inst/u_aes/g0_b0_i_12__11/O
                         net (fo=9, routed)           0.190     4.973    system_i/aes_gcm_axis_0/inst/u_aes/round_keys[957]
    SLICE_X73Y300        LUT2 (Prop_F6LUT_SLICEM_I0_O)
                                                      0.037     5.010 r  system_i/aes_gcm_axis_0/inst/u_aes/g0_b0_i_6__16/O
                         net (fo=34, routed)          0.330     5.340    system_i/aes_gcm_axis_0/inst/u_aes/round_keys[925]
    SLICE_X71Y299        LUT6 (Prop_F6LUT_SLICEM_I5_O)
                                                      0.148     5.488 r  system_i/aes_gcm_axis_0/inst/u_aes/g2_b3__11/O
                         net (fo=1, routed)           0.023     5.511    system_i/aes_gcm_axis_0/inst/u_key_expansion/aes_sbox_inferred__11/state4_reg[99]_i_2_2
    SLICE_X71Y299        MUXF7 (Prop_F7MUX_EF_SLICEM_I0_O)
                                                      0.061     5.572 r  system_i/aes_gcm_axis_0/inst/u_key_expansion/aes_sbox_inferred__11/state4_reg[99]_i_6/O
                         net (fo=1, routed)           0.000     5.572    system_i/aes_gcm_axis_0/inst/u_key_expansion/aes_sbox_inferred__11/state4_reg[99]_i_6_n_0
    SLICE_X71Y299        MUXF8 (Prop_F8MUX_TOP_SLICEM_I1_O)
                                                      0.028     5.600 r  system_i/aes_gcm_axis_0/inst/u_key_expansion/aes_sbox_inferred__11/state4_reg[99]_i_2/O
                         net (fo=5, routed)           0.248     5.848    system_i/aes_gcm_axis_0/inst/u_aes/state4_reg[99]_0
    SLICE_X71Y295        LUT3 (Prop_G6LUT_SLICEM_I0_O)
                                                      0.090     5.938 r  system_i/aes_gcm_axis_0/inst/u_aes/g0_b0_i_10__18/O
                         net (fo=9, routed)           0.228     6.166    system_i/aes_gcm_axis_0/inst/u_aes/round_keys[835]
    SLICE_X69Y293        LUT3 (Prop_C6LUT_SLICEL_I0_O)
                                                      0.123     6.289 r  system_i/aes_gcm_axis_0/inst/u_aes/g0_b0_i_4__25/O
                         net (fo=34, routed)          0.242     6.531    system_i/aes_gcm_axis_0/inst/u_aes/round_keys[771]
    SLICE_X69Y287        LUT6 (Prop_H6LUT_SLICEL_I3_O)
                                                      0.150     6.681 r  system_i/aes_gcm_axis_0/inst/u_aes/g0_b4__16/O
                         net (fo=1, routed)           0.010     6.691    system_i/aes_gcm_axis_0/inst/u_key_expansion/aes_sbox_inferred__16/g0_b0_i_17_0
    SLICE_X69Y287        MUXF7 (Prop_F7MUX_GH_SLICEL_I0_O)
                                                      0.057     6.748 r  system_i/aes_gcm_axis_0/inst/u_key_expansion/aes_sbox_inferred__16/g0_b0_i_27/O
                         net (fo=1, routed)           0.000     6.748    system_i/aes_gcm_axis_0/inst/u_key_expansion/aes_sbox_inferred__16/g0_b0_i_27_n_0
    SLICE_X69Y287        MUXF8 (Prop_F8MUX_TOP_SLICEL_I0_O)
                                                      0.026     6.774 r  system_i/aes_gcm_axis_0/inst/u_key_expansion/aes_sbox_inferred__16/g0_b0_i_17/O
                         net (fo=4, routed)           0.219     6.993    system_i/aes_gcm_axis_0/inst/u_aes/state9_reg[108]_1
    SLICE_X73Y287        LUT6 (Prop_G6LUT_SLICEM_I2_O)
                                                      0.100     7.093 r  system_i/aes_gcm_axis_0/inst/u_aes/g0_b0_i_11__10/O
                         net (fo=8, routed)           0.173     7.266    system_i/aes_gcm_axis_0/inst/u_aes/round_keys[748]
    SLICE_X74Y289        LUT3 (Prop_F6LUT_SLICEM_I1_O)
                                                      0.098     7.364 r  system_i/aes_gcm_axis_0/inst/u_aes/g0_b0_i_5__26/O
                         net (fo=34, routed)          0.403     7.767    system_i/aes_gcm_axis_0/inst/u_aes/round_keys[652]
    SLICE_X81Y290        LUT6 (Prop_H6LUT_SLICEM_I4_O)
                                                      0.125     7.892 r  system_i/aes_gcm_axis_0/inst/u_aes/g0_b3__21/O
                         net (fo=1, routed)           0.014     7.906    system_i/aes_gcm_axis_0/inst/u_key_expansion/aes_sbox_inferred__21/g0_b0_i_16_0
    SLICE_X81Y290        MUXF7 (Prop_F7MUX_GH_SLICEM_I0_O)
                                                      0.059     7.965 r  system_i/aes_gcm_axis_0/inst/u_key_expansion/aes_sbox_inferred__21/g0_b0_i_25/O
                         net (fo=1, routed)           0.000     7.965    system_i/aes_gcm_axis_0/inst/u_key_expansion/aes_sbox_inferred__21/g0_b0_i_25_n_0
    SLICE_X81Y290        MUXF8 (Prop_F8MUX_TOP_SLICEM_I0_O)
                                                      0.028     7.993 r  system_i/aes_gcm_axis_0/inst/u_key_expansion/aes_sbox_inferred__21/g0_b0_i_16/O
                         net (fo=4, routed)           0.205     8.198    system_i/aes_gcm_axis_0/inst/u_aes/state9_reg[115]_0
    SLICE_X83Y291        LUT6 (Prop_H6LUT_SLICEM_I3_O)
                                                      0.101     8.299 r  system_i/aes_gcm_axis_0/inst/u_aes/g0_b0_i_10__7/O
                         net (fo=6, routed)           0.361     8.660    system_i/aes_gcm_axis_0/inst/u_aes/round_keys[627]
    SLICE_X82Y301        LUT4 (Prop_H6LUT_SLICEL_I2_O)
                                                      0.036     8.696 r  system_i/aes_gcm_axis_0/inst/u_aes/g0_b0_i_4__30/O
                         net (fo=35, routed)          0.325     9.020    system_i/aes_gcm_axis_0/inst/u_aes/round_keys[531]
    SLICE_X78Y306        LUT6 (Prop_F6LUT_SLICEM_I3_O)
                                                      0.088     9.108 r  system_i/aes_gcm_axis_0/inst/u_aes/g2_b0__26/O
                         net (fo=1, routed)           0.023     9.131    system_i/aes_gcm_axis_0/inst/u_key_expansion/aes_sbox_inferred__26/g0_b0_i_22_0
    SLICE_X78Y306        MUXF7 (Prop_F7MUX_EF_SLICEM_I0_O)
                                                      0.061     9.192 r  system_i/aes_gcm_axis_0/inst/u_key_expansion/aes_sbox_inferred__26/g0_b0_i_50/O
                         net (fo=1, routed)           0.000     9.192    system_i/aes_gcm_axis_0/inst/u_key_expansion/aes_sbox_inferred__26/g0_b0_i_50_n_0
    SLICE_X78Y306        MUXF8 (Prop_F8MUX_TOP_SLICEM_I1_O)
                                                      0.028     9.220 r  system_i/aes_gcm_axis_0/inst/u_key_expansion/aes_sbox_inferred__26/g0_b0_i_22/O
                         net (fo=4, routed)           0.274     9.495    system_i/aes_gcm_axis_0/inst/u_aes/state9_reg[56]_0
    SLICE_X77Y309        LUT6 (Prop_G6LUT_SLICEL_I3_O)
                                                      0.149     9.644 r  system_i/aes_gcm_axis_0/inst/u_aes/state7[120]_i_7/O
                         net (fo=4, routed)           0.110     9.754    system_i/aes_gcm_axis_0/inst/u_aes/round_keys[504]
    SLICE_X76Y309        LUT3 (Prop_A6LUT_SLICEL_I2_O)
                                                      0.124     9.878 r  system_i/aes_gcm_axis_0/inst/u_aes/g0_b0_i_7__26/O
                         net (fo=5, routed)           0.159    10.037    system_i/aes_gcm_axis_0/inst/u_aes/round_keys[440]
    SLICE_X75Y309        LUT2 (Prop_F6LUT_SLICEL_I0_O)
                                                      0.049    10.086 r  system_i/aes_gcm_axis_0/inst/u_aes/g0_b0_i_1__12/O
                         net (fo=35, routed)          0.367    10.453    system_i/aes_gcm_axis_0/inst/u_aes/round_keys[408]
    SLICE_X73Y313        LUT6 (Prop_A6LUT_SLICEM_I0_O)
                                                      0.125    10.578 r  system_i/aes_gcm_axis_0/inst/u_aes/g3_b0__27/O
                         net (fo=1, routed)           0.107    10.685    system_i/aes_gcm_axis_0/inst/u_key_expansion/state9[96]_i_3
    SLICE_X73Y313        LUT6 (Prop_E6LUT_SLICEM_I0_O)
                                                      0.124    10.809 r  system_i/aes_gcm_axis_0/inst/u_key_expansion/aes_sbox_inferred__27/g0_b0_i_23/O
                         net (fo=4, routed)           0.339    11.148    system_i/aes_gcm_axis_0/inst/u_aes/state8_reg[96]_0
    SLICE_X69Y306        LUT6 (Prop_H6LUT_SLICEL_I3_O)
                                                      0.090    11.238 r  system_i/aes_gcm_axis_0/inst/u_aes/state8[96]_i_2/O
                         net (fo=2, routed)           0.235    11.473    system_i/aes_gcm_axis_0/inst/u_aes/round_keys[352]
    SLICE_X68Y303        LUT5 (Prop_F6LUT_SLICEL_I4_O)
                                                      0.089    11.562 r  system_i/aes_gcm_axis_0/inst/u_aes/g0_b0_i_8__19/O
                         net (fo=4, routed)           0.095    11.657    system_i/aes_gcm_axis_0/inst/u_aes/round_keys[320]
    SLICE_X68Y301        LUT2 (Prop_G5LUT_SLICEL_I0_O)
                                                      0.135    11.792 r  system_i/aes_gcm_axis_0/inst/u_aes/g0_b0_i_7/O
                         net (fo=4, routed)           0.257    12.049    system_i/aes_gcm_axis_0/inst/u_aes/round_keys[288]
    SLICE_X67Y298        LUT2 (Prop_H6LUT_SLICEM_I0_O)
                                                      0.090    12.139 r  system_i/aes_gcm_axis_0/inst/u_aes/g0_b0_i_1__0/O
                         net (fo=33, routed)          0.436    12.575    system_i/aes_gcm_axis_0/inst/u_aes/round_keys[256]
    SLICE_X68Y286        LUT6 (Prop_H6LUT_SLICEL_I0_O)
                                                      0.150    12.725 r  system_i/aes_gcm_axis_0/inst/u_aes/g2_b1__32/O
                         net (fo=1, routed)           0.271    12.996    system_i/aes_gcm_axis_0/inst/u_key_expansion/state9[105]_i_4_0
    SLICE_X69Y282        LUT6 (Prop_E6LUT_SLICEL_I1_O)
                                                      0.147    13.143 r  system_i/aes_gcm_axis_0/inst/u_key_expansion/aes_sbox_inferred__32/g0_b0_i_26/O
                         net (fo=3, routed)           0.271    13.414    system_i/aes_gcm_axis_0/inst/u_aes/ciphertext_reg[41]_0
    SLICE_X73Y282        LUT6 (Prop_G6LUT_SLICEM_I2_O)
                                                      0.052    13.466 r  system_i/aes_gcm_axis_0/inst/u_aes/g0_b0_i_9__2/O
                         net (fo=3, routed)           0.189    13.655    system_i/aes_gcm_axis_0/inst/u_aes/g0_b0_i_9__2_n_0
    SLICE_X75Y283        LUT6 (Prop_H6LUT_SLICEL_I0_O)
                                                      0.036    13.691 r  system_i/aes_gcm_axis_0/inst/u_aes/g0_b0_i_2__4/O
                         net (fo=33, routed)          0.390    14.082    system_i/aes_gcm_axis_0/inst/u_aes/round_keys[137]
    SLICE_X82Y286        LUT6 (Prop_A6LUT_SLICEL_I1_O)
                                                      0.098    14.180 r  system_i/aes_gcm_axis_0/inst/u_aes/g3_b4__37/O
                         net (fo=1, routed)           0.009    14.189    system_i/aes_gcm_axis_0/inst/u_key_expansion/ciphertext[52]_i_3_2
    SLICE_X82Y286        MUXF7 (Prop_F7MUX_AB_SLICEL_I1_O)
                                                      0.064    14.253 r  system_i/aes_gcm_axis_0/inst/u_key_expansion/aes_sbox_inferred__37/ciphertext_reg[52]_i_7/O
                         net (fo=1, routed)           0.193    14.446    system_i/aes_gcm_axis_0/inst/u_aes/ciphertext_reg[52]_2
    SLICE_X85Y286        LUT6 (Prop_H6LUT_SLICEL_I3_O)
                                                      0.051    14.497 r  system_i/aes_gcm_axis_0/inst/u_aes/ciphertext[52]_i_3/O
                         net (fo=4, routed)           0.154    14.650    system_i/aes_gcm_axis_0/inst/u_aes/ciphertext[52]_i_3_n_0
    SLICE_X86Y288        LUT6 (Prop_H6LUT_SLICEM_I3_O)
                                                      0.039    14.689 r  system_i/aes_gcm_axis_0/inst/u_aes/ciphertext[116]_i_2/O
                         net (fo=1, routed)           0.094    14.783    system_i/aes_gcm_axis_0/inst/u_aes/round_keys[116]
    SLICE_X86Y288        LUT2 (Prop_D6LUT_SLICEM_I0_O)
                                                      0.099    14.882 r  system_i/aes_gcm_axis_0/inst/u_aes/ciphertext[116]_i_1/O
                         net (fo=1, routed)           0.072    14.954    system_i/aes_gcm_axis_0/inst/u_aes/rk10[116]
    SLICE_X86Y288        FDCE                                         r  system_i/aes_gcm_axis_0/inst/u_aes/ciphertext_reg[116]/D
  -------------------------------------------------------------------    -------------------

                         (clock clk_pl_0 rise edge)
                                                     13.333    13.333 r  <hidden>
    PS8_X0Y0             PS8                          0.000    13.333 r  system_i/zynq_ultra_ps_e_0/inst/PS8_i/PLCLK[0]
                         net (fo=1, routed)           0.143    13.476    system_i/zynq_ultra_ps_e_0/inst/pl_clk_unbuffered[0]
    BUFG_PS_X0Y80        BUFG_PS (Prop_BUFG_PS_I_O)
                                                      0.025    13.501 r  system_i/zynq_ultra_ps_e_0/inst/buffer_pl_clk_0.PL_CLK_0_BUFG/O
    X1Y2 (CLOCK_ROOT)    net (fo=13924, routed)       1.759    15.260    system_i/aes_gcm_axis_0/inst/u_aes/aclk
    SLICE_X86Y288        FDCE                                         r  system_i/aes_gcm_axis_0/inst/u_aes/ciphertext_reg[116]/C
                         clock pessimism              0.179    15.439    <hidden>
                         clock uncertainty           -0.141    15.298    <hidden>
    SLICE_X86Y288        FDCE (Setup_DFF_SLICEM_C_D)
                                                      0.025    15.323    system_i/aes_gcm_axis_0/inst/u_aes/ciphertext_reg[116]
  -------------------------------------------------------------------
                         required time                         15.323    <hidden>
                         arrival time                         -14.954    <hidden>
  -------------------------------------------------------------------
                         slack                                  0.369    <hidden>

Slack (MET) :             0.376ns  (required time - arrival time)
  Source:                 system_i/aes_gcm_axis_0/inst/key_reg3_reg[0]/C
                            (rising edge-triggered cell FDRE clocked by clk_pl_0  {rise@0.000ns fall@6.667ns period=13.333ns})
  Destination:            system_i/aes_gcm_axis_0/inst/u_aes/ciphertext_reg[114]/D
                            (rising edge-triggered cell FDCE clocked by clk_pl_0  {rise@0.000ns fall@6.667ns period=13.333ns})
  Path Group:             clk_pl_0
  Path Type:              Setup (Max at Slow Process Corner)
  Requirement:            13.333ns  (clk_pl_0 rise@13.333ns - clk_pl_0 rise@0.000ns)
  Data Path Delay:        12.775ns  (logic 3.992ns (31.249%)  route 8.783ns (68.751%))
  Logic Levels:           47  (LUT2=5 LUT3=5 LUT4=2 LUT5=2 LUT6=20 MUXF7=7 MUXF8=6)
  Clock Path Skew:        -0.066ns (DCD - SCD + CPR)
    Destination Clock Delay (DCD):    1.925ns = ( 15.258 - 13.333 ) 
    Source Clock Delay      (SCD):    2.170ns
    Clock Pessimism Removal (CPR):    0.179ns
  Clock Uncertainty:      0.141ns  ((TSJ^2 + DJ^2)^1/2) / 2 + PE
    Total System Jitter     (TSJ):    0.071ns
    Discrete Jitter          (DJ):    0.273ns
    Phase Error              (PE):    0.000ns
  Clock Net Delay (Source):      1.962ns (routing 0.569ns, distribution 1.393ns)
  Clock Net Delay (Destination): 1.757ns (routing 0.512ns, distribution 1.245ns)

    Location             Delay type                Incr(ns)  Path(ns)    Netlist Resource(s)
  -------------------------------------------------------------------    -------------------
                         (clock clk_pl_0 rise edge)
                                                      0.000     0.000 r  <hidden>
    PS8_X0Y0             PS8                          0.000     0.000 r  system_i/zynq_ultra_ps_e_0/inst/PS8_i/PLCLK[0]
                         net (fo=1, routed)           0.180     0.180    system_i/zynq_ultra_ps_e_0/inst/pl_clk_unbuffered[0]
    BUFG_PS_X0Y80        BUFG_PS (Prop_BUFG_PS_I_O)
                                                      0.028     0.208 r  system_i/zynq_ultra_ps_e_0/inst/buffer_pl_clk_0.PL_CLK_0_BUFG/O
    X1Y2 (CLOCK_ROOT)    net (fo=13924, routed)       1.962     2.170    system_i/aes_gcm_axis_0/inst/aclk
    SLICE_X75Y286        FDRE                                         r  system_i/aes_gcm_axis_0/inst/key_reg3_reg[0]/C
  -------------------------------------------------------------------    -------------------
    SLICE_X75Y286        FDRE (Prop_DFF_SLICEL_C_Q)
                                                      0.079     2.249 r  system_i/aes_gcm_axis_0/inst/key_reg3_reg[0]/Q
                         net (fo=36, routed)          0.320     2.569    system_i/aes_gcm_axis_0/inst/u_aes/key_value[0]
    SLICE_X76Y290        LUT6 (Prop_C6LUT_SLICEL_I0_O)
                                                      0.123     2.692 r  system_i/aes_gcm_axis_0/inst/u_aes/g1_b6__0/O
                         net (fo=2, routed)           0.090     2.782    system_i/aes_gcm_axis_0/inst/u_key_expansion/state8_reg[46]_1
    SLICE_X76Y288        LUT6 (Prop_C6LUT_SLICEL_I3_O)
                                                      0.096     2.878 r  system_i/aes_gcm_axis_0/inst/u_key_expansion/aes_sbox_inferred__0/state8[46]_i_2/O
                         net (fo=10, routed)          0.253     3.131    system_i/aes_gcm_axis_0/inst/u_aes/SubWord_return[14]
    SLICE_X78Y292        LUT5 (Prop_H6LUT_SLICEM_I2_O)
                                                      0.053     3.184 r  system_i/aes_gcm_axis_0/inst/u_aes/state1[14]_i_2/O
                         net (fo=24, routed)          0.314     3.498    system_i/aes_gcm_axis_0/inst/u_key_expansion/state4_reg[96][114]
    SLICE_X78Y289        MUXF7 (Prop_F7MUX_EF_SLICEM_S_O)
                                                      0.070     3.568 r  system_i/aes_gcm_axis_0/inst/u_key_expansion/aes_sbox_inferred__5/g0_b0_i_20/O
                         net (fo=1, routed)           0.000     3.568    system_i/aes_gcm_axis_0/inst/u_key_expansion/aes_sbox_inferred__5/g0_b0_i_20_n_0
    SLICE_X78Y289        MUXF8 (Prop_F8MUX_TOP_SLICEM_I1_O)
                                                      0.028     3.596 r  system_i/aes_gcm_axis_0/inst/u_key_expansion/aes_sbox_inferred__5/g0_b0_i_10/O
                         net (fo=18, routed)          0.238     3.833    system_i/aes_gcm_axis_0/inst/u_aes/state4_reg[115]_1
    SLICE_X79Y293        LUT3 (Prop_F6LUT_SLICEM_I0_O)
                                                      0.037     3.870 r  system_i/aes_gcm_axis_0/inst/u_aes/g0_b0_i_4__19/O
                         net (fo=34, routed)          0.299     4.169    system_i/aes_gcm_axis_0/inst/u_aes/round_keys[1043]
    SLICE_X78Y297        LUT6 (Prop_C6LUT_SLICEM_I3_O)
                                                      0.145     4.314 r  system_i/aes_gcm_axis_0/inst/u_aes/g1_b5__10/O
                         net (fo=1, routed)           0.021     4.335    system_i/aes_gcm_axis_0/inst/u_key_expansion/aes_sbox_inferred__10/state4_reg[125]_i_3_1
    SLICE_X78Y297        MUXF7 (Prop_F7MUX_CD_SLICEM_I1_O)
                                                      0.061     4.396 r  system_i/aes_gcm_axis_0/inst/u_key_expansion/aes_sbox_inferred__10/state4_reg[125]_i_7/O
                         net (fo=1, routed)           0.000     4.396    system_i/aes_gcm_axis_0/inst/u_key_expansion/aes_sbox_inferred__10/state4_reg[125]_i_7_n_0
    SLICE_X78Y297        MUXF8 (Prop_F8MUX_BOT_SLICEM_I0_O)
                                                      0.030     4.426 r  system_i/aes_gcm_axis_0/inst/u_key_expansion/aes_sbox_inferred__10/state4_reg[125]_i_3/O
                         net (fo=10, routed)          0.235     4.661    system_i/aes_gcm_axis_0/inst/u_aes/state4_reg[125]_2
    SLICE_X74Y299        LUT4 (Prop_D6LUT_SLICEM_I0_O)
                                                      0.122     4.783 r  system_i/aes_gcm_axis_0/inst/u_aes/g0_b0_i_12__11/O
                         net (fo=9, routed)           0.190     4.973    system_i/aes_gcm_axis_0/inst/u_aes/round_keys[957]
    SLICE_X73Y300        LUT2 (Prop_F6LUT_SLICEM_I0_O)
                                                      0.037     5.010 r  system_i/aes_gcm_axis_0/inst/u_aes/g0_b0_i_6__16/O
                         net (fo=34, routed)          0.330     5.340    system_i/aes_gcm_axis_0/inst/u_aes/round_keys[925]
    SLICE_X71Y299        LUT6 (Prop_F6LUT_SLICEM_I5_O)
                                                      0.148     5.488 r  system_i/aes_gcm_axis_0/inst/u_aes/g2_b3__11/O
                         net (fo=1, routed)           0.023     5.511    system_i/aes_gcm_axis_0/inst/u_key_expansion/aes_sbox_inferred__11/state4_reg[99]_i_2_2
    SLICE_X71Y299        MUXF7 (Prop_F7MUX_EF_SLICEM_I0_O)
                                                      0.061     5.572 r  system_i/aes_gcm_axis_0/inst/u_key_expansion/aes_sbox_inferred__11/state4_reg[99]_i_6/O
                         net (fo=1, routed)           0.000     5.572    system_i/aes_gcm_axis_0/inst/u_key_expansion/aes_sbox_inferred__11/state4_reg[99]_i_6_n_0
    SLICE_X71Y299        MUXF8 (Prop_F8MUX_TOP_SLICEM_I1_O)
                                                      0.028     5.600 r  system_i/aes_gcm_axis_0/inst/u_key_expansion/aes_sbox_inferred__11/state4_reg[99]_i_2/O
                         net (fo=5, routed)           0.248     5.848    system_i/aes_gcm_axis_0/inst/u_aes/state4_reg[99]_0
    SLICE_X71Y295        LUT3 (Prop_G6LUT_SLICEM_I0_O)
                                                      0.090     5.938 r  system_i/aes_gcm_axis_0/inst/u_aes/g0_b0_i_10__18/O
                         net (fo=9, routed)           0.228     6.166    system_i/aes_gcm_axis_0/inst/u_aes/round_keys[835]
    SLICE_X69Y293        LUT3 (Prop_C6LUT_SLICEL_I0_O)
                                                      0.123     6.289 r  system_i/aes_gcm_axis_0/inst/u_aes/g0_b0_i_4__25/O
                         net (fo=34, routed)          0.242     6.531    system_i/aes_gcm_axis_0/inst/u_aes/round_keys[771]
    SLICE_X69Y287        LUT6 (Prop_H6LUT_SLICEL_I3_O)
                                                      0.150     6.681 r  system_i/aes_gcm_axis_0/inst/u_aes/g0_b4__16/O
                         net (fo=1, routed)           0.010     6.691    system_i/aes_gcm_axis_0/inst/u_key_expansion/aes_sbox_inferred__16/g0_b0_i_17_0
    SLICE_X69Y287        MUXF7 (Prop_F7MUX_GH_SLICEL_I0_O)
                                                      0.057     6.748 r  system_i/aes_gcm_axis_0/inst/u_key_expansion/aes_sbox_inferred__16/g0_b0_i_27/O
                         net (fo=1, routed)           0.000     6.748    system_i/aes_gcm_axis_0/inst/u_key_expansion/aes_sbox_inferred__16/g0_b0_i_27_n_0
    SLICE_X69Y287        MUXF8 (Prop_F8MUX_TOP_SLICEL_I0_O)
                                                      0.026     6.774 r  system_i/aes_gcm_axis_0/inst/u_key_expansion/aes_sbox_inferred__16/g0_b0_i_17/O
                         net (fo=4, routed)           0.219     6.993    system_i/aes_gcm_axis_0/inst/u_aes/state9_reg[108]_1
    SLICE_X73Y287        LUT6 (Prop_G6LUT_SLICEM_I2_O)
                                                      0.100     7.093 r  system_i/aes_gcm_axis_0/inst/u_aes/g0_b0_i_11__10/O
                         net (fo=8, routed)           0.173     7.266    system_i/aes_gcm_axis_0/inst/u_aes/round_keys[748]
    SLICE_X74Y289        LUT3 (Prop_F6LUT_SLICEM_I1_O)
                                                      0.098     7.364 r  system_i/aes_gcm_axis_0/inst/u_aes/g0_b0_i_5__26/O
                         net (fo=34, routed)          0.403     7.767    system_i/aes_gcm_axis_0/inst/u_aes/round_keys[652]
    SLICE_X81Y290        LUT6 (Prop_H6LUT_SLICEM_I4_O)
                                                      0.125     7.892 r  system_i/aes_gcm_axis_0/inst/u_aes/g0_b3__21/O
                         net (fo=1, routed)           0.014     7.906    system_i/aes_gcm_axis_0/inst/u_key_expansion/aes_sbox_inferred__21/g0_b0_i_16_0
    SLICE_X81Y290        MUXF7 (Prop_F7MUX_GH_SLICEM_I0_O)
                                                      0.059     7.965 r  system_i/aes_gcm_axis_0/inst/u_key_expansion/aes_sbox_inferred__21/g0_b0_i_25/O
                         net (fo=1, routed)           0.000     7.965    system_i/aes_gcm_axis_0/inst/u_key_expansion/aes_sbox_inferred__21/g0_b0_i_25_n_0
    SLICE_X81Y290        MUXF8 (Prop_F8MUX_TOP_SLICEM_I0_O)
                                                      0.028     7.993 r  system_i/aes_gcm_axis_0/inst/u_key_expansion/aes_sbox_inferred__21/g0_b0_i_16/O
                         net (fo=4, routed)           0.205     8.198    system_i/aes_gcm_axis_0/inst/u_aes/state9_reg[115]_0
    SLICE_X83Y291        LUT6 (Prop_H6LUT_SLICEM_I3_O)
                                                      0.101     8.299 r  system_i/aes_gcm_axis_0/inst/u_aes/g0_b0_i_10__7/O
                         net (fo=6, routed)           0.361     8.660    system_i/aes_gcm_axis_0/inst/u_aes/round_keys[627]
    SLICE_X82Y301        LUT4 (Prop_H6LUT_SLICEL_I2_O)
                                                      0.036     8.696 r  system_i/aes_gcm_axis_0/inst/u_aes/g0_b0_i_4__30/O
                         net (fo=35, routed)          0.325     9.020    system_i/aes_gcm_axis_0/inst/u_aes/round_keys[531]
    SLICE_X78Y306        LUT6 (Prop_F6LUT_SLICEM_I3_O)
                                                      0.088     9.108 r  system_i/aes_gcm_axis_0/inst/u_aes/g2_b0__26/O
                         net (fo=1, routed)           0.023     9.131    system_i/aes_gcm_axis_0/inst/u_key_expansion/aes_sbox_inferred__26/g0_b0_i_22_0
    SLICE_X78Y306        MUXF7 (Prop_F7MUX_EF_SLICEM_I0_O)
                                                      0.061     9.192 r  system_i/aes_gcm_axis_0/inst/u_key_expansion/aes_sbox_inferred__26/g0_b0_i_50/O
                         net (fo=1, routed)           0.000     9.192    system_i/aes_gcm_axis_0/inst/u_key_expansion/aes_sbox_inferred__26/g0_b0_i_50_n_0
    SLICE_X78Y306        MUXF8 (Prop_F8MUX_TOP_SLICEM_I1_O)
                                                      0.028     9.220 r  system_i/aes_gcm_axis_0/inst/u_key_expansion/aes_sbox_inferred__26/g0_b0_i_22/O
                         net (fo=4, routed)           0.274     9.495    system_i/aes_gcm_axis_0/inst/u_aes/state9_reg[56]_0
    SLICE_X77Y309        LUT6 (Prop_G6LUT_SLICEL_I3_O)
                                                      0.149     9.644 r  system_i/aes_gcm_axis_0/inst/u_aes/state7[120]_i_7/O
                         net (fo=4, routed)           0.110     9.754    system_i/aes_gcm_axis_0/inst/u_aes/round_keys[504]
    SLICE_X76Y309        LUT3 (Prop_A6LUT_SLICEL_I2_O)
                                                      0.124     9.878 r  system_i/aes_gcm_axis_0/inst/u_aes/g0_b0_i_7__26/O
                         net (fo=5, routed)           0.159    10.037    system_i/aes_gcm_axis_0/inst/u_aes/round_keys[440]
    SLICE_X75Y309        LUT2 (Prop_F6LUT_SLICEL_I0_O)
                                                      0.049    10.086 r  system_i/aes_gcm_axis_0/inst/u_aes/g0_b0_i_1__12/O
                         net (fo=35, routed)          0.367    10.453    system_i/aes_gcm_axis_0/inst/u_aes/round_keys[408]
    SLICE_X73Y313        LUT6 (Prop_A6LUT_SLICEM_I0_O)
                                                      0.125    10.578 r  system_i/aes_gcm_axis_0/inst/u_aes/g3_b0__27/O
                         net (fo=1, routed)           0.107    10.685    system_i/aes_gcm_axis_0/inst/u_key_expansion/state9[96]_i_3
    SLICE_X73Y313        LUT6 (Prop_E6LUT_SLICEM_I0_O)
                                                      0.124    10.809 r  system_i/aes_gcm_axis_0/inst/u_key_expansion/aes_sbox_inferred__27/g0_b0_i_23/O
                         net (fo=4, routed)           0.339    11.148    system_i/aes_gcm_axis_0/inst/u_aes/state8_reg[96]_0
    SLICE_X69Y306        LUT6 (Prop_H6LUT_SLICEL_I3_O)
                                                      0.090    11.238 r  system_i/aes_gcm_axis_0/inst/u_aes/state8[96]_i_2/O
                         net (fo=2, routed)           0.235    11.473    system_i/aes_gcm_axis_0/inst/u_aes/round_keys[352]
    SLICE_X68Y303        LUT5 (Prop_F6LUT_SLICEL_I4_O)
                                                      0.089    11.562 r  system_i/aes_gcm_axis_0/inst/u_aes/g0_b0_i_8__19/O
                         net (fo=4, routed)           0.095    11.657    system_i/aes_gcm_axis_0/inst/u_aes/round_keys[320]
    SLICE_X68Y301        LUT2 (Prop_G5LUT_SLICEL_I0_O)
                                                      0.135    11.792 r  system_i/aes_gcm_axis_0/inst/u_aes/g0_b0_i_7/O
                         net (fo=4, routed)           0.257    12.049    system_i/aes_gcm_axis_0/inst/u_aes/round_keys[288]
    SLICE_X67Y298        LUT2 (Prop_H6LUT_SLICEM_I0_O)
                                                      0.090    12.139 r  system_i/aes_gcm_axis_0/inst/u_aes/g0_b0_i_1__0/O
                         net (fo=33, routed)          0.436    12.575    system_i/aes_gcm_axis_0/inst/u_aes/round_keys[256]
    SLICE_X68Y286        LUT6 (Prop_H6LUT_SLICEL_I0_O)
                                                      0.150    12.725 r  system_i/aes_gcm_axis_0/inst/u_aes/g2_b1__32/O
                         net (fo=1, routed)           0.271    12.996    system_i/aes_gcm_axis_0/inst/u_key_expansion/state9[105]_i_4_0
    SLICE_X69Y282        LUT6 (Prop_E6LUT_SLICEL_I1_O)
                                                      0.147    13.143 r  system_i/aes_gcm_axis_0/inst/u_key_expansion/aes_sbox_inferred__32/g0_b0_i_26/O
                         net (fo=3, routed)           0.271    13.414    system_i/aes_gcm_axis_0/inst/u_aes/ciphertext_reg[41]_0
    SLICE_X73Y282        LUT6 (Prop_G6LUT_SLICEM_I2_O)
                                                      0.052    13.466 r  system_i/aes_gcm_axis_0/inst/u_aes/g0_b0_i_9__2/O
                         net (fo=3, routed)           0.189    13.655    system_i/aes_gcm_axis_0/inst/u_aes/g0_b0_i_9__2_n_0
    SLICE_X75Y283        LUT6 (Prop_H6LUT_SLICEL_I0_O)
                                                      0.036    13.691 r  system_i/aes_gcm_axis_0/inst/u_aes/g0_b0_i_2__4/O
                         net (fo=33, routed)          0.418    14.110    system_i/aes_gcm_axis_0/inst/u_aes/round_keys[137]
    SLICE_X81Y286        LUT6 (Prop_B6LUT_SLICEM_I1_O)
                                                      0.149    14.259 r  system_i/aes_gcm_axis_0/inst/u_aes/g2_b2__37/O
                         net (fo=1, routed)           0.017    14.276    system_i/aes_gcm_axis_0/inst/u_key_expansion/ciphertext[50]_i_3_1
    SLICE_X81Y286        MUXF7 (Prop_F7MUX_AB_SLICEM_I0_O)
                                                      0.067    14.343 r  system_i/aes_gcm_axis_0/inst/u_key_expansion/aes_sbox_inferred__37/ciphertext_reg[50]_i_7/O
                         net (fo=1, routed)           0.196    14.539    system_i/aes_gcm_axis_0/inst/u_aes/ciphertext_reg[50]_2
    SLICE_X81Y286        LUT6 (Prop_H6LUT_SLICEM_I3_O)
                                                      0.053    14.592 r  system_i/aes_gcm_axis_0/inst/u_aes/ciphertext[50]_i_3/O
                         net (fo=4, routed)           0.164    14.756    system_i/aes_gcm_axis_0/inst/u_aes/ciphertext[50]_i_3_n_0
    SLICE_X83Y288        LUT6 (Prop_A6LUT_SLICEM_I3_O)
                                                      0.038    14.794 r  system_i/aes_gcm_axis_0/inst/u_aes/ciphertext[114]_i_2/O
                         net (fo=1, routed)           0.042    14.836    system_i/aes_gcm_axis_0/inst/u_aes/round_keys[114]
    SLICE_X83Y288        LUT2 (Prop_D6LUT_SLICEM_I0_O)
                                                      0.037    14.873 r  system_i/aes_gcm_axis_0/inst/u_aes/ciphertext[114]_i_1/O
                         net (fo=1, routed)           0.072    14.945    system_i/aes_gcm_axis_0/inst/u_aes/rk10[114]
    SLICE_X83Y288        FDCE                                         r  system_i/aes_gcm_axis_0/inst/u_aes/ciphertext_reg[114]/D
  -------------------------------------------------------------------    -------------------

                         (clock clk_pl_0 rise edge)
                                                     13.333    13.333 r  <hidden>
    PS8_X0Y0             PS8                          0.000    13.333 r  system_i/zynq_ultra_ps_e_0/inst/PS8_i/PLCLK[0]
                         net (fo=1, routed)           0.143    13.476    system_i/zynq_ultra_ps_e_0/inst/pl_clk_unbuffered[0]
    BUFG_PS_X0Y80        BUFG_PS (Prop_BUFG_PS_I_O)
                                                      0.025    13.501 r  system_i/zynq_ultra_ps_e_0/inst/buffer_pl_clk_0.PL_CLK_0_BUFG/O
    X1Y2 (CLOCK_ROOT)    net (fo=13924, routed)       1.757    15.258    system_i/aes_gcm_axis_0/inst/u_aes/aclk
    SLICE_X83Y288        FDCE                                         r  system_i/aes_gcm_axis_0/inst/u_aes/ciphertext_reg[114]/C
                         clock pessimism              0.179    15.437    <hidden>
                         clock uncertainty           -0.141    15.296    <hidden>
    SLICE_X83Y288        FDCE (Setup_DFF_SLICEM_C_D)
                                                      0.025    15.321    system_i/aes_gcm_axis_0/inst/u_aes/ciphertext_reg[114]
  -------------------------------------------------------------------
                         required time                         15.321    <hidden>
                         arrival time                         -14.945    <hidden>
  -------------------------------------------------------------------
                         slack                                  0.376    <hidden>





Min Delay Paths
--------------------------------------------------------------------------------------
Slack (MET) :             0.010ns  (arrival time - required time)
  Source:                 system_i/mem_smc/inst/switchboards/r_switchboard/inst/gen_mi[0].inst_opipe_payld/gen_pipe[1].pipe_reg[1][14]/C
                            (rising edge-triggered cell FDRE clocked by clk_pl_0  {rise@0.000ns fall@6.667ns period=13.333ns})
  Destination:            system_i/mem_smc/inst/s00_nodes/s00_r_node/inst/inst_mi_handler/gen_normal_area.inst_fifo_node_payld/gen_xpm_memory_fifo.inst_fifo/gen_mem_rep[0].inst_xpm_memory/xpm_memory_base_inst/gen_wr_a.gen_word_narrow.mem_reg_0_31_14_27/RAMG/I
                            (rising edge-triggered cell RAMD32 clocked by clk_pl_0  {rise@0.000ns fall@6.667ns period=13.333ns})
  Path Group:             clk_pl_0
  Path Type:              Hold (Min at Slow Process Corner)
  Requirement:            0.000ns  (clk_pl_0 rise@0.000ns - clk_pl_0 rise@0.000ns)
  Data Path Delay:        0.209ns  (logic 0.058ns (27.751%)  route 0.151ns (72.249%))
  Logic Levels:           0  
  Clock Path Skew:        0.121ns (DCD - SCD - CPR)
    Destination Clock Delay (DCD):    1.997ns
    Source Clock Delay      (SCD):    1.717ns
    Clock Pessimism Removal (CPR):    0.158ns
  Clock Net Delay (Source):      1.549ns (routing 0.512ns, distribution 1.037ns)
  Clock Net Delay (Destination): 1.789ns (routing 0.569ns, distribution 1.220ns)

    Location             Delay type                Incr(ns)  Path(ns)    Netlist Resource(s)
  -------------------------------------------------------------------    -------------------
                         (clock clk_pl_0 rise edge)
                                                      0.000     0.000 r  <hidden>
    PS8_X0Y0             PS8                          0.000     0.000 r  system_i/zynq_ultra_ps_e_0/inst/PS8_i/PLCLK[0]
                         net (fo=1, routed)           0.143     0.143    system_i/zynq_ultra_ps_e_0/inst/pl_clk_unbuffered[0]
    BUFG_PS_X0Y80        BUFG_PS (Prop_BUFG_PS_I_O)
                                                      0.025     0.168 r  system_i/zynq_ultra_ps_e_0/inst/buffer_pl_clk_0.PL_CLK_0_BUFG/O
    X1Y2 (CLOCK_ROOT)    net (fo=13924, routed)       1.549     1.717    system_i/mem_smc/inst/switchboards/r_switchboard/inst/gen_mi[0].inst_opipe_payld/aclk
    SLICE_X54Y128        FDRE                                         r  system_i/mem_smc/inst/switchboards/r_switchboard/inst/gen_mi[0].inst_opipe_payld/gen_pipe[1].pipe_reg[1][14]/C
  -------------------------------------------------------------------    -------------------
    SLICE_X54Y128        FDRE (Prop_EFF_SLICEM_C_Q)
                                                      0.058     1.775 r  system_i/mem_smc/inst/switchboards/r_switchboard/inst/gen_mi[0].inst_opipe_payld/gen_pipe[1].pipe_reg[1][14]/Q
                         net (fo=1, routed)           0.151     1.926    system_i/mem_smc/inst/s00_nodes/s00_r_node/inst/inst_mi_handler/gen_normal_area.inst_fifo_node_payld/gen_xpm_memory_fifo.inst_fifo/gen_mem_rep[0].inst_xpm_memory/xpm_memory_base_inst/gen_wr_a.gen_word_narrow.mem_reg_0_31_14_27/DIG0
    SLICE_X53Y131        RAMD32                                       r  system_i/mem_smc/inst/s00_nodes/s00_r_node/inst/inst_mi_handler/gen_normal_area.inst_fifo_node_payld/gen_xpm_memory_fifo.inst_fifo/gen_mem_rep[0].inst_xpm_memory/xpm_memory_base_inst/gen_wr_a.gen_word_narrow.mem_reg_0_31_14_27/RAMG/I
  -------------------------------------------------------------------    -------------------

                         (clock clk_pl_0 rise edge)
                                                      0.000     0.000 r  <hidden>
    PS8_X0Y0             PS8                          0.000     0.000 r  system_i/zynq_ultra_ps_e_0/inst/PS8_i/PLCLK[0]
                         net (fo=1, routed)           0.180     0.180    system_i/zynq_ultra_ps_e_0/inst/pl_clk_unbuffered[0]
    BUFG_PS_X0Y80        BUFG_PS (Prop_BUFG_PS_I_O)
                                                      0.028     0.208 r  system_i/zynq_ultra_ps_e_0/inst/buffer_pl_clk_0.PL_CLK_0_BUFG/O
    X1Y2 (CLOCK_ROOT)    net (fo=13924, routed)       1.789     1.997    system_i/mem_smc/inst/s00_nodes/s00_r_node/inst/inst_mi_handler/gen_normal_area.inst_fifo_node_payld/gen_xpm_memory_fifo.inst_fifo/gen_mem_rep[0].inst_xpm_memory/xpm_memory_base_inst/gen_wr_a.gen_word_narrow.mem_reg_0_31_14_27/WCLK
    SLICE_X53Y131        RAMD32                                       r  system_i/mem_smc/inst/s00_nodes/s00_r_node/inst/inst_mi_handler/gen_normal_area.inst_fifo_node_payld/gen_xpm_memory_fifo.inst_fifo/gen_mem_rep[0].inst_xpm_memory/xpm_memory_base_inst/gen_wr_a.gen_word_narrow.mem_reg_0_31_14_27/RAMG/CLK
                         clock pessimism             -0.158     1.838    <hidden>
    SLICE_X53Y131        RAMD32 (Hold_G5LUT_SLICEM_CLK_I)
                                                      0.078     1.916    system_i/mem_smc/inst/s00_nodes/s00_r_node/inst/inst_mi_handler/gen_normal_area.inst_fifo_node_payld/gen_xpm_memory_fifo.inst_fifo/gen_mem_rep[0].inst_xpm_memory/xpm_memory_base_inst/gen_wr_a.gen_word_narrow.mem_reg_0_31_14_27/RAMG
  -------------------------------------------------------------------
                         required time                         -1.916    <hidden>
                         arrival time                           1.926    <hidden>
  -------------------------------------------------------------------
                         slack                                  0.010    <hidden>

Slack (MET) :             0.010ns  (arrival time - required time)
  Source:                 system_i/mem_smc/inst/m00_nodes/m00_r_node/inst/inst_mi_handler/gen_normal_area.inst_fifo_node_payld/gen_xpm_memory_fifo.inst_fifo/gen_mem_rep[0].inst_xpm_memory/xpm_memory_base_inst/gen_rd_b.gen_rd_b_synth_template.gen_rf_narrow_reg.doutb_reg_reg[148]/C
                            (rising edge-triggered cell FDRE clocked by clk_pl_0  {rise@0.000ns fall@6.667ns period=13.333ns})
  Destination:            system_i/mem_smc/inst/switchboards/r_switchboard/inst/gen_mi[0].inst_opipe_payld/gen_pipe[1].pipe_reg[1][148]/D
                            (rising edge-triggered cell FDRE clocked by clk_pl_0  {rise@0.000ns fall@6.667ns period=13.333ns})
  Path Group:             clk_pl_0
  Path Type:              Hold (Min at Slow Process Corner)
  Requirement:            0.000ns  (clk_pl_0 rise@0.000ns - clk_pl_0 rise@0.000ns)
  Data Path Delay:        0.158ns  (logic 0.060ns (37.975%)  route 0.098ns (62.025%))
  Logic Levels:           0  
  Clock Path Skew:        0.086ns (DCD - SCD - CPR)
    Destination Clock Delay (DCD):    1.961ns
    Source Clock Delay      (SCD):    1.717ns
    Clock Pessimism Removal (CPR):    0.158ns
  Clock Net Delay (Source):      1.549ns (routing 0.512ns, distribution 1.037ns)
  Clock Net Delay (Destination): 1.753ns (routing 0.569ns, distribution 1.184ns)

    Location             Delay type                Incr(ns)  Path(ns)    Netlist Resource(s)
  -------------------------------------------------------------------    -------------------
                         (clock clk_pl_0 rise edge)
                                                      0.000     0.000 r  <hidden>
    PS8_X0Y0             PS8                          0.000     0.000 r  system_i/zynq_ultra_ps_e_0/inst/PS8_i/PLCLK[0]
                         net (fo=1, routed)           0.143     0.143    system_i/zynq_ultra_ps_e_0/inst/pl_clk_unbuffered[0]
    BUFG_PS_X0Y80        BUFG_PS (Prop_BUFG_PS_I_O)
                                                      0.025     0.168 r  system_i/zynq_ultra_ps_e_0/inst/buffer_pl_clk_0.PL_CLK_0_BUFG/O
    X1Y2 (CLOCK_ROOT)    net (fo=13924, routed)       1.549     1.717    system_i/mem_smc/inst/m00_nodes/m00_r_node/inst/inst_mi_handler/gen_normal_area.inst_fifo_node_payld/gen_xpm_memory_fifo.inst_fifo/gen_mem_rep[0].inst_xpm_memory/xpm_memory_base_inst/clka
    SLICE_X53Y128        FDRE                                         r  system_i/mem_smc/inst/m00_nodes/m00_r_node/inst/inst_mi_handler/gen_normal_area.inst_fifo_node_payld/gen_xpm_memory_fifo.inst_fifo/gen_mem_rep[0].inst_xpm_memory/xpm_memory_base_inst/gen_rd_b.gen_rd_b_synth_template.gen_rf_narrow_reg.doutb_reg_reg[148]/C
  -------------------------------------------------------------------    -------------------
    SLICE_X53Y128        FDRE (Prop_EFF2_SLICEM_C_Q)
                                                      0.060     1.777 r  system_i/mem_smc/inst/m00_nodes/m00_r_node/inst/inst_mi_handler/gen_normal_area.inst_fifo_node_payld/gen_xpm_memory_fifo.inst_fifo/gen_mem_rep[0].inst_xpm_memory/xpm_memory_base_inst/gen_rd_b.gen_rd_b_synth_template.gen_rf_narrow_reg.doutb_reg_reg[148]/Q
                         net (fo=1, routed)           0.098     1.875    system_i/mem_smc/inst/switchboards/r_switchboard/inst/gen_mi[0].inst_opipe_payld/s_sc_payld[134]
    SLICE_X54Y128        FDRE                                         r  system_i/mem_smc/inst/switchboards/r_switchboard/inst/gen_mi[0].inst_opipe_payld/gen_pipe[1].pipe_reg[1][148]/D
  -------------------------------------------------------------------    -------------------

                         (clock clk_pl_0 rise edge)
                                                      0.000     0.000 r  <hidden>
    PS8_X0Y0             PS8                          0.000     0.000 r  system_i/zynq_ultra_ps_e_0/inst/PS8_i/PLCLK[0]
                         net (fo=1, routed)           0.180     0.180    system_i/zynq_ultra_ps_e_0/inst/pl_clk_unbuffered[0]
    BUFG_PS_X0Y80        BUFG_PS (Prop_BUFG_PS_I_O)
                                                      0.028     0.208 r  system_i/zynq_ultra_ps_e_0/inst/buffer_pl_clk_0.PL_CLK_0_BUFG/O
    X1Y2 (CLOCK_ROOT)    net (fo=13924, routed)       1.753     1.961    system_i/mem_smc/inst/switchboards/r_switchboard/inst/gen_mi[0].inst_opipe_payld/aclk
    SLICE_X54Y128        FDRE                                         r  system_i/mem_smc/inst/switchboards/r_switchboard/inst/gen_mi[0].inst_opipe_payld/gen_pipe[1].pipe_reg[1][148]/C
                         clock pessimism             -0.158     1.803    <hidden>
    SLICE_X54Y128        FDRE (Hold_AFF2_SLICEM_C_D)
                                                      0.062     1.865    system_i/mem_smc/inst/switchboards/r_switchboard/inst/gen_mi[0].inst_opipe_payld/gen_pipe[1].pipe_reg[1][148]
  -------------------------------------------------------------------
                         required time                         -1.865    <hidden>
                         arrival time                           1.875    <hidden>
  -------------------------------------------------------------------
                         slack                                  0.010    <hidden>

Slack (MET) :             0.010ns  (arrival time - required time)
  Source:                 system_i/axi_dma_0/U0/I_PRMRY_DATAMOVER/GEN_MM2S_FULL.I_MM2S_FULL_WRAPPER/ENABLE_AXIS_SKID.I_MM2S_SKID_BUF/sig_data_reg_out_reg[79]/C
                            (rising edge-triggered cell FDRE clocked by clk_pl_0  {rise@0.000ns fall@6.667ns period=13.333ns})
  Destination:            system_i/aes_gcm_axis_0/inst/input_hold_reg[55]/D
                            (rising edge-triggered cell FDRE clocked by clk_pl_0  {rise@0.000ns fall@6.667ns period=13.333ns})
  Path Group:             clk_pl_0
  Path Type:              Hold (Min at Slow Process Corner)
  Requirement:            0.000ns  (clk_pl_0 rise@0.000ns - clk_pl_0 rise@0.000ns)
  Data Path Delay:        0.282ns  (logic 0.058ns (20.567%)  route 0.224ns (79.433%))
  Logic Levels:           0  
  Clock Path Skew:        0.210ns (DCD - SCD - CPR)
    Destination Clock Delay (DCD):    2.025ns
    Source Clock Delay      (SCD):    1.718ns
    Clock Pessimism Removal (CPR):    0.097ns
  Clock Net Delay (Source):      1.550ns (routing 0.512ns, distribution 1.038ns)
  Clock Net Delay (Destination): 1.817ns (routing 0.569ns, distribution 1.248ns)

    Location             Delay type                Incr(ns)  Path(ns)    Netlist Resource(s)
  -------------------------------------------------------------------    -------------------
                         (clock clk_pl_0 rise edge)
                                                      0.000     0.000 r  <hidden>
    PS8_X0Y0             PS8                          0.000     0.000 r  system_i/zynq_ultra_ps_e_0/inst/PS8_i/PLCLK[0]
                         net (fo=1, routed)           0.143     0.143    system_i/zynq_ultra_ps_e_0/inst/pl_clk_unbuffered[0]
    BUFG_PS_X0Y80        BUFG_PS (Prop_BUFG_PS_I_O)
                                                      0.025     0.168 r  system_i/zynq_ultra_ps_e_0/inst/buffer_pl_clk_0.PL_CLK_0_BUFG/O
    X1Y2 (CLOCK_ROOT)    net (fo=13924, routed)       1.550     1.718    system_i/axi_dma_0/U0/I_PRMRY_DATAMOVER/GEN_MM2S_FULL.I_MM2S_FULL_WRAPPER/ENABLE_AXIS_SKID.I_MM2S_SKID_BUF/m_axi_mm2s_aclk
    SLICE_X54Y167        FDRE                                         r  system_i/axi_dma_0/U0/I_PRMRY_DATAMOVER/GEN_MM2S_FULL.I_MM2S_FULL_WRAPPER/ENABLE_AXIS_SKID.I_MM2S_SKID_BUF/sig_data_reg_out_reg[79]/C
  -------------------------------------------------------------------    -------------------
    SLICE_X54Y167        FDRE (Prop_BFF_SLICEM_C_Q)
                                                      0.058     1.776 r  system_i/axi_dma_0/U0/I_PRMRY_DATAMOVER/GEN_MM2S_FULL.I_MM2S_FULL_WRAPPER/ENABLE_AXIS_SKID.I_MM2S_SKID_BUF/sig_data_reg_out_reg[79]/Q
                         net (fo=1, routed)           0.224     2.000    system_i/aes_gcm_axis_0/inst/s_axis_tdata[79]
    SLICE_X54Y185        FDRE                                         r  system_i/aes_gcm_axis_0/inst/input_hold_reg[55]/D
  -------------------------------------------------------------------    -------------------

                         (clock clk_pl_0 rise edge)
                                                      0.000     0.000 r  <hidden>
    PS8_X0Y0             PS8                          0.000     0.000 r  system_i/zynq_ultra_ps_e_0/inst/PS8_i/PLCLK[0]
                         net (fo=1, routed)           0.180     0.180    system_i/zynq_ultra_ps_e_0/inst/pl_clk_unbuffered[0]
    BUFG_PS_X0Y80        BUFG_PS (Prop_BUFG_PS_I_O)
                                                      0.028     0.208 r  system_i/zynq_ultra_ps_e_0/inst/buffer_pl_clk_0.PL_CLK_0_BUFG/O
    X1Y2 (CLOCK_ROOT)    net (fo=13924, routed)       1.817     2.025    system_i/aes_gcm_axis_0/inst/aclk
    SLICE_X54Y185        FDRE                                         r  system_i/aes_gcm_axis_0/inst/input_hold_reg[55]/C
                         clock pessimism             -0.097     1.928    <hidden>
    SLICE_X54Y185        FDRE (Hold_FFF2_SLICEM_C_D)
                                                      0.062     1.990    system_i/aes_gcm_axis_0/inst/input_hold_reg[55]
  -------------------------------------------------------------------
                         required time                         -1.990    <hidden>
                         arrival time                           2.000    <hidden>
  -------------------------------------------------------------------
                         slack                                  0.010    <hidden>

Slack (MET) :             0.010ns  (arrival time - required time)
  Source:                 system_i/mem_smc/inst/s01_entry_pipeline/s01_mmu/inst/w_sreg/m_vector_i_reg[1148]/C
                            (rising edge-triggered cell FDRE clocked by clk_pl_0  {rise@0.000ns fall@6.667ns period=13.333ns})
  Destination:            system_i/mem_smc/inst/s01_nodes/s01_w_node/inst/inst_mi_handler/gen_normal_area.inst_fifo_node_payld/gen_xpm_memory_fifo.inst_fifo/gen_mem_rep[0].inst_xpm_memory/xpm_memory_base_inst/gen_wr_a.gen_word_narrow.mem_reg_0_31_154_159/RAMA_D1/I
                            (rising edge-triggered cell RAMD32 clocked by clk_pl_0  {rise@0.000ns fall@6.667ns period=13.333ns})
  Path Group:             clk_pl_0
  Path Type:              Hold (Min at Slow Process Corner)
  Requirement:            0.000ns  (clk_pl_0 rise@0.000ns - clk_pl_0 rise@0.000ns)
  Data Path Delay:        0.137ns  (logic 0.058ns (42.336%)  route 0.079ns (57.664%))
  Logic Levels:           0  
  Clock Path Skew:        0.067ns (DCD - SCD - CPR)
    Destination Clock Delay (DCD):    2.028ns
    Source Clock Delay      (SCD):    1.747ns
    Clock Pessimism Removal (CPR):    0.214ns
  Clock Net Delay (Source):      1.579ns (routing 0.512ns, distribution 1.067ns)
  Clock Net Delay (Destination): 1.820ns (routing 0.569ns, distribution 1.251ns)

    Location             Delay type                Incr(ns)  Path(ns)    Netlist Resource(s)
  -------------------------------------------------------------------    -------------------
                         (clock clk_pl_0 rise edge)
                                                      0.000     0.000 r  <hidden>
    PS8_X0Y0             PS8                          0.000     0.000 r  system_i/zynq_ultra_ps_e_0/inst/PS8_i/PLCLK[0]
                         net (fo=1, routed)           0.143     0.143    system_i/zynq_ultra_ps_e_0/inst/pl_clk_unbuffered[0]
    BUFG_PS_X0Y80        BUFG_PS (Prop_BUFG_PS_I_O)
                                                      0.025     0.168 r  system_i/zynq_ultra_ps_e_0/inst/buffer_pl_clk_0.PL_CLK_0_BUFG/O
    X1Y2 (CLOCK_ROOT)    net (fo=13924, routed)       1.579     1.747    system_i/mem_smc/inst/s01_entry_pipeline/s01_mmu/inst/w_sreg/aclk
    SLICE_X61Y73         FDRE                                         r  system_i/mem_smc/inst/s01_entry_pipeline/s01_mmu/inst/w_sreg/m_vector_i_reg[1148]/C
  -------------------------------------------------------------------    -------------------
    SLICE_X61Y73         FDRE (Prop_DFF_SLICEM_C_Q)
                                                      0.058     1.805 r  system_i/mem_smc/inst/s01_entry_pipeline/s01_mmu/inst/w_sreg/m_vector_i_reg[1148]/Q
                         net (fo=1, routed)           0.079     1.884    system_i/mem_smc/inst/s01_nodes/s01_w_node/inst/inst_mi_handler/gen_normal_area.inst_fifo_node_payld/gen_xpm_memory_fifo.inst_fifo/gen_mem_rep[0].inst_xpm_memory/xpm_memory_base_inst/gen_wr_a.gen_word_narrow.mem_reg_0_31_154_159/DIA1
    SLICE_X61Y72         RAMD32                                       r  system_i/mem_smc/inst/s01_nodes/s01_w_node/inst/inst_mi_handler/gen_normal_area.inst_fifo_node_payld/gen_xpm_memory_fifo.inst_fifo/gen_mem_rep[0].inst_xpm_memory/xpm_memory_base_inst/gen_wr_a.gen_word_narrow.mem_reg_0_31_154_159/RAMA_D1/I
  -------------------------------------------------------------------    -------------------

                         (clock clk_pl_0 rise edge)
                                                      0.000     0.000 r  <hidden>
    PS8_X0Y0             PS8                          0.000     0.000 r  system_i/zynq_ultra_ps_e_0/inst/PS8_i/PLCLK[0]
                         net (fo=1, routed)           0.180     0.180    system_i/zynq_ultra_ps_e_0/inst/pl_clk_unbuffered[0]
    BUFG_PS_X0Y80        BUFG_PS (Prop_BUFG_PS_I_O)
                                                      0.028     0.208 r  system_i/zynq_ultra_ps_e_0/inst/buffer_pl_clk_0.PL_CLK_0_BUFG/O
    X1Y2 (CLOCK_ROOT)    net (fo=13924, routed)       1.820     2.028    system_i/mem_smc/inst/s01_nodes/s01_w_node/inst/inst_mi_handler/gen_normal_area.inst_fifo_node_payld/gen_xpm_memory_fifo.inst_fifo/gen_mem_rep[0].inst_xpm_memory/xpm_memory_base_inst/gen_wr_a.gen_word_narrow.mem_reg_0_31_154_159/WCLK
    SLICE_X61Y72         RAMD32                                       r  system_i/mem_smc/inst/s01_nodes/s01_w_node/inst/inst_mi_handler/gen_normal_area.inst_fifo_node_payld/gen_xpm_memory_fifo.inst_fifo/gen_mem_rep[0].inst_xpm_memory/xpm_memory_base_inst/gen_wr_a.gen_word_narrow.mem_reg_0_31_154_159/RAMA_D1/CLK
                         clock pessimism             -0.214     1.814    <hidden>
    SLICE_X61Y72         RAMD32 (Hold_E6LUT_SLICEM_CLK_I)
                                                      0.060     1.874    system_i/mem_smc/inst/s01_nodes/s01_w_node/inst/inst_mi_handler/gen_normal_area.inst_fifo_node_payld/gen_xpm_memory_fifo.inst_fifo/gen_mem_rep[0].inst_xpm_memory/xpm_memory_base_inst/gen_wr_a.gen_word_narrow.mem_reg_0_31_154_159/RAMA_D1
  -------------------------------------------------------------------
                         required time                         -1.874    <hidden>
                         arrival time                           1.884    <hidden>
  -------------------------------------------------------------------
                         slack                                  0.010    <hidden>

Slack (MET) :             0.010ns  (arrival time - required time)
  Source:                 system_i/mem_smc/inst/m00_exit_pipeline/m00_exit/inst/r_reg/m_vector_i_reg[1171]/C
                            (rising edge-triggered cell FDRE clocked by clk_pl_0  {rise@0.000ns fall@6.667ns period=13.333ns})
  Destination:            system_i/mem_smc/inst/m00_nodes/m00_r_node/inst/inst_mi_handler/gen_normal_area.inst_fifo_node_payld/gen_xpm_memory_fifo.inst_fifo/gen_mem_rep[0].inst_xpm_memory/xpm_memory_base_inst/gen_wr_a.gen_word_narrow.mem_reg_0_31_126_139/RAMD_D1/I
                            (rising edge-triggered cell RAMD32 clocked by clk_pl_0  {rise@0.000ns fall@6.667ns period=13.333ns})
  Path Group:             clk_pl_0
  Path Type:              Hold (Min at Slow Process Corner)
  Requirement:            0.000ns  (clk_pl_0 rise@0.000ns - clk_pl_0 rise@0.000ns)
  Data Path Delay:        0.143ns  (logic 0.059ns (41.259%)  route 0.084ns (58.741%))
  Logic Levels:           0  
  Clock Path Skew:        0.074ns (DCD - SCD - CPR)
    Destination Clock Delay (DCD):    2.005ns
    Source Clock Delay      (SCD):    1.724ns
    Clock Pessimism Removal (CPR):    0.207ns
  Clock Net Delay (Source):      1.556ns (routing 0.512ns, distribution 1.044ns)
  Clock Net Delay (Destination): 1.797ns (routing 0.569ns, distribution 1.228ns)

    Location             Delay type                Incr(ns)  Path(ns)    Netlist Resource(s)
  -------------------------------------------------------------------    -------------------
                         (clock clk_pl_0 rise edge)
                                                      0.000     0.000 r  <hidden>
    PS8_X0Y0             PS8                          0.000     0.000 r  system_i/zynq_ultra_ps_e_0/inst/PS8_i/PLCLK[0]
                         net (fo=1, routed)           0.143     0.143    system_i/zynq_ultra_ps_e_0/inst/pl_clk_unbuffered[0]
    BUFG_PS_X0Y80        BUFG_PS (Prop_BUFG_PS_I_O)
                                                      0.025     0.168 r  system_i/zynq_ultra_ps_e_0/inst/buffer_pl_clk_0.PL_CLK_0_BUFG/O
    X1Y2 (CLOCK_ROOT)    net (fo=13924, routed)       1.556     1.724    system_i/mem_smc/inst/m00_exit_pipeline/m00_exit/inst/r_reg/aclk
    SLICE_X54Y125        FDRE                                         r  system_i/mem_smc/inst/m00_exit_pipeline/m00_exit/inst/r_reg/m_vector_i_reg[1171]/C
  -------------------------------------------------------------------    -------------------
    SLICE_X54Y125        FDRE (Prop_CFF2_SLICEM_C_Q)
                                                      0.059     1.783 r  system_i/mem_smc/inst/m00_exit_pipeline/m00_exit/inst/r_reg/m_vector_i_reg[1171]/Q
                         net (fo=1, routed)           0.084     1.867    system_i/mem_smc/inst/m00_nodes/m00_r_node/inst/inst_mi_handler/gen_normal_area.inst_fifo_node_payld/gen_xpm_memory_fifo.inst_fifo/gen_mem_rep[0].inst_xpm_memory/xpm_memory_base_inst/gen_wr_a.gen_word_narrow.mem_reg_0_31_126_139/DID1
    SLICE_X54Y127        RAMD32                                       r  system_i/mem_smc/inst/m00_nodes/m00_r_node/inst/inst_mi_handler/gen_normal_area.inst_fifo_node_payld/gen_xpm_memory_fifo.inst_fifo/gen_mem_rep[0].inst_xpm_memory/xpm_memory_base_inst/gen_wr_a.gen_word_narrow.mem_reg_0_31_126_139/RAMD_D1/I
  -------------------------------------------------------------------    -------------------

                         (clock clk_pl_0 rise edge)
                                                      0.000     0.000 r  <hidden>
    PS8_X0Y0             PS8                          0.000     0.000 r  system_i/zynq_ultra_ps_e_0/inst/PS8_i/PLCLK[0]
                         net (fo=1, routed)           0.180     0.180    system_i/zynq_ultra_ps_e_0/inst/pl_clk_unbuffered[0]
    BUFG_PS_X0Y80        BUFG_PS (Prop_BUFG_PS_I_O)
                                                      0.028     0.208 r  system_i/zynq_ultra_ps_e_0/inst/buffer_pl_clk_0.PL_CLK_0_BUFG/O
    X1Y2 (CLOCK_ROOT)    net (fo=13924, routed)       1.797     2.005    system_i/mem_smc/inst/m00_nodes/m00_r_node/inst/inst_mi_handler/gen_normal_area.inst_fifo_node_payld/gen_xpm_memory_fifo.inst_fifo/gen_mem_rep[0].inst_xpm_memory/xpm_memory_base_inst/gen_wr_a.gen_word_narrow.mem_reg_0_31_126_139/WCLK
    SLICE_X54Y127        RAMD32                                       r  system_i/mem_smc/inst/m00_nodes/m00_r_node/inst/inst_mi_handler/gen_normal_area.inst_fifo_node_payld/gen_xpm_memory_fifo.inst_fifo/gen_mem_rep[0].inst_xpm_memory/xpm_memory_base_inst/gen_wr_a.gen_word_narrow.mem_reg_0_31_126_139/RAMD_D1/CLK
                         clock pessimism             -0.207     1.798    <hidden>
    SLICE_X54Y127        RAMD32 (Hold_D6LUT_SLICEM_CLK_I)
                                                      0.059     1.857    system_i/mem_smc/inst/m00_nodes/m00_r_node/inst/inst_mi_handler/gen_normal_area.inst_fifo_node_payld/gen_xpm_memory_fifo.inst_fifo/gen_mem_rep[0].inst_xpm_memory/xpm_memory_base_inst/gen_wr_a.gen_word_narrow.mem_reg_0_31_126_139/RAMD_D1
  -------------------------------------------------------------------
                         required time                         -1.857    <hidden>
                         arrival time                           1.867    <hidden>
  -------------------------------------------------------------------
                         slack                                  0.010    <hidden>

Slack (MET) :             0.010ns  (arrival time - required time)
  Source:                 system_i/axi_dma_0/U0/I_PRMRY_DATAMOVER/GEN_MM2S_FULL.I_MM2S_FULL_WRAPPER/I_CMD_STATUS/I_CMD_FIFO/USE_SINGLE_REG.sig_regfifo_dout_reg_reg[53]/C
                            (rising edge-triggered cell FDRE clocked by clk_pl_0  {rise@0.000ns fall@6.667ns period=13.333ns})
  Destination:            system_i/axi_dma_0/U0/I_PRMRY_DATAMOVER/GEN_MM2S_FULL.I_MM2S_FULL_WRAPPER/I_MSTR_PCC/sig_addr_cntr_lsh_kh_reg[18]/D
                            (rising edge-triggered cell FDRE clocked by clk_pl_0  {rise@0.000ns fall@6.667ns period=13.333ns})
  Path Group:             clk_pl_0
  Path Type:              Hold (Min at Slow Process Corner)
  Requirement:            0.000ns  (clk_pl_0 rise@0.000ns - clk_pl_0 rise@0.000ns)
  Data Path Delay:        0.166ns  (logic 0.058ns (34.937%)  route 0.108ns (65.063%))
  Logic Levels:           0  
  Clock Path Skew:        0.094ns (DCD - SCD - CPR)
    Destination Clock Delay (DCD):    1.991ns
    Source Clock Delay      (SCD):    1.733ns
    Clock Pessimism Removal (CPR):    0.164ns
  Clock Net Delay (Source):      1.565ns (routing 0.512ns, distribution 1.053ns)
  Clock Net Delay (Destination): 1.783ns (routing 0.569ns, distribution 1.214ns)

    Location             Delay type                Incr(ns)  Path(ns)    Netlist Resource(s)
  -------------------------------------------------------------------    -------------------
                         (clock clk_pl_0 rise edge)
                                                      0.000     0.000 r  <hidden>
    PS8_X0Y0             PS8                          0.000     0.000 r  system_i/zynq_ultra_ps_e_0/inst/PS8_i/PLCLK[0]
                         net (fo=1, routed)           0.143     0.143    system_i/zynq_ultra_ps_e_0/inst/pl_clk_unbuffered[0]
    BUFG_PS_X0Y80        BUFG_PS (Prop_BUFG_PS_I_O)
                                                      0.025     0.168 r  system_i/zynq_ultra_ps_e_0/inst/buffer_pl_clk_0.PL_CLK_0_BUFG/O
    X1Y2 (CLOCK_ROOT)    net (fo=13924, routed)       1.565     1.733    system_i/axi_dma_0/U0/I_PRMRY_DATAMOVER/GEN_MM2S_FULL.I_MM2S_FULL_WRAPPER/I_CMD_STATUS/I_CMD_FIFO/m_axi_mm2s_aclk
    SLICE_X56Y114        FDRE                                         r  system_i/axi_dma_0/U0/I_PRMRY_DATAMOVER/GEN_MM2S_FULL.I_MM2S_FULL_WRAPPER/I_CMD_STATUS/I_CMD_FIFO/USE_SINGLE_REG.sig_regfifo_dout_reg_reg[53]/C
  -------------------------------------------------------------------    -------------------
    SLICE_X56Y114        FDRE (Prop_AFF_SLICEM_C_Q)
                                                      0.058     1.791 r  system_i/axi_dma_0/U0/I_PRMRY_DATAMOVER/GEN_MM2S_FULL.I_MM2S_FULL_WRAPPER/I_CMD_STATUS/I_CMD_FIFO/USE_SINGLE_REG.sig_regfifo_dout_reg_reg[53]/Q
                         net (fo=2, routed)           0.108     1.899    system_i/axi_dma_0/U0/I_PRMRY_DATAMOVER/GEN_MM2S_FULL.I_MM2S_FULL_WRAPPER/I_MSTR_PCC/Q[46]
    SLICE_X55Y113        FDRE                                         r  system_i/axi_dma_0/U0/I_PRMRY_DATAMOVER/GEN_MM2S_FULL.I_MM2S_FULL_WRAPPER/I_MSTR_PCC/sig_addr_cntr_lsh_kh_reg[18]/D
  -------------------------------------------------------------------    -------------------

                         (clock clk_pl_0 rise edge)
                                                      0.000     0.000 r  <hidden>
    PS8_X0Y0             PS8                          0.000     0.000 r  system_i/zynq_ultra_ps_e_0/inst/PS8_i/PLCLK[0]
                         net (fo=1, routed)           0.180     0.180    system_i/zynq_ultra_ps_e_0/inst/pl_clk_unbuffered[0]
    BUFG_PS_X0Y80        BUFG_PS (Prop_BUFG_PS_I_O)
                                                      0.028     0.208 r  system_i/zynq_ultra_ps_e_0/inst/buffer_pl_clk_0.PL_CLK_0_BUFG/O
    X1Y2 (CLOCK_ROOT)    net (fo=13924, routed)       1.783     1.991    system_i/axi_dma_0/U0/I_PRMRY_DATAMOVER/GEN_MM2S_FULL.I_MM2S_FULL_WRAPPER/I_MSTR_PCC/m_axi_mm2s_aclk
    SLICE_X55Y113        FDRE                                         r  system_i/axi_dma_0/U0/I_PRMRY_DATAMOVER/GEN_MM2S_FULL.I_MM2S_FULL_WRAPPER/I_MSTR_PCC/sig_addr_cntr_lsh_kh_reg[18]/C
                         clock pessimism             -0.164     1.827    <hidden>
    SLICE_X55Y113        FDRE (Hold_DFF2_SLICEL_C_D)
                                                      0.062     1.889    system_i/axi_dma_0/U0/I_PRMRY_DATAMOVER/GEN_MM2S_FULL.I_MM2S_FULL_WRAPPER/I_MSTR_PCC/sig_addr_cntr_lsh_kh_reg[18]
  -------------------------------------------------------------------
                         required time                         -1.889    <hidden>
                         arrival time                           1.899    <hidden>
  -------------------------------------------------------------------
                         slack                                  0.010    <hidden>

Slack (MET) :             0.010ns  (arrival time - required time)
  Source:                 system_i/mem_smc/inst/s01_entry_pipeline/s01_transaction_regulator/inst/gen_endpoint.gen_w_singleorder.w_singleorder/gen_cmd_reg.cmd_reg/m_vector_i_reg[1126]/C
                            (rising edge-triggered cell FDRE clocked by clk_pl_0  {rise@0.000ns fall@6.667ns period=13.333ns})
  Destination:            system_i/mem_smc/inst/s01_nodes/s01_aw_node/inst/inst_mi_handler/gen_normal_area.inst_fifo_node_payld/gen_xpm_memory_fifo.inst_fifo/gen_mem_rep[0].inst_xpm_memory/xpm_memory_base_inst/gen_wr_a.gen_word_narrow.mem_reg_0_31_0_13/RAMB/I
                            (rising edge-triggered cell RAMD32 clocked by clk_pl_0  {rise@0.000ns fall@6.667ns period=13.333ns})
  Path Group:             clk_pl_0
  Path Type:              Hold (Min at Slow Process Corner)
  Requirement:            0.000ns  (clk_pl_0 rise@0.000ns - clk_pl_0 rise@0.000ns)
  Data Path Delay:        0.190ns  (logic 0.061ns (32.159%)  route 0.129ns (67.841%))
  Logic Levels:           0  
  Clock Path Skew:        0.101ns (DCD - SCD - CPR)
    Destination Clock Delay (DCD):    2.026ns
    Source Clock Delay      (SCD):    1.756ns
    Clock Pessimism Removal (CPR):    0.168ns
  Clock Net Delay (Source):      1.588ns (routing 0.512ns, distribution 1.076ns)
  Clock Net Delay (Destination): 1.818ns (routing 0.569ns, distribution 1.249ns)

    Location             Delay type                Incr(ns)  Path(ns)    Netlist Resource(s)
  -------------------------------------------------------------------    -------------------
                         (clock clk_pl_0 rise edge)
                                                      0.000     0.000 r  <hidden>
    PS8_X0Y0             PS8                          0.000     0.000 r  system_i/zynq_ultra_ps_e_0/inst/PS8_i/PLCLK[0]
                         net (fo=1, routed)           0.143     0.143    system_i/zynq_ultra_ps_e_0/inst/pl_clk_unbuffered[0]
    BUFG_PS_X0Y80        BUFG_PS (Prop_BUFG_PS_I_O)
                                                      0.025     0.168 r  system_i/zynq_ultra_ps_e_0/inst/buffer_pl_clk_0.PL_CLK_0_BUFG/O
    X1Y2 (CLOCK_ROOT)    net (fo=13924, routed)       1.588     1.756    system_i/mem_smc/inst/s01_entry_pipeline/s01_transaction_regulator/inst/gen_endpoint.gen_w_singleorder.w_singleorder/gen_cmd_reg.cmd_reg/aclk
    SLICE_X58Y54         FDRE                                         r  system_i/mem_smc/inst/s01_entry_pipeline/s01_transaction_regulator/inst/gen_endpoint.gen_w_singleorder.w_singleorder/gen_cmd_reg.cmd_reg/m_vector_i_reg[1126]/C
  -------------------------------------------------------------------    -------------------
    SLICE_X58Y54         FDRE (Prop_DFF2_SLICEL_C_Q)
                                                      0.061     1.817 r  system_i/mem_smc/inst/s01_entry_pipeline/s01_transaction_regulator/inst/gen_endpoint.gen_w_singleorder.w_singleorder/gen_cmd_reg.cmd_reg/m_vector_i_reg[1126]/Q
                         net (fo=4, routed)           0.129     1.946    system_i/mem_smc/inst/s01_nodes/s01_aw_node/inst/inst_mi_handler/gen_normal_area.inst_fifo_node_payld/gen_xpm_memory_fifo.inst_fifo/gen_mem_rep[0].inst_xpm_memory/xpm_memory_base_inst/gen_wr_a.gen_word_narrow.mem_reg_0_31_0_13/DIB0
    SLICE_X56Y55         RAMD32                                       r  system_i/mem_smc/inst/s01_nodes/s01_aw_node/inst/inst_mi_handler/gen_normal_area.inst_fifo_node_payld/gen_xpm_memory_fifo.inst_fifo/gen_mem_rep[0].inst_xpm_memory/xpm_memory_base_inst/gen_wr_a.gen_word_narrow.mem_reg_0_31_0_13/RAMB/I
  -------------------------------------------------------------------    -------------------

                         (clock clk_pl_0 rise edge)
                                                      0.000     0.000 r  <hidden>
    PS8_X0Y0             PS8                          0.000     0.000 r  system_i/zynq_ultra_ps_e_0/inst/PS8_i/PLCLK[0]
                         net (fo=1, routed)           0.180     0.180    system_i/zynq_ultra_ps_e_0/inst/pl_clk_unbuffered[0]
    BUFG_PS_X0Y80        BUFG_PS (Prop_BUFG_PS_I_O)
                                                      0.028     0.208 r  system_i/zynq_ultra_ps_e_0/inst/buffer_pl_clk_0.PL_CLK_0_BUFG/O
    X1Y2 (CLOCK_ROOT)    net (fo=13924, routed)       1.818     2.026    system_i/mem_smc/inst/s01_nodes/s01_aw_node/inst/inst_mi_handler/gen_normal_area.inst_fifo_node_payld/gen_xpm_memory_fifo.inst_fifo/gen_mem_rep[0].inst_xpm_memory/xpm_memory_base_inst/gen_wr_a.gen_word_narrow.mem_reg_0_31_0_13/WCLK
    SLICE_X56Y55         RAMD32                                       r  system_i/mem_smc/inst/s01_nodes/s01_aw_node/inst/inst_mi_handler/gen_normal_area.inst_fifo_node_payld/gen_xpm_memory_fifo.inst_fifo/gen_mem_rep[0].inst_xpm_memory/xpm_memory_base_inst/gen_wr_a.gen_word_narrow.mem_reg_0_31_0_13/RAMB/CLK
                         clock pessimism             -0.168     1.858    <hidden>
    SLICE_X56Y55         RAMD32 (Hold_B5LUT_SLICEM_CLK_I)
                                                      0.078     1.936    system_i/mem_smc/inst/s01_nodes/s01_aw_node/inst/inst_mi_handler/gen_normal_area.inst_fifo_node_payld/gen_xpm_memory_fifo.inst_fifo/gen_mem_rep[0].inst_xpm_memory/xpm_memory_base_inst/gen_wr_a.gen_word_narrow.mem_reg_0_31_0_13/RAMB
  -------------------------------------------------------------------
                         required time                         -1.936    <hidden>
                         arrival time                           1.946    <hidden>
  -------------------------------------------------------------------
                         slack                                  0.010    <hidden>

Slack (MET) :             0.011ns  (arrival time - required time)
  Source:                 system_i/mem_smc/inst/switchboards/r_switchboard/inst/gen_mi[0].inst_opipe_payld/gen_pipe[1].pipe_reg[1][89]/C
                            (rising edge-triggered cell FDRE clocked by clk_pl_0  {rise@0.000ns fall@6.667ns period=13.333ns})
  Destination:            system_i/mem_smc/inst/s00_nodes/s00_r_node/inst/inst_mi_handler/gen_normal_area.inst_fifo_node_payld/gen_xpm_memory_fifo.inst_fifo/gen_mem_rep[0].inst_xpm_memory/xpm_memory_base_inst/gen_wr_a.gen_word_narrow.mem_reg_0_31_84_97/RAMC_D1/I
                            (rising edge-triggered cell RAMD32 clocked by clk_pl_0  {rise@0.000ns fall@6.667ns period=13.333ns})
  Path Group:             clk_pl_0
  Path Type:              Hold (Min at Slow Process Corner)
  Requirement:            0.000ns  (clk_pl_0 rise@0.000ns - clk_pl_0 rise@0.000ns)
  Data Path Delay:        0.146ns  (logic 0.059ns (40.411%)  route 0.087ns (59.589%))
  Logic Levels:           0  
  Clock Path Skew:        0.075ns (DCD - SCD - CPR)
    Destination Clock Delay (DCD):    1.995ns
    Source Clock Delay      (SCD):    1.712ns
    Clock Pessimism Removal (CPR):    0.207ns
  Clock Net Delay (Source):      1.544ns (routing 0.512ns, distribution 1.032ns)
  Clock Net Delay (Destination): 1.787ns (routing 0.569ns, distribution 1.218ns)

    Location             Delay type                Incr(ns)  Path(ns)    Netlist Resource(s)
  -------------------------------------------------------------------    -------------------
                         (clock clk_pl_0 rise edge)
                                                      0.000     0.000 r  <hidden>
    PS8_X0Y0             PS8                          0.000     0.000 r  system_i/zynq_ultra_ps_e_0/inst/PS8_i/PLCLK[0]
                         net (fo=1, routed)           0.143     0.143    system_i/zynq_ultra_ps_e_0/inst/pl_clk_unbuffered[0]
    BUFG_PS_X0Y80        BUFG_PS (Prop_BUFG_PS_I_O)
                                                      0.025     0.168 r  system_i/zynq_ultra_ps_e_0/inst/buffer_pl_clk_0.PL_CLK_0_BUFG/O
    X1Y2 (CLOCK_ROOT)    net (fo=13924, routed)       1.544     1.712    system_i/mem_smc/inst/switchboards/r_switchboard/inst/gen_mi[0].inst_opipe_payld/aclk
    SLICE_X54Y138        FDRE                                         r  system_i/mem_smc/inst/switchboards/r_switchboard/inst/gen_mi[0].inst_opipe_payld/gen_pipe[1].pipe_reg[1][89]/C
  -------------------------------------------------------------------    -------------------
    SLICE_X54Y138        FDRE (Prop_CFF2_SLICEM_C_Q)
                                                      0.059     1.771 r  system_i/mem_smc/inst/switchboards/r_switchboard/inst/gen_mi[0].inst_opipe_payld/gen_pipe[1].pipe_reg[1][89]/Q
                         net (fo=1, routed)           0.087     1.858    system_i/mem_smc/inst/s00_nodes/s00_r_node/inst/inst_mi_handler/gen_normal_area.inst_fifo_node_payld/gen_xpm_memory_fifo.inst_fifo/gen_mem_rep[0].inst_xpm_memory/xpm_memory_base_inst/gen_wr_a.gen_word_narrow.mem_reg_0_31_84_97/DIC1
    SLICE_X54Y140        RAMD32                                       r  system_i/mem_smc/inst/s00_nodes/s00_r_node/inst/inst_mi_handler/gen_normal_area.inst_fifo_node_payld/gen_xpm_memory_fifo.inst_fifo/gen_mem_rep[0].inst_xpm_memory/xpm_memory_base_inst/gen_wr_a.gen_word_narrow.mem_reg_0_31_84_97/RAMC_D1/I
  -------------------------------------------------------------------    -------------------

                         (clock clk_pl_0 rise edge)
                                                      0.000     0.000 r  <hidden>
    PS8_X0Y0             PS8                          0.000     0.000 r  system_i/zynq_ultra_ps_e_0/inst/PS8_i/PLCLK[0]
                         net (fo=1, routed)           0.180     0.180    system_i/zynq_ultra_ps_e_0/inst/pl_clk_unbuffered[0]
    BUFG_PS_X0Y80        BUFG_PS (Prop_BUFG_PS_I_O)
                                                      0.028     0.208 r  system_i/zynq_ultra_ps_e_0/inst/buffer_pl_clk_0.PL_CLK_0_BUFG/O
    X1Y2 (CLOCK_ROOT)    net (fo=13924, routed)       1.787     1.995    system_i/mem_smc/inst/s00_nodes/s00_r_node/inst/inst_mi_handler/gen_normal_area.inst_fifo_node_payld/gen_xpm_memory_fifo.inst_fifo/gen_mem_rep[0].inst_xpm_memory/xpm_memory_base_inst/gen_wr_a.gen_word_narrow.mem_reg_0_31_84_97/WCLK
    SLICE_X54Y140        RAMD32                                       r  system_i/mem_smc/inst/s00_nodes/s00_r_node/inst/inst_mi_handler/gen_normal_area.inst_fifo_node_payld/gen_xpm_memory_fifo.inst_fifo/gen_mem_rep[0].inst_xpm_memory/xpm_memory_base_inst/gen_wr_a.gen_word_narrow.mem_reg_0_31_84_97/RAMC_D1/CLK
                         clock pessimism             -0.207     1.787    <hidden>
    SLICE_X54Y140        RAMD32 (Hold_C6LUT_SLICEM_CLK_I)
                                                      0.060     1.847    system_i/mem_smc/inst/s00_nodes/s00_r_node/inst/inst_mi_handler/gen_normal_area.inst_fifo_node_payld/gen_xpm_memory_fifo.inst_fifo/gen_mem_rep[0].inst_xpm_memory/xpm_memory_base_inst/gen_wr_a.gen_word_narrow.mem_reg_0_31_84_97/RAMC_D1
  -------------------------------------------------------------------
                         required time                         -1.847    <hidden>
                         arrival time                           1.858    <hidden>
  -------------------------------------------------------------------
                         slack                                  0.011    <hidden>

Slack (MET) :             0.011ns  (arrival time - required time)
  Source:                 system_i/mem_smc/inst/m00_nodes/m00_r_node/inst/inst_mi_handler/gen_normal_area.inst_fifo_node_payld/gen_xpm_memory_fifo.inst_fifo/gen_mem_rep[0].inst_xpm_memory/xpm_memory_base_inst/gen_rd_b.gen_rd_b_synth_template.gen_rf_narrow_reg.doutb_reg_reg[129]/C
                            (rising edge-triggered cell FDRE clocked by clk_pl_0  {rise@0.000ns fall@6.667ns period=13.333ns})
  Destination:            system_i/mem_smc/inst/switchboards/r_switchboard/inst/gen_mi[0].inst_opipe_payld/gen_pipe[1].pipe_reg[1][129]/D
                            (rising edge-triggered cell FDRE clocked by clk_pl_0  {rise@0.000ns fall@6.667ns period=13.333ns})
  Path Group:             clk_pl_0
  Path Type:              Hold (Min at Slow Process Corner)
  Requirement:            0.000ns  (clk_pl_0 rise@0.000ns - clk_pl_0 rise@0.000ns)
  Data Path Delay:        0.155ns  (logic 0.058ns (37.419%)  route 0.097ns (62.581%))
  Logic Levels:           0  
  Clock Path Skew:        0.084ns (DCD - SCD - CPR)
    Destination Clock Delay (DCD):    1.966ns
    Source Clock Delay      (SCD):    1.724ns
    Clock Pessimism Removal (CPR):    0.158ns
  Clock Net Delay (Source):      1.556ns (routing 0.512ns, distribution 1.044ns)
  Clock Net Delay (Destination): 1.758ns (routing 0.569ns, distribution 1.189ns)

    Location             Delay type                Incr(ns)  Path(ns)    Netlist Resource(s)
  -------------------------------------------------------------------    -------------------
                         (clock clk_pl_0 rise edge)
                                                      0.000     0.000 r  <hidden>
    PS8_X0Y0             PS8                          0.000     0.000 r  system_i/zynq_ultra_ps_e_0/inst/PS8_i/PLCLK[0]
                         net (fo=1, routed)           0.143     0.143    system_i/zynq_ultra_ps_e_0/inst/pl_clk_unbuffered[0]
    BUFG_PS_X0Y80        BUFG_PS (Prop_BUFG_PS_I_O)
                                                      0.025     0.168 r  system_i/zynq_ultra_ps_e_0/inst/buffer_pl_clk_0.PL_CLK_0_BUFG/O
    X1Y2 (CLOCK_ROOT)    net (fo=13924, routed)       1.556     1.724    system_i/mem_smc/inst/m00_nodes/m00_r_node/inst/inst_mi_handler/gen_normal_area.inst_fifo_node_payld/gen_xpm_memory_fifo.inst_fifo/gen_mem_rep[0].inst_xpm_memory/xpm_memory_base_inst/clka
    SLICE_X54Y127        FDRE                                         r  system_i/mem_smc/inst/m00_nodes/m00_r_node/inst/inst_mi_handler/gen_normal_area.inst_fifo_node_payld/gen_xpm_memory_fifo.inst_fifo/gen_mem_rep[0].inst_xpm_memory/xpm_memory_base_inst/gen_rd_b.gen_rd_b_synth_template.gen_rf_narrow_reg.doutb_reg_reg[129]/C
  -------------------------------------------------------------------    -------------------
    SLICE_X54Y127        FDRE (Prop_BFF_SLICEM_C_Q)
                                                      0.058     1.782 r  system_i/mem_smc/inst/m00_nodes/m00_r_node/inst/inst_mi_handler/gen_normal_area.inst_fifo_node_payld/gen_xpm_memory_fifo.inst_fifo/gen_mem_rep[0].inst_xpm_memory/xpm_memory_base_inst/gen_rd_b.gen_rd_b_synth_template.gen_rf_narrow_reg.doutb_reg_reg[129]/Q
                         net (fo=1, routed)           0.097     1.879    system_i/mem_smc/inst/switchboards/r_switchboard/inst/gen_mi[0].inst_opipe_payld/s_sc_payld[115]
    SLICE_X56Y127        FDRE                                         r  system_i/mem_smc/inst/switchboards/r_switchboard/inst/gen_mi[0].inst_opipe_payld/gen_pipe[1].pipe_reg[1][129]/D
  -------------------------------------------------------------------    -------------------

                         (clock clk_pl_0 rise edge)
                                                      0.000     0.000 r  <hidden>
    PS8_X0Y0             PS8                          0.000     0.000 r  system_i/zynq_ultra_ps_e_0/inst/PS8_i/PLCLK[0]
                         net (fo=1, routed)           0.180     0.180    system_i/zynq_ultra_ps_e_0/inst/pl_clk_unbuffered[0]
    BUFG_PS_X0Y80        BUFG_PS (Prop_BUFG_PS_I_O)
                                                      0.028     0.208 r  system_i/zynq_ultra_ps_e_0/inst/buffer_pl_clk_0.PL_CLK_0_BUFG/O
    X1Y2 (CLOCK_ROOT)    net (fo=13924, routed)       1.758     1.966    system_i/mem_smc/inst/switchboards/r_switchboard/inst/gen_mi[0].inst_opipe_payld/aclk
    SLICE_X56Y127        FDRE                                         r  system_i/mem_smc/inst/switchboards/r_switchboard/inst/gen_mi[0].inst_opipe_payld/gen_pipe[1].pipe_reg[1][129]/C
                         clock pessimism             -0.158     1.808    <hidden>
    SLICE_X56Y127        FDRE (Hold_AFF_SLICEM_C_D)
                                                      0.060     1.868    system_i/mem_smc/inst/switchboards/r_switchboard/inst/gen_mi[0].inst_opipe_payld/gen_pipe[1].pipe_reg[1][129]
  -------------------------------------------------------------------
                         required time                         -1.868    <hidden>
                         arrival time                           1.879    <hidden>
  -------------------------------------------------------------------
                         slack                                  0.011    <hidden>

Slack (MET) :             0.011ns  (arrival time - required time)
  Source:                 system_i/mem_smc/inst/m00_nodes/m00_r_node/inst/inst_mi_handler/gen_normal_area.inst_fifo_node_payld/gen_xpm_memory_fifo.inst_fifo/gen_mem_rep[0].inst_xpm_memory/xpm_memory_base_inst/gen_rd_b.gen_rd_b_synth_template.gen_rf_narrow_reg.doutb_reg_reg[134]/C
                            (rising edge-triggered cell FDRE clocked by clk_pl_0  {rise@0.000ns fall@6.667ns period=13.333ns})
  Destination:            system_i/mem_smc/inst/switchboards/r_switchboard/inst/gen_mi[0].inst_opipe_payld/gen_pipe[1].pipe_reg[1][134]/D
                            (rising edge-triggered cell FDRE clocked by clk_pl_0  {rise@0.000ns fall@6.667ns period=13.333ns})
  Path Group:             clk_pl_0
  Path Type:              Hold (Min at Slow Process Corner)
  Requirement:            0.000ns  (clk_pl_0 rise@0.000ns - clk_pl_0 rise@0.000ns)
  Data Path Delay:        0.156ns  (logic 0.060ns (38.462%)  route 0.096ns (61.538%))
  Logic Levels:           0  
  Clock Path Skew:        0.085ns (DCD - SCD - CPR)
    Destination Clock Delay (DCD):    1.966ns
    Source Clock Delay      (SCD):    1.723ns
    Clock Pessimism Removal (CPR):    0.158ns
  Clock Net Delay (Source):      1.555ns (routing 0.512ns, distribution 1.043ns)
  Clock Net Delay (Destination): 1.758ns (routing 0.569ns, distribution 1.189ns)

    Location             Delay type                Incr(ns)  Path(ns)    Netlist Resource(s)
  -------------------------------------------------------------------    -------------------
                         (clock clk_pl_0 rise edge)
                                                      0.000     0.000 r  <hidden>
    PS8_X0Y0             PS8                          0.000     0.000 r  system_i/zynq_ultra_ps_e_0/inst/PS8_i/PLCLK[0]
                         net (fo=1, routed)           0.143     0.143    system_i/zynq_ultra_ps_e_0/inst/pl_clk_unbuffered[0]
    BUFG_PS_X0Y80        BUFG_PS (Prop_BUFG_PS_I_O)
                                                      0.025     0.168 r  system_i/zynq_ultra_ps_e_0/inst/buffer_pl_clk_0.PL_CLK_0_BUFG/O
    X1Y2 (CLOCK_ROOT)    net (fo=13924, routed)       1.555     1.723    system_i/mem_smc/inst/m00_nodes/m00_r_node/inst/inst_mi_handler/gen_normal_area.inst_fifo_node_payld/gen_xpm_memory_fifo.inst_fifo/gen_mem_rep[0].inst_xpm_memory/xpm_memory_base_inst/clka
    SLICE_X54Y127        FDRE                                         r  system_i/mem_smc/inst/m00_nodes/m00_r_node/inst/inst_mi_handler/gen_normal_area.inst_fifo_node_payld/gen_xpm_memory_fifo.inst_fifo/gen_mem_rep[0].inst_xpm_memory/xpm_memory_base_inst/gen_rd_b.gen_rd_b_synth_template.gen_rf_narrow_reg.doutb_reg_reg[134]/C
  -------------------------------------------------------------------    -------------------
    SLICE_X54Y127        FDRE (Prop_EFF2_SLICEM_C_Q)
                                                      0.060     1.783 r  system_i/mem_smc/inst/m00_nodes/m00_r_node/inst/inst_mi_handler/gen_normal_area.inst_fifo_node_payld/gen_xpm_memory_fifo.inst_fifo/gen_mem_rep[0].inst_xpm_memory/xpm_memory_base_inst/gen_rd_b.gen_rd_b_synth_template.gen_rf_narrow_reg.doutb_reg_reg[134]/Q
                         net (fo=1, routed)           0.096     1.879    system_i/mem_smc/inst/switchboards/r_switchboard/inst/gen_mi[0].inst_opipe_payld/s_sc_payld[120]
    SLICE_X56Y127        FDRE                                         r  system_i/mem_smc/inst/switchboards/r_switchboard/inst/gen_mi[0].inst_opipe_payld/gen_pipe[1].pipe_reg[1][134]/D
  -------------------------------------------------------------------    -------------------

                         (clock clk_pl_0 rise edge)
                                                      0.000     0.000 r  <hidden>
    PS8_X0Y0             PS8                          0.000     0.000 r  system_i/zynq_ultra_ps_e_0/inst/PS8_i/PLCLK[0]
                         net (fo=1, routed)           0.180     0.180    system_i/zynq_ultra_ps_e_0/inst/pl_clk_unbuffered[0]
    BUFG_PS_X0Y80        BUFG_PS (Prop_BUFG_PS_I_O)
                                                      0.028     0.208 r  system_i/zynq_ultra_ps_e_0/inst/buffer_pl_clk_0.PL_CLK_0_BUFG/O
    X1Y2 (CLOCK_ROOT)    net (fo=13924, routed)       1.758     1.966    system_i/mem_smc/inst/switchboards/r_switchboard/inst/gen_mi[0].inst_opipe_payld/aclk
    SLICE_X56Y127        FDRE                                         r  system_i/mem_smc/inst/switchboards/r_switchboard/inst/gen_mi[0].inst_opipe_payld/gen_pipe[1].pipe_reg[1][134]/C
                         clock pessimism             -0.158     1.808    <hidden>
    SLICE_X56Y127        FDRE (Hold_CFF_SLICEM_C_D)
                                                      0.060     1.868    system_i/mem_smc/inst/switchboards/r_switchboard/inst/gen_mi[0].inst_opipe_payld/gen_pipe[1].pipe_reg[1][134]
  -------------------------------------------------------------------
                         required time                         -1.868    <hidden>
                         arrival time                           1.879    <hidden>
  -------------------------------------------------------------------
                         slack                                  0.011    <hidden>





Pulse Width Checks
--------------------------------------------------------------------------------------
Clock Name:         clk_pl_0
Waveform(ns):       { 0.000 6.667 }
Period(ns):         13.333
Sources:            { system_i/zynq_ultra_ps_e_0/inst/PS8_i/PLCLK[0] }

Check Type        Corner  Lib Pin             Reference Pin  Required(ns)  Actual(ns)  Slack(ns)  Location      Pin
Min Period        n/a     PS8/MAXIGP0ACLK     n/a            3.000         13.333      10.333     PS8_X0Y0      system_i/zynq_ultra_ps_e_0/inst/PS8_i/MAXIGP0ACLK
Min Period        n/a     PS8/SAXIGP2RCLK     n/a            3.000         13.333      10.333     PS8_X0Y0      system_i/zynq_ultra_ps_e_0/inst/PS8_i/SAXIGP2RCLK
Min Period        n/a     PS8/SAXIGP2WCLK     n/a            3.000         13.333      10.333     PS8_X0Y0      system_i/zynq_ultra_ps_e_0/inst/PS8_i/SAXIGP2WCLK
Min Period        n/a     RAMB36E2/CLKARDCLK  n/a            1.355         13.333      11.978     RAMB36_X1Y29  system_i/axi_dma_0/U0/I_PRMRY_DATAMOVER/GEN_MM2S_FULL.I_MM2S_FULL_WRAPPER/GEN_INCLUDE_MM2S_SF.I_RD_SF/I_DATA_FIFO/BLK_MEM.I_SYNC_FIFOGEN_FIFO/xpm_fifo_base_inst/gen_sdpram.xpm_memory_base_inst/gen_wr_a.gen_word_narrow.mem_reg_0/CLKARDCLK
Min Period        n/a     RAMB36E2/CLKBWRCLK  n/a            1.355         13.333      11.978     RAMB36_X1Y29  system_i/axi_dma_0/U0/I_PRMRY_DATAMOVER/GEN_MM2S_FULL.I_MM2S_FULL_WRAPPER/GEN_INCLUDE_MM2S_SF.I_RD_SF/I_DATA_FIFO/BLK_MEM.I_SYNC_FIFOGEN_FIFO/xpm_fifo_base_inst/gen_sdpram.xpm_memory_base_inst/gen_wr_a.gen_word_narrow.mem_reg_0/CLKBWRCLK
Min Period        n/a     RAMB36E2/CLKARDCLK  n/a            1.355         13.333      11.978     RAMB36_X1Y28  system_i/axi_dma_0/U0/I_PRMRY_DATAMOVER/GEN_MM2S_FULL.I_MM2S_FULL_WRAPPER/GEN_INCLUDE_MM2S_SF.I_RD_SF/I_DATA_FIFO/BLK_MEM.I_SYNC_FIFOGEN_FIFO/xpm_fifo_base_inst/gen_sdpram.xpm_memory_base_inst/gen_wr_a.gen_word_narrow.mem_reg_1/CLKARDCLK
Min Period        n/a     RAMB36E2/CLKBWRCLK  n/a            1.355         13.333      11.978     RAMB36_X1Y28  system_i/axi_dma_0/U0/I_PRMRY_DATAMOVER/GEN_MM2S_FULL.I_MM2S_FULL_WRAPPER/GEN_INCLUDE_MM2S_SF.I_RD_SF/I_DATA_FIFO/BLK_MEM.I_SYNC_FIFOGEN_FIFO/xpm_fifo_base_inst/gen_sdpram.xpm_memory_base_inst/gen_wr_a.gen_word_narrow.mem_reg_1/CLKBWRCLK
Min Period        n/a     RAMB18E2/CLKARDCLK  n/a            1.355         13.333      11.978     RAMB18_X0Y96  system_i/axi_dma_0/U0/I_PRMRY_DATAMOVER/GEN_MM2S_FULL.I_MM2S_FULL_WRAPPER/GEN_INCLUDE_MM2S_SF.I_RD_SF/I_DATA_FIFO/BLK_MEM.I_SYNC_FIFOGEN_FIFO/xpm_fifo_base_inst/gen_sdpram.xpm_memory_base_inst/gen_wr_a.gen_word_narrow.mem_reg_2/CLKARDCLK
Min Period        n/a     RAMB18E2/CLKBWRCLK  n/a            1.355         13.333      11.978     RAMB18_X0Y96  system_i/axi_dma_0/U0/I_PRMRY_DATAMOVER/GEN_MM2S_FULL.I_MM2S_FULL_WRAPPER/GEN_INCLUDE_MM2S_SF.I_RD_SF/I_DATA_FIFO/BLK_MEM.I_SYNC_FIFOGEN_FIFO/xpm_fifo_base_inst/gen_sdpram.xpm_memory_base_inst/gen_wr_a.gen_word_narrow.mem_reg_2/CLKBWRCLK
Min Period        n/a     RAMB36E2/CLKARDCLK  n/a            1.355         13.333      11.978     RAMB36_X2Y17  system_i/axi_dma_0/U0/I_PRMRY_DATAMOVER/GEN_S2MM_FULL.I_S2MM_FULL_WRAPPER/GEN_ENABLE_INDET_BTT_SF.I_INDET_BTT/I_DATA_FIFO/BLK_MEM.I_SYNC_FIFOGEN_FIFO/xpm_fifo_base_inst/gen_sdpram.xpm_memory_base_inst/gen_wr_a.gen_word_narrow.mem_reg_0/CLKARDCLK
Low Pulse Width   Slow    PS8/MAXIGP0ACLK     n/a            1.500         6.667       5.167      PS8_X0Y0      system_i/zynq_ultra_ps_e_0/inst/PS8_i/MAXIGP0ACLK
Low Pulse Width   Fast    PS8/MAXIGP0ACLK     n/a            1.500         6.667       5.167      PS8_X0Y0      system_i/zynq_ultra_ps_e_0/inst/PS8_i/MAXIGP0ACLK
Low Pulse Width   Slow    PS8/SAXIGP2RCLK     n/a            1.500         6.667       5.167      PS8_X0Y0      system_i/zynq_ultra_ps_e_0/inst/PS8_i/SAXIGP2RCLK
Low Pulse Width   Fast    PS8/SAXIGP2RCLK     n/a            1.500         6.667       5.167      PS8_X0Y0      system_i/zynq_ultra_ps_e_0/inst/PS8_i/SAXIGP2RCLK
Low Pulse Width   Slow    PS8/SAXIGP2WCLK     n/a            1.500         6.667       5.167      PS8_X0Y0      system_i/zynq_ultra_ps_e_0/inst/PS8_i/SAXIGP2WCLK
Low Pulse Width   Fast    PS8/SAXIGP2WCLK     n/a            1.500         6.667       5.167      PS8_X0Y0      system_i/zynq_ultra_ps_e_0/inst/PS8_i/SAXIGP2WCLK
Low Pulse Width   Slow    RAMB36E2/CLKARDCLK  n/a            0.542         6.666       6.125      RAMB36_X1Y29  system_i/axi_dma_0/U0/I_PRMRY_DATAMOVER/GEN_MM2S_FULL.I_MM2S_FULL_WRAPPER/GEN_INCLUDE_MM2S_SF.I_RD_SF/I_DATA_FIFO/BLK_MEM.I_SYNC_FIFOGEN_FIFO/xpm_fifo_base_inst/gen_sdpram.xpm_memory_base_inst/gen_wr_a.gen_word_narrow.mem_reg_0/CLKARDCLK
Low Pulse Width   Fast    RAMB36E2/CLKARDCLK  n/a            0.542         6.667       6.125      RAMB36_X1Y29  system_i/axi_dma_0/U0/I_PRMRY_DATAMOVER/GEN_MM2S_FULL.I_MM2S_FULL_WRAPPER/GEN_INCLUDE_MM2S_SF.I_RD_SF/I_DATA_FIFO/BLK_MEM.I_SYNC_FIFOGEN_FIFO/xpm_fifo_base_inst/gen_sdpram.xpm_memory_base_inst/gen_wr_a.gen_word_narrow.mem_reg_0/CLKARDCLK
Low Pulse Width   Slow    RAMB36E2/CLKBWRCLK  n/a            0.542         6.667       6.125      RAMB36_X1Y29  system_i/axi_dma_0/U0/I_PRMRY_DATAMOVER/GEN_MM2S_FULL.I_MM2S_FULL_WRAPPER/GEN_INCLUDE_MM2S_SF.I_RD_SF/I_DATA_FIFO/BLK_MEM.I_SYNC_FIFOGEN_FIFO/xpm_fifo_base_inst/gen_sdpram.xpm_memory_base_inst/gen_wr_a.gen_word_narrow.mem_reg_0/CLKBWRCLK
Low Pulse Width   Fast    RAMB36E2/CLKBWRCLK  n/a            0.542         6.667       6.125      RAMB36_X1Y29  system_i/axi_dma_0/U0/I_PRMRY_DATAMOVER/GEN_MM2S_FULL.I_MM2S_FULL_WRAPPER/GEN_INCLUDE_MM2S_SF.I_RD_SF/I_DATA_FIFO/BLK_MEM.I_SYNC_FIFOGEN_FIFO/xpm_fifo_base_inst/gen_sdpram.xpm_memory_base_inst/gen_wr_a.gen_word_narrow.mem_reg_0/CLKBWRCLK
High Pulse Width  Slow    PS8/MAXIGP0ACLK     n/a            1.500         6.666       5.166      PS8_X0Y0      system_i/zynq_ultra_ps_e_0/inst/PS8_i/MAXIGP0ACLK
High Pulse Width  Fast    PS8/MAXIGP0ACLK     n/a            1.500         6.667       5.167      PS8_X0Y0      system_i/zynq_ultra_ps_e_0/inst/PS8_i/MAXIGP0ACLK
High Pulse Width  Slow    PS8/SAXIGP2RCLK     n/a            1.500         6.667       5.167      PS8_X0Y0      system_i/zynq_ultra_ps_e_0/inst/PS8_i/SAXIGP2RCLK
High Pulse Width  Fast    PS8/SAXIGP2RCLK     n/a            1.500         6.666       5.166      PS8_X0Y0      system_i/zynq_ultra_ps_e_0/inst/PS8_i/SAXIGP2RCLK
High Pulse Width  Slow    PS8/SAXIGP2WCLK     n/a            1.500         6.667       5.167      PS8_X0Y0      system_i/zynq_ultra_ps_e_0/inst/PS8_i/SAXIGP2WCLK
High Pulse Width  Fast    PS8/SAXIGP2WCLK     n/a            1.500         6.666       5.166      PS8_X0Y0      system_i/zynq_ultra_ps_e_0/inst/PS8_i/SAXIGP2WCLK
High Pulse Width  Slow    RAMB36E2/CLKARDCLK  n/a            0.542         6.667       6.125      RAMB36_X1Y29  system_i/axi_dma_0/U0/I_PRMRY_DATAMOVER/GEN_MM2S_FULL.I_MM2S_FULL_WRAPPER/GEN_INCLUDE_MM2S_SF.I_RD_SF/I_DATA_FIFO/BLK_MEM.I_SYNC_FIFOGEN_FIFO/xpm_fifo_base_inst/gen_sdpram.xpm_memory_base_inst/gen_wr_a.gen_word_narrow.mem_reg_0/CLKARDCLK
High Pulse Width  Fast    RAMB36E2/CLKARDCLK  n/a            0.542         6.666       6.125      RAMB36_X1Y29  system_i/axi_dma_0/U0/I_PRMRY_DATAMOVER/GEN_MM2S_FULL.I_MM2S_FULL_WRAPPER/GEN_INCLUDE_MM2S_SF.I_RD_SF/I_DATA_FIFO/BLK_MEM.I_SYNC_FIFOGEN_FIFO/xpm_fifo_base_inst/gen_sdpram.xpm_memory_base_inst/gen_wr_a.gen_word_narrow.mem_reg_0/CLKARDCLK
High Pulse Width  Slow    RAMB36E2/CLKBWRCLK  n/a            0.542         6.667       6.125      RAMB36_X1Y29  system_i/axi_dma_0/U0/I_PRMRY_DATAMOVER/GEN_MM2S_FULL.I_MM2S_FULL_WRAPPER/GEN_INCLUDE_MM2S_SF.I_RD_SF/I_DATA_FIFO/BLK_MEM.I_SYNC_FIFOGEN_FIFO/xpm_fifo_base_inst/gen_sdpram.xpm_memory_base_inst/gen_wr_a.gen_word_narrow.mem_reg_0/CLKBWRCLK
High Pulse Width  Fast    RAMB36E2/CLKBWRCLK  n/a            0.542         6.667       6.125      RAMB36_X1Y29  system_i/axi_dma_0/U0/I_PRMRY_DATAMOVER/GEN_MM2S_FULL.I_MM2S_FULL_WRAPPER/GEN_INCLUDE_MM2S_SF.I_RD_SF/I_DATA_FIFO/BLK_MEM.I_SYNC_FIFOGEN_FIFO/xpm_fifo_base_inst/gen_sdpram.xpm_memory_base_inst/gen_wr_a.gen_word_narrow.mem_reg_0/CLKBWRCLK



---------------------------------------------------------------------------------------------------
Path Group:  **async_default**
From Clock:  clk_pl_0
  To Clock:  clk_pl_0

Setup :            0  Failing Endpoints,  Worst Slack        6.191ns,  Total Violation        0.000ns
Hold  :            0  Failing Endpoints,  Worst Slack        1.446ns,  Total Violation        0.000ns
---------------------------------------------------------------------------------------------------


Max Delay Paths
--------------------------------------------------------------------------------------
Slack (MET) :             6.191ns  (required time - arrival time)
  Source:                 system_i/proc_sys_reset_0/U0/ACTIVE_LOW_PR_OUT_DFF[0].FDRE_PER_N/C
                            (rising edge-triggered cell FDRE clocked by clk_pl_0  {rise@0.000ns fall@6.667ns period=13.333ns})
  Destination:            system_i/aes_gcm_axis_0/inst/u_ghash/z_reg_reg[42]/CLR
                            (recovery check against rising-edge clock clk_pl_0  {rise@0.000ns fall@6.667ns period=13.333ns})
  Path Group:             **async_default**
  Path Type:              Recovery (Max at Slow Process Corner)
  Requirement:            13.333ns  (clk_pl_0 rise@13.333ns - clk_pl_0 rise@0.000ns)
  Data Path Delay:        6.548ns  (logic 0.244ns (3.726%)  route 6.304ns (96.274%))
  Logic Levels:           2  (BUFGCE=1 LUT2=1)
  Clock Path Skew:        -0.387ns (DCD - SCD + CPR)
    Destination Clock Delay (DCD):    1.708ns = ( 15.041 - 13.333 ) 
    Source Clock Delay      (SCD):    2.192ns
    Clock Pessimism Removal (CPR):    0.097ns
  Clock Uncertainty:      0.141ns  ((TSJ^2 + DJ^2)^1/2) / 2 + PE
    Total System Jitter     (TSJ):    0.071ns
    Discrete Jitter          (DJ):    0.273ns
    Phase Error              (PE):    0.000ns
  Clock Net Delay (Source):      1.984ns (routing 0.569ns, distribution 1.415ns)
  Clock Net Delay (Destination): 1.540ns (routing 0.512ns, distribution 1.028ns)

    Location             Delay type                Incr(ns)  Path(ns)    Netlist Resource(s)
  -------------------------------------------------------------------    -------------------
                         (clock clk_pl_0 rise edge)
                                                      0.000     0.000 r  <hidden>
    PS8_X0Y0             PS8                          0.000     0.000 r  system_i/zynq_ultra_ps_e_0/inst/PS8_i/PLCLK[0]
                         net (fo=1, routed)           0.180     0.180    system_i/zynq_ultra_ps_e_0/inst/pl_clk_unbuffered[0]
    BUFG_PS_X0Y80        BUFG_PS (Prop_BUFG_PS_I_O)
                                                      0.028     0.208 r  system_i/zynq_ultra_ps_e_0/inst/buffer_pl_clk_0.PL_CLK_0_BUFG/O
    X1Y2 (CLOCK_ROOT)    net (fo=13924, routed)       1.984     2.192    system_i/proc_sys_reset_0/U0/slowest_sync_clk
    SLICE_X69Y348        FDRE                                         r  system_i/proc_sys_reset_0/U0/ACTIVE_LOW_PR_OUT_DFF[0].FDRE_PER_N/C
  -------------------------------------------------------------------    -------------------
    SLICE_X69Y348        FDRE (Prop_AFF_SLICEL_C_Q)
                                                      0.079     2.271 r  system_i/proc_sys_reset_0/U0/ACTIVE_LOW_PR_OUT_DFF[0].FDRE_PER_N/Q
                         net (fo=448, routed)         3.353     5.624    system_i/aes_gcm_axis_0/inst/u_aes/aresetn
    SLICE_X56Y215        LUT2 (Prop_C5LUT_SLICEM_I1_O)
                                                      0.137     5.761 f  system_i/aes_gcm_axis_0/inst/u_aes/output_data[127]_i_1/O
                         net (fo=1, routed)           1.502     7.263    system_i/aes_gcm_axis_0/inst/u_aes/SR[0]_bufg_place
    BUFGCE_X1Y98         BUFGCE (Prop_BUFCE_BUFGCE_I_O)
                                                      0.028     7.291 f  system_i/aes_gcm_axis_0/inst/u_aes/output_data[127]_i_1_bufg_place/O
                         net (fo=2833, routed)        1.449     8.740    system_i/aes_gcm_axis_0/inst/u_ghash/SR[0]
    SLICE_X53Y177        FDCE                                         f  system_i/aes_gcm_axis_0/inst/u_ghash/z_reg_reg[42]/CLR
  -------------------------------------------------------------------    -------------------

                         (clock clk_pl_0 rise edge)
                                                     13.333    13.333 r  <hidden>
    PS8_X0Y0             PS8                          0.000    13.333 r  system_i/zynq_ultra_ps_e_0/inst/PS8_i/PLCLK[0]
                         net (fo=1, routed)           0.143    13.476    system_i/zynq_ultra_ps_e_0/inst/pl_clk_unbuffered[0]
    BUFG_PS_X0Y80        BUFG_PS (Prop_BUFG_PS_I_O)
                                                      0.025    13.501 r  system_i/zynq_ultra_ps_e_0/inst/buffer_pl_clk_0.PL_CLK_0_BUFG/O
    X1Y2 (CLOCK_ROOT)    net (fo=13924, routed)       1.540    15.041    system_i/aes_gcm_axis_0/inst/u_ghash/aclk
    SLICE_X53Y177        FDCE                                         r  system_i/aes_gcm_axis_0/inst/u_ghash/z_reg_reg[42]/C
                         clock pessimism              0.097    15.138    <hidden>
                         clock uncertainty           -0.141    14.997    <hidden>
    SLICE_X53Y177        FDCE (Recov_DFF_SLICEM_C_CLR)
                                                     -0.066    14.931    system_i/aes_gcm_axis_0/inst/u_ghash/z_reg_reg[42]
  -------------------------------------------------------------------
                         required time                         14.931    <hidden>
                         arrival time                          -8.740    <hidden>
  -------------------------------------------------------------------
                         slack                                  6.191    <hidden>

Slack (MET) :             6.193ns  (required time - arrival time)
  Source:                 system_i/proc_sys_reset_0/U0/ACTIVE_LOW_PR_OUT_DFF[0].FDRE_PER_N/C
                            (rising edge-triggered cell FDRE clocked by clk_pl_0  {rise@0.000ns fall@6.667ns period=13.333ns})
  Destination:            system_i/aes_gcm_axis_0/inst/u_ghash/result_reg[42]/CLR
                            (recovery check against rising-edge clock clk_pl_0  {rise@0.000ns fall@6.667ns period=13.333ns})
  Path Group:             **async_default**
  Path Type:              Recovery (Max at Slow Process Corner)
  Requirement:            13.333ns  (clk_pl_0 rise@13.333ns - clk_pl_0 rise@0.000ns)
  Data Path Delay:        6.545ns  (logic 0.244ns (3.728%)  route 6.301ns (96.272%))
  Logic Levels:           2  (BUFGCE=1 LUT2=1)
  Clock Path Skew:        -0.388ns (DCD - SCD + CPR)
    Destination Clock Delay (DCD):    1.707ns = ( 15.040 - 13.333 ) 
    Source Clock Delay      (SCD):    2.192ns
    Clock Pessimism Removal (CPR):    0.097ns
  Clock Uncertainty:      0.141ns  ((TSJ^2 + DJ^2)^1/2) / 2 + PE
    Total System Jitter     (TSJ):    0.071ns
    Discrete Jitter          (DJ):    0.273ns
    Phase Error              (PE):    0.000ns
  Clock Net Delay (Source):      1.984ns (routing 0.569ns, distribution 1.415ns)
  Clock Net Delay (Destination): 1.539ns (routing 0.512ns, distribution 1.027ns)

    Location             Delay type                Incr(ns)  Path(ns)    Netlist Resource(s)
  -------------------------------------------------------------------    -------------------
                         (clock clk_pl_0 rise edge)
                                                      0.000     0.000 r  <hidden>
    PS8_X0Y0             PS8                          0.000     0.000 r  system_i/zynq_ultra_ps_e_0/inst/PS8_i/PLCLK[0]
                         net (fo=1, routed)           0.180     0.180    system_i/zynq_ultra_ps_e_0/inst/pl_clk_unbuffered[0]
    BUFG_PS_X0Y80        BUFG_PS (Prop_BUFG_PS_I_O)
                                                      0.028     0.208 r  system_i/zynq_ultra_ps_e_0/inst/buffer_pl_clk_0.PL_CLK_0_BUFG/O
    X1Y2 (CLOCK_ROOT)    net (fo=13924, routed)       1.984     2.192    system_i/proc_sys_reset_0/U0/slowest_sync_clk
    SLICE_X69Y348        FDRE                                         r  system_i/proc_sys_reset_0/U0/ACTIVE_LOW_PR_OUT_DFF[0].FDRE_PER_N/C
  -------------------------------------------------------------------    -------------------
    SLICE_X69Y348        FDRE (Prop_AFF_SLICEL_C_Q)
                                                      0.079     2.271 r  system_i/proc_sys_reset_0/U0/ACTIVE_LOW_PR_OUT_DFF[0].FDRE_PER_N/Q
                         net (fo=448, routed)         3.353     5.624    system_i/aes_gcm_axis_0/inst/u_aes/aresetn
    SLICE_X56Y215        LUT2 (Prop_C5LUT_SLICEM_I1_O)
                                                      0.137     5.761 f  system_i/aes_gcm_axis_0/inst/u_aes/output_data[127]_i_1/O
                         net (fo=1, routed)           1.502     7.263    system_i/aes_gcm_axis_0/inst/u_aes/SR[0]_bufg_place
    BUFGCE_X1Y98         BUFGCE (Prop_BUFCE_BUFGCE_I_O)
                                                      0.028     7.291 f  system_i/aes_gcm_axis_0/inst/u_aes/output_data[127]_i_1_bufg_place/O
                         net (fo=2833, routed)        1.446     8.737    system_i/aes_gcm_axis_0/inst/u_ghash/SR[0]
    SLICE_X53Y177        FDCE                                         f  system_i/aes_gcm_axis_0/inst/u_ghash/result_reg[42]/CLR
  -------------------------------------------------------------------    -------------------

                         (clock clk_pl_0 rise edge)
                                                     13.333    13.333 r  <hidden>
    PS8_X0Y0             PS8                          0.000    13.333 r  system_i/zynq_ultra_ps_e_0/inst/PS8_i/PLCLK[0]
                         net (fo=1, routed)           0.143    13.476    system_i/zynq_ultra_ps_e_0/inst/pl_clk_unbuffered[0]
    BUFG_PS_X0Y80        BUFG_PS (Prop_BUFG_PS_I_O)
                                                      0.025    13.501 r  system_i/zynq_ultra_ps_e_0/inst/buffer_pl_clk_0.PL_CLK_0_BUFG/O
    X1Y2 (CLOCK_ROOT)    net (fo=13924, routed)       1.539    15.040    system_i/aes_gcm_axis_0/inst/u_ghash/aclk
    SLICE_X53Y177        FDCE                                         r  system_i/aes_gcm_axis_0/inst/u_ghash/result_reg[42]/C
                         clock pessimism              0.097    15.137    <hidden>
                         clock uncertainty           -0.141    14.996    <hidden>
    SLICE_X53Y177        FDCE (Recov_HFF_SLICEM_C_CLR)
                                                     -0.066    14.930    system_i/aes_gcm_axis_0/inst/u_ghash/result_reg[42]
  -------------------------------------------------------------------
                         required time                         14.930    <hidden>
                         arrival time                          -8.737    <hidden>
  -------------------------------------------------------------------
                         slack                                  6.193    <hidden>

Slack (MET) :             6.196ns  (required time - arrival time)
  Source:                 system_i/proc_sys_reset_0/U0/ACTIVE_LOW_PR_OUT_DFF[0].FDRE_PER_N/C
                            (rising edge-triggered cell FDRE clocked by clk_pl_0  {rise@0.000ns fall@6.667ns period=13.333ns})
  Destination:            system_i/aes_gcm_axis_0/inst/u_ghash/result_reg[54]/CLR
                            (recovery check against rising-edge clock clk_pl_0  {rise@0.000ns fall@6.667ns period=13.333ns})
  Path Group:             **async_default**
  Path Type:              Recovery (Max at Slow Process Corner)
  Requirement:            13.333ns  (clk_pl_0 rise@13.333ns - clk_pl_0 rise@0.000ns)
  Data Path Delay:        6.557ns  (logic 0.244ns (3.721%)  route 6.313ns (96.279%))
  Logic Levels:           2  (BUFGCE=1 LUT2=1)
  Clock Path Skew:        -0.373ns (DCD - SCD + CPR)
    Destination Clock Delay (DCD):    1.722ns = ( 15.055 - 13.333 ) 
    Source Clock Delay      (SCD):    2.192ns
    Clock Pessimism Removal (CPR):    0.097ns
  Clock Uncertainty:      0.141ns  ((TSJ^2 + DJ^2)^1/2) / 2 + PE
    Total System Jitter     (TSJ):    0.071ns
    Discrete Jitter          (DJ):    0.273ns
    Phase Error              (PE):    0.000ns
  Clock Net Delay (Source):      1.984ns (routing 0.569ns, distribution 1.415ns)
  Clock Net Delay (Destination): 1.554ns (routing 0.512ns, distribution 1.042ns)

    Location             Delay type                Incr(ns)  Path(ns)    Netlist Resource(s)
  -------------------------------------------------------------------    -------------------
                         (clock clk_pl_0 rise edge)
                                                      0.000     0.000 r  <hidden>
    PS8_X0Y0             PS8                          0.000     0.000 r  system_i/zynq_ultra_ps_e_0/inst/PS8_i/PLCLK[0]
                         net (fo=1, routed)           0.180     0.180    system_i/zynq_ultra_ps_e_0/inst/pl_clk_unbuffered[0]
    BUFG_PS_X0Y80        BUFG_PS (Prop_BUFG_PS_I_O)
                                                      0.028     0.208 r  system_i/zynq_ultra_ps_e_0/inst/buffer_pl_clk_0.PL_CLK_0_BUFG/O
    X1Y2 (CLOCK_ROOT)    net (fo=13924, routed)       1.984     2.192    system_i/proc_sys_reset_0/U0/slowest_sync_clk
    SLICE_X69Y348        FDRE                                         r  system_i/proc_sys_reset_0/U0/ACTIVE_LOW_PR_OUT_DFF[0].FDRE_PER_N/C
  -------------------------------------------------------------------    -------------------
    SLICE_X69Y348        FDRE (Prop_AFF_SLICEL_C_Q)
                                                      0.079     2.271 r  system_i/proc_sys_reset_0/U0/ACTIVE_LOW_PR_OUT_DFF[0].FDRE_PER_N/Q
                         net (fo=448, routed)         3.353     5.624    system_i/aes_gcm_axis_0/inst/u_aes/aresetn
    SLICE_X56Y215        LUT2 (Prop_C5LUT_SLICEM_I1_O)
                                                      0.137     5.761 f  system_i/aes_gcm_axis_0/inst/u_aes/output_data[127]_i_1/O
                         net (fo=1, routed)           1.502     7.263    system_i/aes_gcm_axis_0/inst/u_aes/SR[0]_bufg_place
    BUFGCE_X1Y98         BUFGCE (Prop_BUFCE_BUFGCE_I_O)
                                                      0.028     7.291 f  system_i/aes_gcm_axis_0/inst/u_aes/output_data[127]_i_1_bufg_place/O
                         net (fo=2833, routed)        1.458     8.749    system_i/aes_gcm_axis_0/inst/u_ghash/SR[0]
    SLICE_X54Y178        FDCE                                         f  system_i/aes_gcm_axis_0/inst/u_ghash/result_reg[54]/CLR
  -------------------------------------------------------------------    -------------------

                         (clock clk_pl_0 rise edge)
                                                     13.333    13.333 r  <hidden>
    PS8_X0Y0             PS8                          0.000    13.333 r  system_i/zynq_ultra_ps_e_0/inst/PS8_i/PLCLK[0]
                         net (fo=1, routed)           0.143    13.476    system_i/zynq_ultra_ps_e_0/inst/pl_clk_unbuffered[0]
    BUFG_PS_X0Y80        BUFG_PS (Prop_BUFG_PS_I_O)
                                                      0.025    13.501 r  system_i/zynq_ultra_ps_e_0/inst/buffer_pl_clk_0.PL_CLK_0_BUFG/O
    X1Y2 (CLOCK_ROOT)    net (fo=13924, routed)       1.554    15.055    system_i/aes_gcm_axis_0/inst/u_ghash/aclk
    SLICE_X54Y178        FDCE                                         r  system_i/aes_gcm_axis_0/inst/u_ghash/result_reg[54]/C
                         clock pessimism              0.097    15.152    <hidden>
                         clock uncertainty           -0.141    15.011    <hidden>
    SLICE_X54Y178        FDCE (Recov_DFF_SLICEM_C_CLR)
                                                     -0.066    14.945    system_i/aes_gcm_axis_0/inst/u_ghash/result_reg[54]
  -------------------------------------------------------------------
                         required time                         14.945    <hidden>
                         arrival time                          -8.749    <hidden>
  -------------------------------------------------------------------
                         slack                                  6.196    <hidden>

Slack (MET) :             6.198ns  (required time - arrival time)
  Source:                 system_i/proc_sys_reset_0/U0/ACTIVE_LOW_PR_OUT_DFF[0].FDRE_PER_N/C
                            (rising edge-triggered cell FDRE clocked by clk_pl_0  {rise@0.000ns fall@6.667ns period=13.333ns})
  Destination:            system_i/aes_gcm_axis_0/inst/u_ghash/result_reg[46]/CLR
                            (recovery check against rising-edge clock clk_pl_0  {rise@0.000ns fall@6.667ns period=13.333ns})
  Path Group:             **async_default**
  Path Type:              Recovery (Max at Slow Process Corner)
  Requirement:            13.333ns  (clk_pl_0 rise@13.333ns - clk_pl_0 rise@0.000ns)
  Data Path Delay:        6.535ns  (logic 0.244ns (3.734%)  route 6.291ns (96.266%))
  Logic Levels:           2  (BUFGCE=1 LUT2=1)
  Clock Path Skew:        -0.393ns (DCD - SCD + CPR)
    Destination Clock Delay (DCD):    1.702ns = ( 15.035 - 13.333 ) 
    Source Clock Delay      (SCD):    2.192ns
    Clock Pessimism Removal (CPR):    0.097ns
  Clock Uncertainty:      0.141ns  ((TSJ^2 + DJ^2)^1/2) / 2 + PE
    Total System Jitter     (TSJ):    0.071ns
    Discrete Jitter          (DJ):    0.273ns
    Phase Error              (PE):    0.000ns
  Clock Net Delay (Source):      1.984ns (routing 0.569ns, distribution 1.415ns)
  Clock Net Delay (Destination): 1.534ns (routing 0.512ns, distribution 1.022ns)

    Location             Delay type                Incr(ns)  Path(ns)    Netlist Resource(s)
  -------------------------------------------------------------------    -------------------
                         (clock clk_pl_0 rise edge)
                                                      0.000     0.000 r  <hidden>
    PS8_X0Y0             PS8                          0.000     0.000 r  system_i/zynq_ultra_ps_e_0/inst/PS8_i/PLCLK[0]
                         net (fo=1, routed)           0.180     0.180    system_i/zynq_ultra_ps_e_0/inst/pl_clk_unbuffered[0]
    BUFG_PS_X0Y80        BUFG_PS (Prop_BUFG_PS_I_O)
                                                      0.028     0.208 r  system_i/zynq_ultra_ps_e_0/inst/buffer_pl_clk_0.PL_CLK_0_BUFG/O
    X1Y2 (CLOCK_ROOT)    net (fo=13924, routed)       1.984     2.192    system_i/proc_sys_reset_0/U0/slowest_sync_clk
    SLICE_X69Y348        FDRE                                         r  system_i/proc_sys_reset_0/U0/ACTIVE_LOW_PR_OUT_DFF[0].FDRE_PER_N/C
  -------------------------------------------------------------------    -------------------
    SLICE_X69Y348        FDRE (Prop_AFF_SLICEL_C_Q)
                                                      0.079     2.271 r  system_i/proc_sys_reset_0/U0/ACTIVE_LOW_PR_OUT_DFF[0].FDRE_PER_N/Q
                         net (fo=448, routed)         3.353     5.624    system_i/aes_gcm_axis_0/inst/u_aes/aresetn
    SLICE_X56Y215        LUT2 (Prop_C5LUT_SLICEM_I1_O)
                                                      0.137     5.761 f  system_i/aes_gcm_axis_0/inst/u_aes/output_data[127]_i_1/O
                         net (fo=1, routed)           1.502     7.263    system_i/aes_gcm_axis_0/inst/u_aes/SR[0]_bufg_place
    BUFGCE_X1Y98         BUFGCE (Prop_BUFCE_BUFGCE_I_O)
                                                      0.028     7.291 f  system_i/aes_gcm_axis_0/inst/u_aes/output_data[127]_i_1_bufg_place/O
                         net (fo=2833, routed)        1.436     8.727    system_i/aes_gcm_axis_0/inst/u_ghash/SR[0]
    SLICE_X52Y178        FDCE                                         f  system_i/aes_gcm_axis_0/inst/u_ghash/result_reg[46]/CLR
  -------------------------------------------------------------------    -------------------

                         (clock clk_pl_0 rise edge)
                                                     13.333    13.333 r  <hidden>
    PS8_X0Y0             PS8                          0.000    13.333 r  system_i/zynq_ultra_ps_e_0/inst/PS8_i/PLCLK[0]
                         net (fo=1, routed)           0.143    13.476    system_i/zynq_ultra_ps_e_0/inst/pl_clk_unbuffered[0]
    BUFG_PS_X0Y80        BUFG_PS (Prop_BUFG_PS_I_O)
                                                      0.025    13.501 r  system_i/zynq_ultra_ps_e_0/inst/buffer_pl_clk_0.PL_CLK_0_BUFG/O
    X1Y2 (CLOCK_ROOT)    net (fo=13924, routed)       1.534    15.035    system_i/aes_gcm_axis_0/inst/u_ghash/aclk
    SLICE_X52Y178        FDCE                                         r  system_i/aes_gcm_axis_0/inst/u_ghash/result_reg[46]/C
                         clock pessimism              0.097    15.132    <hidden>
                         clock uncertainty           -0.141    14.991    <hidden>
    SLICE_X52Y178        FDCE (Recov_DFF_SLICEL_C_CLR)
                                                     -0.066    14.925    system_i/aes_gcm_axis_0/inst/u_ghash/result_reg[46]
  -------------------------------------------------------------------
                         required time                         14.925    <hidden>
                         arrival time                          -8.727    <hidden>
  -------------------------------------------------------------------
                         slack                                  6.198    <hidden>

Slack (MET) :             6.198ns  (required time - arrival time)
  Source:                 system_i/proc_sys_reset_0/U0/ACTIVE_LOW_PR_OUT_DFF[0].FDRE_PER_N/C
                            (rising edge-triggered cell FDRE clocked by clk_pl_0  {rise@0.000ns fall@6.667ns period=13.333ns})
  Destination:            system_i/aes_gcm_axis_0/inst/u_ghash/z_reg_reg[54]/CLR
                            (recovery check against rising-edge clock clk_pl_0  {rise@0.000ns fall@6.667ns period=13.333ns})
  Path Group:             **async_default**
  Path Type:              Recovery (Max at Slow Process Corner)
  Requirement:            13.333ns  (clk_pl_0 rise@13.333ns - clk_pl_0 rise@0.000ns)
  Data Path Delay:        6.554ns  (logic 0.244ns (3.723%)  route 6.310ns (96.277%))
  Logic Levels:           2  (BUFGCE=1 LUT2=1)
  Clock Path Skew:        -0.374ns (DCD - SCD + CPR)
    Destination Clock Delay (DCD):    1.721ns = ( 15.054 - 13.333 ) 
    Source Clock Delay      (SCD):    2.192ns
    Clock Pessimism Removal (CPR):    0.097ns
  Clock Uncertainty:      0.141ns  ((TSJ^2 + DJ^2)^1/2) / 2 + PE
    Total System Jitter     (TSJ):    0.071ns
    Discrete Jitter          (DJ):    0.273ns
    Phase Error              (PE):    0.000ns
  Clock Net Delay (Source):      1.984ns (routing 0.569ns, distribution 1.415ns)
  Clock Net Delay (Destination): 1.553ns (routing 0.512ns, distribution 1.041ns)

    Location             Delay type                Incr(ns)  Path(ns)    Netlist Resource(s)
  -------------------------------------------------------------------    -------------------
                         (clock clk_pl_0 rise edge)
                                                      0.000     0.000 r  <hidden>
    PS8_X0Y0             PS8                          0.000     0.000 r  system_i/zynq_ultra_ps_e_0/inst/PS8_i/PLCLK[0]
                         net (fo=1, routed)           0.180     0.180    system_i/zynq_ultra_ps_e_0/inst/pl_clk_unbuffered[0]
    BUFG_PS_X0Y80        BUFG_PS (Prop_BUFG_PS_I_O)
                                                      0.028     0.208 r  system_i/zynq_ultra_ps_e_0/inst/buffer_pl_clk_0.PL_CLK_0_BUFG/O
    X1Y2 (CLOCK_ROOT)    net (fo=13924, routed)       1.984     2.192    system_i/proc_sys_reset_0/U0/slowest_sync_clk
    SLICE_X69Y348        FDRE                                         r  system_i/proc_sys_reset_0/U0/ACTIVE_LOW_PR_OUT_DFF[0].FDRE_PER_N/C
  -------------------------------------------------------------------    -------------------
    SLICE_X69Y348        FDRE (Prop_AFF_SLICEL_C_Q)
                                                      0.079     2.271 r  system_i/proc_sys_reset_0/U0/ACTIVE_LOW_PR_OUT_DFF[0].FDRE_PER_N/Q
                         net (fo=448, routed)         3.353     5.624    system_i/aes_gcm_axis_0/inst/u_aes/aresetn
    SLICE_X56Y215        LUT2 (Prop_C5LUT_SLICEM_I1_O)
                                                      0.137     5.761 f  system_i/aes_gcm_axis_0/inst/u_aes/output_data[127]_i_1/O
                         net (fo=1, routed)           1.502     7.263    system_i/aes_gcm_axis_0/inst/u_aes/SR[0]_bufg_place
    BUFGCE_X1Y98         BUFGCE (Prop_BUFCE_BUFGCE_I_O)
                                                      0.028     7.291 f  system_i/aes_gcm_axis_0/inst/u_aes/output_data[127]_i_1_bufg_place/O
                         net (fo=2833, routed)        1.455     8.746    system_i/aes_gcm_axis_0/inst/u_ghash/SR[0]
    SLICE_X54Y178        FDCE                                         f  system_i/aes_gcm_axis_0/inst/u_ghash/z_reg_reg[54]/CLR
  -------------------------------------------------------------------    -------------------

                         (clock clk_pl_0 rise edge)
                                                     13.333    13.333 r  <hidden>
    PS8_X0Y0             PS8                          0.000    13.333 r  system_i/zynq_ultra_ps_e_0/inst/PS8_i/PLCLK[0]
                         net (fo=1, routed)           0.143    13.476    system_i/zynq_ultra_ps_e_0/inst/pl_clk_unbuffered[0]
    BUFG_PS_X0Y80        BUFG_PS (Prop_BUFG_PS_I_O)
                                                      0.025    13.501 r  system_i/zynq_ultra_ps_e_0/inst/buffer_pl_clk_0.PL_CLK_0_BUFG/O
    X1Y2 (CLOCK_ROOT)    net (fo=13924, routed)       1.553    15.054    system_i/aes_gcm_axis_0/inst/u_ghash/aclk
    SLICE_X54Y178        FDCE                                         r  system_i/aes_gcm_axis_0/inst/u_ghash/z_reg_reg[54]/C
                         clock pessimism              0.097    15.151    <hidden>
                         clock uncertainty           -0.141    15.010    <hidden>
    SLICE_X54Y178        FDCE (Recov_HFF_SLICEM_C_CLR)
                                                     -0.066    14.944    system_i/aes_gcm_axis_0/inst/u_ghash/z_reg_reg[54]
  -------------------------------------------------------------------
                         required time                         14.944    <hidden>
                         arrival time                          -8.746    <hidden>
  -------------------------------------------------------------------
                         slack                                  6.198    <hidden>

Slack (MET) :             6.199ns  (required time - arrival time)
  Source:                 system_i/proc_sys_reset_0/U0/ACTIVE_LOW_PR_OUT_DFF[0].FDRE_PER_N/C
                            (rising edge-triggered cell FDRE clocked by clk_pl_0  {rise@0.000ns fall@6.667ns period=13.333ns})
  Destination:            system_i/aes_gcm_axis_0/inst/u_ghash/x_reg_reg[60]/CLR
                            (recovery check against rising-edge clock clk_pl_0  {rise@0.000ns fall@6.667ns period=13.333ns})
  Path Group:             **async_default**
  Path Type:              Recovery (Max at Slow Process Corner)
  Requirement:            13.333ns  (clk_pl_0 rise@13.333ns - clk_pl_0 rise@0.000ns)
  Data Path Delay:        6.563ns  (logic 0.244ns (3.718%)  route 6.319ns (96.282%))
  Logic Levels:           2  (BUFGCE=1 LUT2=1)
  Clock Path Skew:        -0.364ns (DCD - SCD + CPR)
    Destination Clock Delay (DCD):    1.731ns = ( 15.064 - 13.333 ) 
    Source Clock Delay      (SCD):    2.192ns
    Clock Pessimism Removal (CPR):    0.097ns
  Clock Uncertainty:      0.141ns  ((TSJ^2 + DJ^2)^1/2) / 2 + PE
    Total System Jitter     (TSJ):    0.071ns
    Discrete Jitter          (DJ):    0.273ns
    Phase Error              (PE):    0.000ns
  Clock Net Delay (Source):      1.984ns (routing 0.569ns, distribution 1.415ns)
  Clock Net Delay (Destination): 1.563ns (routing 0.512ns, distribution 1.051ns)

    Location             Delay type                Incr(ns)  Path(ns)    Netlist Resource(s)
  -------------------------------------------------------------------    -------------------
                         (clock clk_pl_0 rise edge)
                                                      0.000     0.000 r  <hidden>
    PS8_X0Y0             PS8                          0.000     0.000 r  system_i/zynq_ultra_ps_e_0/inst/PS8_i/PLCLK[0]
                         net (fo=1, routed)           0.180     0.180    system_i/zynq_ultra_ps_e_0/inst/pl_clk_unbuffered[0]
    BUFG_PS_X0Y80        BUFG_PS (Prop_BUFG_PS_I_O)
                                                      0.028     0.208 r  system_i/zynq_ultra_ps_e_0/inst/buffer_pl_clk_0.PL_CLK_0_BUFG/O
    X1Y2 (CLOCK_ROOT)    net (fo=13924, routed)       1.984     2.192    system_i/proc_sys_reset_0/U0/slowest_sync_clk
    SLICE_X69Y348        FDRE                                         r  system_i/proc_sys_reset_0/U0/ACTIVE_LOW_PR_OUT_DFF[0].FDRE_PER_N/C
  -------------------------------------------------------------------    -------------------
    SLICE_X69Y348        FDRE (Prop_AFF_SLICEL_C_Q)
                                                      0.079     2.271 r  system_i/proc_sys_reset_0/U0/ACTIVE_LOW_PR_OUT_DFF[0].FDRE_PER_N/Q
                         net (fo=448, routed)         3.353     5.624    system_i/aes_gcm_axis_0/inst/u_aes/aresetn
    SLICE_X56Y215        LUT2 (Prop_C5LUT_SLICEM_I1_O)
                                                      0.137     5.761 f  system_i/aes_gcm_axis_0/inst/u_aes/output_data[127]_i_1/O
                         net (fo=1, routed)           1.502     7.263    system_i/aes_gcm_axis_0/inst/u_aes/SR[0]_bufg_place
    BUFGCE_X1Y98         BUFGCE (Prop_BUFCE_BUFGCE_I_O)
                                                      0.028     7.291 f  system_i/aes_gcm_axis_0/inst/u_aes/output_data[127]_i_1_bufg_place/O
                         net (fo=2833, routed)        1.464     8.755    system_i/aes_gcm_axis_0/inst/u_ghash/SR[0]
    SLICE_X57Y176        FDCE                                         f  system_i/aes_gcm_axis_0/inst/u_ghash/x_reg_reg[60]/CLR
  -------------------------------------------------------------------    -------------------

                         (clock clk_pl_0 rise edge)
                                                     13.333    13.333 r  <hidden>
    PS8_X0Y0             PS8                          0.000    13.333 r  system_i/zynq_ultra_ps_e_0/inst/PS8_i/PLCLK[0]
                         net (fo=1, routed)           0.143    13.476    system_i/zynq_ultra_ps_e_0/inst/pl_clk_unbuffered[0]
    BUFG_PS_X0Y80        BUFG_PS (Prop_BUFG_PS_I_O)
                                                      0.025    13.501 r  system_i/zynq_ultra_ps_e_0/inst/buffer_pl_clk_0.PL_CLK_0_BUFG/O
    X1Y2 (CLOCK_ROOT)    net (fo=13924, routed)       1.563    15.064    system_i/aes_gcm_axis_0/inst/u_ghash/aclk
    SLICE_X57Y176        FDCE                                         r  system_i/aes_gcm_axis_0/inst/u_ghash/x_reg_reg[60]/C
                         clock pessimism              0.097    15.161    <hidden>
                         clock uncertainty           -0.141    15.020    <hidden>
    SLICE_X57Y176        FDCE (Recov_DFF_SLICEM_C_CLR)
                                                     -0.066    14.954    system_i/aes_gcm_axis_0/inst/u_ghash/x_reg_reg[60]
  -------------------------------------------------------------------
                         required time                         14.954    <hidden>
                         arrival time                          -8.755    <hidden>
  -------------------------------------------------------------------
                         slack                                  6.199    <hidden>

Slack (MET) :             6.199ns  (required time - arrival time)
  Source:                 system_i/proc_sys_reset_0/U0/ACTIVE_LOW_PR_OUT_DFF[0].FDRE_PER_N/C
                            (rising edge-triggered cell FDRE clocked by clk_pl_0  {rise@0.000ns fall@6.667ns period=13.333ns})
  Destination:            system_i/aes_gcm_axis_0/inst/u_ghash/x_reg_reg[61]/CLR
                            (recovery check against rising-edge clock clk_pl_0  {rise@0.000ns fall@6.667ns period=13.333ns})
  Path Group:             **async_default**
  Path Type:              Recovery (Max at Slow Process Corner)
  Requirement:            13.333ns  (clk_pl_0 rise@13.333ns - clk_pl_0 rise@0.000ns)
  Data Path Delay:        6.563ns  (logic 0.244ns (3.718%)  route 6.319ns (96.282%))
  Logic Levels:           2  (BUFGCE=1 LUT2=1)
  Clock Path Skew:        -0.364ns (DCD - SCD + CPR)
    Destination Clock Delay (DCD):    1.731ns = ( 15.064 - 13.333 ) 
    Source Clock Delay      (SCD):    2.192ns
    Clock Pessimism Removal (CPR):    0.097ns
  Clock Uncertainty:      0.141ns  ((TSJ^2 + DJ^2)^1/2) / 2 + PE
    Total System Jitter     (TSJ):    0.071ns
    Discrete Jitter          (DJ):    0.273ns
    Phase Error              (PE):    0.000ns
  Clock Net Delay (Source):      1.984ns (routing 0.569ns, distribution 1.415ns)
  Clock Net Delay (Destination): 1.563ns (routing 0.512ns, distribution 1.051ns)

    Location             Delay type                Incr(ns)  Path(ns)    Netlist Resource(s)
  -------------------------------------------------------------------    -------------------
                         (clock clk_pl_0 rise edge)
                                                      0.000     0.000 r  <hidden>
    PS8_X0Y0             PS8                          0.000     0.000 r  system_i/zynq_ultra_ps_e_0/inst/PS8_i/PLCLK[0]
                         net (fo=1, routed)           0.180     0.180    system_i/zynq_ultra_ps_e_0/inst/pl_clk_unbuffered[0]
    BUFG_PS_X0Y80        BUFG_PS (Prop_BUFG_PS_I_O)
                                                      0.028     0.208 r  system_i/zynq_ultra_ps_e_0/inst/buffer_pl_clk_0.PL_CLK_0_BUFG/O
    X1Y2 (CLOCK_ROOT)    net (fo=13924, routed)       1.984     2.192    system_i/proc_sys_reset_0/U0/slowest_sync_clk
    SLICE_X69Y348        FDRE                                         r  system_i/proc_sys_reset_0/U0/ACTIVE_LOW_PR_OUT_DFF[0].FDRE_PER_N/C
  -------------------------------------------------------------------    -------------------
    SLICE_X69Y348        FDRE (Prop_AFF_SLICEL_C_Q)
                                                      0.079     2.271 r  system_i/proc_sys_reset_0/U0/ACTIVE_LOW_PR_OUT_DFF[0].FDRE_PER_N/Q
                         net (fo=448, routed)         3.353     5.624    system_i/aes_gcm_axis_0/inst/u_aes/aresetn
    SLICE_X56Y215        LUT2 (Prop_C5LUT_SLICEM_I1_O)
                                                      0.137     5.761 f  system_i/aes_gcm_axis_0/inst/u_aes/output_data[127]_i_1/O
                         net (fo=1, routed)           1.502     7.263    system_i/aes_gcm_axis_0/inst/u_aes/SR[0]_bufg_place
    BUFGCE_X1Y98         BUFGCE (Prop_BUFCE_BUFGCE_I_O)
                                                      0.028     7.291 f  system_i/aes_gcm_axis_0/inst/u_aes/output_data[127]_i_1_bufg_place/O
                         net (fo=2833, routed)        1.464     8.755    system_i/aes_gcm_axis_0/inst/u_ghash/SR[0]
    SLICE_X57Y176        FDCE                                         f  system_i/aes_gcm_axis_0/inst/u_ghash/x_reg_reg[61]/CLR
  -------------------------------------------------------------------    -------------------

                         (clock clk_pl_0 rise edge)
                                                     13.333    13.333 r  <hidden>
    PS8_X0Y0             PS8                          0.000    13.333 r  system_i/zynq_ultra_ps_e_0/inst/PS8_i/PLCLK[0]
                         net (fo=1, routed)           0.143    13.476    system_i/zynq_ultra_ps_e_0/inst/pl_clk_unbuffered[0]
    BUFG_PS_X0Y80        BUFG_PS (Prop_BUFG_PS_I_O)
                                                      0.025    13.501 r  system_i/zynq_ultra_ps_e_0/inst/buffer_pl_clk_0.PL_CLK_0_BUFG/O
    X1Y2 (CLOCK_ROOT)    net (fo=13924, routed)       1.563    15.064    system_i/aes_gcm_axis_0/inst/u_ghash/aclk
    SLICE_X57Y176        FDCE                                         r  system_i/aes_gcm_axis_0/inst/u_ghash/x_reg_reg[61]/C
                         clock pessimism              0.097    15.161    <hidden>
                         clock uncertainty           -0.141    15.020    <hidden>
    SLICE_X57Y176        FDCE (Recov_DFF2_SLICEM_C_CLR)
                                                     -0.066    14.954    system_i/aes_gcm_axis_0/inst/u_ghash/x_reg_reg[61]
  -------------------------------------------------------------------
                         required time                         14.954    <hidden>
                         arrival time                          -8.755    <hidden>
  -------------------------------------------------------------------
                         slack                                  6.199    <hidden>

Slack (MET) :             6.199ns  (required time - arrival time)
  Source:                 system_i/proc_sys_reset_0/U0/ACTIVE_LOW_PR_OUT_DFF[0].FDRE_PER_N/C
                            (rising edge-triggered cell FDRE clocked by clk_pl_0  {rise@0.000ns fall@6.667ns period=13.333ns})
  Destination:            system_i/aes_gcm_axis_0/inst/u_ghash/z_reg_reg[45]/CLR
                            (recovery check against rising-edge clock clk_pl_0  {rise@0.000ns fall@6.667ns period=13.333ns})
  Path Group:             **async_default**
  Path Type:              Recovery (Max at Slow Process Corner)
  Requirement:            13.333ns  (clk_pl_0 rise@13.333ns - clk_pl_0 rise@0.000ns)
  Data Path Delay:        6.563ns  (logic 0.244ns (3.718%)  route 6.319ns (96.282%))
  Logic Levels:           2  (BUFGCE=1 LUT2=1)
  Clock Path Skew:        -0.364ns (DCD - SCD + CPR)
    Destination Clock Delay (DCD):    1.731ns = ( 15.064 - 13.333 ) 
    Source Clock Delay      (SCD):    2.192ns
    Clock Pessimism Removal (CPR):    0.097ns
  Clock Uncertainty:      0.141ns  ((TSJ^2 + DJ^2)^1/2) / 2 + PE
    Total System Jitter     (TSJ):    0.071ns
    Discrete Jitter          (DJ):    0.273ns
    Phase Error              (PE):    0.000ns
  Clock Net Delay (Source):      1.984ns (routing 0.569ns, distribution 1.415ns)
  Clock Net Delay (Destination): 1.563ns (routing 0.512ns, distribution 1.051ns)

    Location             Delay type                Incr(ns)  Path(ns)    Netlist Resource(s)
  -------------------------------------------------------------------    -------------------
                         (clock clk_pl_0 rise edge)
                                                      0.000     0.000 r  <hidden>
    PS8_X0Y0             PS8                          0.000     0.000 r  system_i/zynq_ultra_ps_e_0/inst/PS8_i/PLCLK[0]
                         net (fo=1, routed)           0.180     0.180    system_i/zynq_ultra_ps_e_0/inst/pl_clk_unbuffered[0]
    BUFG_PS_X0Y80        BUFG_PS (Prop_BUFG_PS_I_O)
                                                      0.028     0.208 r  system_i/zynq_ultra_ps_e_0/inst/buffer_pl_clk_0.PL_CLK_0_BUFG/O
    X1Y2 (CLOCK_ROOT)    net (fo=13924, routed)       1.984     2.192    system_i/proc_sys_reset_0/U0/slowest_sync_clk
    SLICE_X69Y348        FDRE                                         r  system_i/proc_sys_reset_0/U0/ACTIVE_LOW_PR_OUT_DFF[0].FDRE_PER_N/C
  -------------------------------------------------------------------    -------------------
    SLICE_X69Y348        FDRE (Prop_AFF_SLICEL_C_Q)
                                                      0.079     2.271 r  system_i/proc_sys_reset_0/U0/ACTIVE_LOW_PR_OUT_DFF[0].FDRE_PER_N/Q
                         net (fo=448, routed)         3.353     5.624    system_i/aes_gcm_axis_0/inst/u_aes/aresetn
    SLICE_X56Y215        LUT2 (Prop_C5LUT_SLICEM_I1_O)
                                                      0.137     5.761 f  system_i/aes_gcm_axis_0/inst/u_aes/output_data[127]_i_1/O
                         net (fo=1, routed)           1.502     7.263    system_i/aes_gcm_axis_0/inst/u_aes/SR[0]_bufg_place
    BUFGCE_X1Y98         BUFGCE (Prop_BUFCE_BUFGCE_I_O)
                                                      0.028     7.291 f  system_i/aes_gcm_axis_0/inst/u_aes/output_data[127]_i_1_bufg_place/O
                         net (fo=2833, routed)        1.464     8.755    system_i/aes_gcm_axis_0/inst/u_ghash/SR[0]
    SLICE_X57Y176        FDCE                                         f  system_i/aes_gcm_axis_0/inst/u_ghash/z_reg_reg[45]/CLR
  -------------------------------------------------------------------    -------------------

                         (clock clk_pl_0 rise edge)
                                                     13.333    13.333 r  <hidden>
    PS8_X0Y0             PS8                          0.000    13.333 r  system_i/zynq_ultra_ps_e_0/inst/PS8_i/PLCLK[0]
                         net (fo=1, routed)           0.143    13.476    system_i/zynq_ultra_ps_e_0/inst/pl_clk_unbuffered[0]
    BUFG_PS_X0Y80        BUFG_PS (Prop_BUFG_PS_I_O)
                                                      0.025    13.501 r  system_i/zynq_ultra_ps_e_0/inst/buffer_pl_clk_0.PL_CLK_0_BUFG/O
    X1Y2 (CLOCK_ROOT)    net (fo=13924, routed)       1.563    15.064    system_i/aes_gcm_axis_0/inst/u_ghash/aclk
    SLICE_X57Y176        FDCE                                         r  system_i/aes_gcm_axis_0/inst/u_ghash/z_reg_reg[45]/C
                         clock pessimism              0.097    15.161    <hidden>
                         clock uncertainty           -0.141    15.020    <hidden>
    SLICE_X57Y176        FDCE (Recov_CFF_SLICEM_C_CLR)
                                                     -0.066    14.954    system_i/aes_gcm_axis_0/inst/u_ghash/z_reg_reg[45]
  -------------------------------------------------------------------
                         required time                         14.954    <hidden>
                         arrival time                          -8.755    <hidden>
  -------------------------------------------------------------------
                         slack                                  6.199    <hidden>

Slack (MET) :             6.199ns  (required time - arrival time)
  Source:                 system_i/proc_sys_reset_0/U0/ACTIVE_LOW_PR_OUT_DFF[0].FDRE_PER_N/C
                            (rising edge-triggered cell FDRE clocked by clk_pl_0  {rise@0.000ns fall@6.667ns period=13.333ns})
  Destination:            system_i/aes_gcm_axis_0/inst/u_ghash/result_reg[48]/CLR
                            (recovery check against rising-edge clock clk_pl_0  {rise@0.000ns fall@6.667ns period=13.333ns})
  Path Group:             **async_default**
  Path Type:              Recovery (Max at Slow Process Corner)
  Requirement:            13.333ns  (clk_pl_0 rise@13.333ns - clk_pl_0 rise@0.000ns)
  Data Path Delay:        6.534ns  (logic 0.244ns (3.734%)  route 6.290ns (96.266%))
  Logic Levels:           2  (BUFGCE=1 LUT2=1)
  Clock Path Skew:        -0.393ns (DCD - SCD + CPR)
    Destination Clock Delay (DCD):    1.702ns = ( 15.035 - 13.333 ) 
    Source Clock Delay      (SCD):    2.192ns
    Clock Pessimism Removal (CPR):    0.097ns
  Clock Uncertainty:      0.141ns  ((TSJ^2 + DJ^2)^1/2) / 2 + PE
    Total System Jitter     (TSJ):    0.071ns
    Discrete Jitter          (DJ):    0.273ns
    Phase Error              (PE):    0.000ns
  Clock Net Delay (Source):      1.984ns (routing 0.569ns, distribution 1.415ns)
  Clock Net Delay (Destination): 1.534ns (routing 0.512ns, distribution 1.022ns)

    Location             Delay type                Incr(ns)  Path(ns)    Netlist Resource(s)
  -------------------------------------------------------------------    -------------------
                         (clock clk_pl_0 rise edge)
                                                      0.000     0.000 r  <hidden>
    PS8_X0Y0             PS8                          0.000     0.000 r  system_i/zynq_ultra_ps_e_0/inst/PS8_i/PLCLK[0]
                         net (fo=1, routed)           0.180     0.180    system_i/zynq_ultra_ps_e_0/inst/pl_clk_unbuffered[0]
    BUFG_PS_X0Y80        BUFG_PS (Prop_BUFG_PS_I_O)
                                                      0.028     0.208 r  system_i/zynq_ultra_ps_e_0/inst/buffer_pl_clk_0.PL_CLK_0_BUFG/O
    X1Y2 (CLOCK_ROOT)    net (fo=13924, routed)       1.984     2.192    system_i/proc_sys_reset_0/U0/slowest_sync_clk
    SLICE_X69Y348        FDRE                                         r  system_i/proc_sys_reset_0/U0/ACTIVE_LOW_PR_OUT_DFF[0].FDRE_PER_N/C
  -------------------------------------------------------------------    -------------------
    SLICE_X69Y348        FDRE (Prop_AFF_SLICEL_C_Q)
                                                      0.079     2.271 r  system_i/proc_sys_reset_0/U0/ACTIVE_LOW_PR_OUT_DFF[0].FDRE_PER_N/Q
                         net (fo=448, routed)         3.353     5.624    system_i/aes_gcm_axis_0/inst/u_aes/aresetn
    SLICE_X56Y215        LUT2 (Prop_C5LUT_SLICEM_I1_O)
                                                      0.137     5.761 f  system_i/aes_gcm_axis_0/inst/u_aes/output_data[127]_i_1/O
                         net (fo=1, routed)           1.502     7.263    system_i/aes_gcm_axis_0/inst/u_aes/SR[0]_bufg_place
    BUFGCE_X1Y98         BUFGCE (Prop_BUFCE_BUFGCE_I_O)
                                                      0.028     7.291 f  system_i/aes_gcm_axis_0/inst/u_aes/output_data[127]_i_1_bufg_place/O
                         net (fo=2833, routed)        1.435     8.726    system_i/aes_gcm_axis_0/inst/u_ghash/SR[0]
    SLICE_X53Y179        FDCE                                         f  system_i/aes_gcm_axis_0/inst/u_ghash/result_reg[48]/CLR
  -------------------------------------------------------------------    -------------------

                         (clock clk_pl_0 rise edge)
                                                     13.333    13.333 r  <hidden>
    PS8_X0Y0             PS8                          0.000    13.333 r  system_i/zynq_ultra_ps_e_0/inst/PS8_i/PLCLK[0]
                         net (fo=1, routed)           0.143    13.476    system_i/zynq_ultra_ps_e_0/inst/pl_clk_unbuffered[0]
    BUFG_PS_X0Y80        BUFG_PS (Prop_BUFG_PS_I_O)
                                                      0.025    13.501 r  system_i/zynq_ultra_ps_e_0/inst/buffer_pl_clk_0.PL_CLK_0_BUFG/O
    X1Y2 (CLOCK_ROOT)    net (fo=13924, routed)       1.534    15.035    system_i/aes_gcm_axis_0/inst/u_ghash/aclk
    SLICE_X53Y179        FDCE                                         r  system_i/aes_gcm_axis_0/inst/u_ghash/result_reg[48]/C
                         clock pessimism              0.097    15.132    <hidden>
                         clock uncertainty           -0.141    14.991    <hidden>
    SLICE_X53Y179        FDCE (Recov_HFF2_SLICEM_C_CLR)
                                                     -0.066    14.925    system_i/aes_gcm_axis_0/inst/u_ghash/result_reg[48]
  -------------------------------------------------------------------
                         required time                         14.925    <hidden>
                         arrival time                          -8.726    <hidden>
  -------------------------------------------------------------------
                         slack                                  6.199    <hidden>

Slack (MET) :             6.199ns  (required time - arrival time)
  Source:                 system_i/proc_sys_reset_0/U0/ACTIVE_LOW_PR_OUT_DFF[0].FDRE_PER_N/C
                            (rising edge-triggered cell FDRE clocked by clk_pl_0  {rise@0.000ns fall@6.667ns period=13.333ns})
  Destination:            system_i/aes_gcm_axis_0/inst/u_ghash/x_reg_reg[124]/CLR
                            (recovery check against rising-edge clock clk_pl_0  {rise@0.000ns fall@6.667ns period=13.333ns})
  Path Group:             **async_default**
  Path Type:              Recovery (Max at Slow Process Corner)
  Requirement:            13.333ns  (clk_pl_0 rise@13.333ns - clk_pl_0 rise@0.000ns)
  Data Path Delay:        6.534ns  (logic 0.244ns (3.734%)  route 6.290ns (96.266%))
  Logic Levels:           2  (BUFGCE=1 LUT2=1)
  Clock Path Skew:        -0.393ns (DCD - SCD + CPR)
    Destination Clock Delay (DCD):    1.702ns = ( 15.035 - 13.333 ) 
    Source Clock Delay      (SCD):    2.192ns
    Clock Pessimism Removal (CPR):    0.097ns
  Clock Uncertainty:      0.141ns  ((TSJ^2 + DJ^2)^1/2) / 2 + PE
    Total System Jitter     (TSJ):    0.071ns
    Discrete Jitter          (DJ):    0.273ns
    Phase Error              (PE):    0.000ns
  Clock Net Delay (Source):      1.984ns (routing 0.569ns, distribution 1.415ns)
  Clock Net Delay (Destination): 1.534ns (routing 0.512ns, distribution 1.022ns)

    Location             Delay type                Incr(ns)  Path(ns)    Netlist Resource(s)
  -------------------------------------------------------------------    -------------------
                         (clock clk_pl_0 rise edge)
                                                      0.000     0.000 r  <hidden>
    PS8_X0Y0             PS8                          0.000     0.000 r  system_i/zynq_ultra_ps_e_0/inst/PS8_i/PLCLK[0]
                         net (fo=1, routed)           0.180     0.180    system_i/zynq_ultra_ps_e_0/inst/pl_clk_unbuffered[0]
    BUFG_PS_X0Y80        BUFG_PS (Prop_BUFG_PS_I_O)
                                                      0.028     0.208 r  system_i/zynq_ultra_ps_e_0/inst/buffer_pl_clk_0.PL_CLK_0_BUFG/O
    X1Y2 (CLOCK_ROOT)    net (fo=13924, routed)       1.984     2.192    system_i/proc_sys_reset_0/U0/slowest_sync_clk
    SLICE_X69Y348        FDRE                                         r  system_i/proc_sys_reset_0/U0/ACTIVE_LOW_PR_OUT_DFF[0].FDRE_PER_N/C
  -------------------------------------------------------------------    -------------------
    SLICE_X69Y348        FDRE (Prop_AFF_SLICEL_C_Q)
                                                      0.079     2.271 r  system_i/proc_sys_reset_0/U0/ACTIVE_LOW_PR_OUT_DFF[0].FDRE_PER_N/Q
                         net (fo=448, routed)         3.353     5.624    system_i/aes_gcm_axis_0/inst/u_aes/aresetn
    SLICE_X56Y215        LUT2 (Prop_C5LUT_SLICEM_I1_O)
                                                      0.137     5.761 f  system_i/aes_gcm_axis_0/inst/u_aes/output_data[127]_i_1/O
                         net (fo=1, routed)           1.502     7.263    system_i/aes_gcm_axis_0/inst/u_aes/SR[0]_bufg_place
    BUFGCE_X1Y98         BUFGCE (Prop_BUFCE_BUFGCE_I_O)
                                                      0.028     7.291 f  system_i/aes_gcm_axis_0/inst/u_aes/output_data[127]_i_1_bufg_place/O
                         net (fo=2833, routed)        1.435     8.726    system_i/aes_gcm_axis_0/inst/u_ghash/SR[0]
    SLICE_X53Y179        FDCE                                         f  system_i/aes_gcm_axis_0/inst/u_ghash/x_reg_reg[124]/CLR
  -------------------------------------------------------------------    -------------------

                         (clock clk_pl_0 rise edge)
                                                     13.333    13.333 r  <hidden>
    PS8_X0Y0             PS8                          0.000    13.333 r  system_i/zynq_ultra_ps_e_0/inst/PS8_i/PLCLK[0]
                         net (fo=1, routed)           0.143    13.476    system_i/zynq_ultra_ps_e_0/inst/pl_clk_unbuffered[0]
    BUFG_PS_X0Y80        BUFG_PS (Prop_BUFG_PS_I_O)
                                                      0.025    13.501 r  system_i/zynq_ultra_ps_e_0/inst/buffer_pl_clk_0.PL_CLK_0_BUFG/O
    X1Y2 (CLOCK_ROOT)    net (fo=13924, routed)       1.534    15.035    system_i/aes_gcm_axis_0/inst/u_ghash/aclk
    SLICE_X53Y179        FDCE                                         r  system_i/aes_gcm_axis_0/inst/u_ghash/x_reg_reg[124]/C
                         clock pessimism              0.097    15.132    <hidden>
                         clock uncertainty           -0.141    14.991    <hidden>
    SLICE_X53Y179        FDCE (Recov_GFF_SLICEM_C_CLR)
                                                     -0.066    14.925    system_i/aes_gcm_axis_0/inst/u_ghash/x_reg_reg[124]
  -------------------------------------------------------------------
                         required time                         14.925    <hidden>
                         arrival time                          -8.726    <hidden>
  -------------------------------------------------------------------
                         slack                                  6.199    <hidden>





Min Delay Paths
--------------------------------------------------------------------------------------
Slack (MET) :             1.446ns  (arrival time - required time)
  Source:                 system_i/aes_gcm_axis_0/inst/soft_reset_pulse_reg/C
                            (rising edge-triggered cell FDRE clocked by clk_pl_0  {rise@0.000ns fall@6.667ns period=13.333ns})
  Destination:            system_i/aes_gcm_axis_0/inst/u_aes/state2_reg[82]/CLR
                            (removal check against rising-edge clock clk_pl_0  {rise@0.000ns fall@6.667ns period=13.333ns})
  Path Group:             **async_default**
  Path Type:              Removal (Min at Fast Process Corner)
  Requirement:            0.000ns  (clk_pl_0 rise@0.000ns - clk_pl_0 rise@0.000ns)
  Data Path Delay:        1.640ns  (logic 0.092ns (5.609%)  route 1.548ns (94.391%))
  Logic Levels:           2  (BUFGCE=1 LUT2=1)
  Clock Path Skew:        0.214ns (DCD - SCD - CPR)
    Destination Clock Delay (DCD):    1.413ns
    Source Clock Delay      (SCD):    1.119ns
    Clock Pessimism Removal (CPR):    0.080ns
  Clock Net Delay (Source):      0.980ns (routing 0.311ns, distribution 0.669ns)
  Clock Net Delay (Destination): 1.241ns (routing 0.352ns, distribution 0.889ns)

    Location             Delay type                Incr(ns)  Path(ns)    Netlist Resource(s)
  -------------------------------------------------------------------    -------------------
                         (clock clk_pl_0 rise edge)
                                                      0.000     0.000 r  <hidden>
    PS8_X0Y0             PS8                          0.000     0.000 r  system_i/zynq_ultra_ps_e_0/inst/PS8_i/PLCLK[0]
                         net (fo=1, routed)           0.122     0.122    system_i/zynq_ultra_ps_e_0/inst/pl_clk_unbuffered[0]
    BUFG_PS_X0Y80        BUFG_PS (Prop_BUFG_PS_I_O)
                                                      0.017     0.139 r  system_i/zynq_ultra_ps_e_0/inst/buffer_pl_clk_0.PL_CLK_0_BUFG/O
    X1Y2 (CLOCK_ROOT)    net (fo=13924, routed)       0.980     1.119    system_i/aes_gcm_axis_0/inst/aclk
    SLICE_X55Y225        FDRE                                         r  system_i/aes_gcm_axis_0/inst/soft_reset_pulse_reg/C
  -------------------------------------------------------------------    -------------------
    SLICE_X55Y225        FDRE (Prop_CFF_SLICEL_C_Q)
                                                      0.039     1.158 f  system_i/aes_gcm_axis_0/inst/soft_reset_pulse_reg/Q
                         net (fo=11, routed)          0.176     1.333    system_i/aes_gcm_axis_0/inst/u_aes/setup_state_reg[1]
    SLICE_X56Y215        LUT2 (Prop_C5LUT_SLICEM_I0_O)
                                                      0.036     1.369 f  system_i/aes_gcm_axis_0/inst/u_aes/output_data[127]_i_1/O
                         net (fo=1, routed)           0.780     2.149    system_i/aes_gcm_axis_0/inst/u_aes/SR[0]_bufg_place
    BUFGCE_X1Y98         BUFGCE (Prop_BUFCE_BUFGCE_I_O)
                                                      0.017     2.166 f  system_i/aes_gcm_axis_0/inst/u_aes/output_data[127]_i_1_bufg_place/O
                         net (fo=2833, routed)        0.593     2.759    system_i/aes_gcm_axis_0/inst/u_aes/SR[0]
    SLICE_X77Y288        FDCE                                         f  system_i/aes_gcm_axis_0/inst/u_aes/state2_reg[82]/CLR
  -------------------------------------------------------------------    -------------------

                         (clock clk_pl_0 rise edge)
                                                      0.000     0.000 r  <hidden>
    PS8_X0Y0             PS8                          0.000     0.000 r  system_i/zynq_ultra_ps_e_0/inst/PS8_i/PLCLK[0]
                         net (fo=1, routed)           0.154     0.154    system_i/zynq_ultra_ps_e_0/inst/pl_clk_unbuffered[0]
    BUFG_PS_X0Y80        BUFG_PS (Prop_BUFG_PS_I_O)
                                                      0.018     0.172 r  system_i/zynq_ultra_ps_e_0/inst/buffer_pl_clk_0.PL_CLK_0_BUFG/O
    X1Y2 (CLOCK_ROOT)    net (fo=13924, routed)       1.241     1.413    system_i/aes_gcm_axis_0/inst/u_aes/aclk
    SLICE_X77Y288        FDCE                                         r  system_i/aes_gcm_axis_0/inst/u_aes/state2_reg[82]/C
                         clock pessimism             -0.080     1.333    <hidden>
    SLICE_X77Y288        FDCE (Remov_HFF2_SLICEL_C_CLR)
                                                     -0.020     1.313    system_i/aes_gcm_axis_0/inst/u_aes/state2_reg[82]
  -------------------------------------------------------------------
                         required time                         -1.313    <hidden>
                         arrival time                           2.759    <hidden>
  -------------------------------------------------------------------
                         slack                                  1.446    <hidden>

Slack (MET) :             1.446ns  (arrival time - required time)
  Source:                 system_i/aes_gcm_axis_0/inst/soft_reset_pulse_reg/C
                            (rising edge-triggered cell FDRE clocked by clk_pl_0  {rise@0.000ns fall@6.667ns period=13.333ns})
  Destination:            system_i/aes_gcm_axis_0/inst/u_aes/state5_reg[42]/CLR
                            (removal check against rising-edge clock clk_pl_0  {rise@0.000ns fall@6.667ns period=13.333ns})
  Path Group:             **async_default**
  Path Type:              Removal (Min at Fast Process Corner)
  Requirement:            0.000ns  (clk_pl_0 rise@0.000ns - clk_pl_0 rise@0.000ns)
  Data Path Delay:        1.640ns  (logic 0.092ns (5.609%)  route 1.548ns (94.391%))
  Logic Levels:           2  (BUFGCE=1 LUT2=1)
  Clock Path Skew:        0.214ns (DCD - SCD - CPR)
    Destination Clock Delay (DCD):    1.413ns
    Source Clock Delay      (SCD):    1.119ns
    Clock Pessimism Removal (CPR):    0.080ns
  Clock Net Delay (Source):      0.980ns (routing 0.311ns, distribution 0.669ns)
  Clock Net Delay (Destination): 1.241ns (routing 0.352ns, distribution 0.889ns)

    Location             Delay type                Incr(ns)  Path(ns)    Netlist Resource(s)
  -------------------------------------------------------------------    -------------------
                         (clock clk_pl_0 rise edge)
                                                      0.000     0.000 r  <hidden>
    PS8_X0Y0             PS8                          0.000     0.000 r  system_i/zynq_ultra_ps_e_0/inst/PS8_i/PLCLK[0]
                         net (fo=1, routed)           0.122     0.122    system_i/zynq_ultra_ps_e_0/inst/pl_clk_unbuffered[0]
    BUFG_PS_X0Y80        BUFG_PS (Prop_BUFG_PS_I_O)
                                                      0.017     0.139 r  system_i/zynq_ultra_ps_e_0/inst/buffer_pl_clk_0.PL_CLK_0_BUFG/O
    X1Y2 (CLOCK_ROOT)    net (fo=13924, routed)       0.980     1.119    system_i/aes_gcm_axis_0/inst/aclk
    SLICE_X55Y225        FDRE                                         r  system_i/aes_gcm_axis_0/inst/soft_reset_pulse_reg/C
  -------------------------------------------------------------------    -------------------
    SLICE_X55Y225        FDRE (Prop_CFF_SLICEL_C_Q)
                                                      0.039     1.158 f  system_i/aes_gcm_axis_0/inst/soft_reset_pulse_reg/Q
                         net (fo=11, routed)          0.176     1.333    system_i/aes_gcm_axis_0/inst/u_aes/setup_state_reg[1]
    SLICE_X56Y215        LUT2 (Prop_C5LUT_SLICEM_I0_O)
                                                      0.036     1.369 f  system_i/aes_gcm_axis_0/inst/u_aes/output_data[127]_i_1/O
                         net (fo=1, routed)           0.780     2.149    system_i/aes_gcm_axis_0/inst/u_aes/SR[0]_bufg_place
    BUFGCE_X1Y98         BUFGCE (Prop_BUFCE_BUFGCE_I_O)
                                                      0.017     2.166 f  system_i/aes_gcm_axis_0/inst/u_aes/output_data[127]_i_1_bufg_place/O
                         net (fo=2833, routed)        0.593     2.759    system_i/aes_gcm_axis_0/inst/u_aes/SR[0]
    SLICE_X77Y288        FDCE                                         f  system_i/aes_gcm_axis_0/inst/u_aes/state5_reg[42]/CLR
  -------------------------------------------------------------------    -------------------

                         (clock clk_pl_0 rise edge)
                                                      0.000     0.000 r  <hidden>
    PS8_X0Y0             PS8                          0.000     0.000 r  system_i/zynq_ultra_ps_e_0/inst/PS8_i/PLCLK[0]
                         net (fo=1, routed)           0.154     0.154    system_i/zynq_ultra_ps_e_0/inst/pl_clk_unbuffered[0]
    BUFG_PS_X0Y80        BUFG_PS (Prop_BUFG_PS_I_O)
                                                      0.018     0.172 r  system_i/zynq_ultra_ps_e_0/inst/buffer_pl_clk_0.PL_CLK_0_BUFG/O
    X1Y2 (CLOCK_ROOT)    net (fo=13924, routed)       1.241     1.413    system_i/aes_gcm_axis_0/inst/u_aes/aclk
    SLICE_X77Y288        FDCE                                         r  system_i/aes_gcm_axis_0/inst/u_aes/state5_reg[42]/C
                         clock pessimism             -0.080     1.333    <hidden>
    SLICE_X77Y288        FDCE (Remov_GFF2_SLICEL_C_CLR)
                                                     -0.020     1.313    system_i/aes_gcm_axis_0/inst/u_aes/state5_reg[42]
  -------------------------------------------------------------------
                         required time                         -1.313    <hidden>
                         arrival time                           2.759    <hidden>
  -------------------------------------------------------------------
                         slack                                  1.446    <hidden>

Slack (MET) :             1.446ns  (arrival time - required time)
  Source:                 system_i/aes_gcm_axis_0/inst/soft_reset_pulse_reg/C
                            (rising edge-triggered cell FDRE clocked by clk_pl_0  {rise@0.000ns fall@6.667ns period=13.333ns})
  Destination:            system_i/aes_gcm_axis_0/inst/u_aes/state5_reg[45]/CLR
                            (removal check against rising-edge clock clk_pl_0  {rise@0.000ns fall@6.667ns period=13.333ns})
  Path Group:             **async_default**
  Path Type:              Removal (Min at Fast Process Corner)
  Requirement:            0.000ns  (clk_pl_0 rise@0.000ns - clk_pl_0 rise@0.000ns)
  Data Path Delay:        1.640ns  (logic 0.092ns (5.609%)  route 1.548ns (94.391%))
  Logic Levels:           2  (BUFGCE=1 LUT2=1)
  Clock Path Skew:        0.214ns (DCD - SCD - CPR)
    Destination Clock Delay (DCD):    1.413ns
    Source Clock Delay      (SCD):    1.119ns
    Clock Pessimism Removal (CPR):    0.080ns
  Clock Net Delay (Source):      0.980ns (routing 0.311ns, distribution 0.669ns)
  Clock Net Delay (Destination): 1.241ns (routing 0.352ns, distribution 0.889ns)

    Location             Delay type                Incr(ns)  Path(ns)    Netlist Resource(s)
  -------------------------------------------------------------------    -------------------
                         (clock clk_pl_0 rise edge)
                                                      0.000     0.000 r  <hidden>
    PS8_X0Y0             PS8                          0.000     0.000 r  system_i/zynq_ultra_ps_e_0/inst/PS8_i/PLCLK[0]
                         net (fo=1, routed)           0.122     0.122    system_i/zynq_ultra_ps_e_0/inst/pl_clk_unbuffered[0]
    BUFG_PS_X0Y80        BUFG_PS (Prop_BUFG_PS_I_O)
                                                      0.017     0.139 r  system_i/zynq_ultra_ps_e_0/inst/buffer_pl_clk_0.PL_CLK_0_BUFG/O
    X1Y2 (CLOCK_ROOT)    net (fo=13924, routed)       0.980     1.119    system_i/aes_gcm_axis_0/inst/aclk
    SLICE_X55Y225        FDRE                                         r  system_i/aes_gcm_axis_0/inst/soft_reset_pulse_reg/C
  -------------------------------------------------------------------    -------------------
    SLICE_X55Y225        FDRE (Prop_CFF_SLICEL_C_Q)
                                                      0.039     1.158 f  system_i/aes_gcm_axis_0/inst/soft_reset_pulse_reg/Q
                         net (fo=11, routed)          0.176     1.333    system_i/aes_gcm_axis_0/inst/u_aes/setup_state_reg[1]
    SLICE_X56Y215        LUT2 (Prop_C5LUT_SLICEM_I0_O)
                                                      0.036     1.369 f  system_i/aes_gcm_axis_0/inst/u_aes/output_data[127]_i_1/O
                         net (fo=1, routed)           0.780     2.149    system_i/aes_gcm_axis_0/inst/u_aes/SR[0]_bufg_place
    BUFGCE_X1Y98         BUFGCE (Prop_BUFCE_BUFGCE_I_O)
                                                      0.017     2.166 f  system_i/aes_gcm_axis_0/inst/u_aes/output_data[127]_i_1_bufg_place/O
                         net (fo=2833, routed)        0.593     2.759    system_i/aes_gcm_axis_0/inst/u_aes/SR[0]
    SLICE_X76Y288        FDCE                                         f  system_i/aes_gcm_axis_0/inst/u_aes/state5_reg[45]/CLR
  -------------------------------------------------------------------    -------------------

                         (clock clk_pl_0 rise edge)
                                                      0.000     0.000 r  <hidden>
    PS8_X0Y0             PS8                          0.000     0.000 r  system_i/zynq_ultra_ps_e_0/inst/PS8_i/PLCLK[0]
                         net (fo=1, routed)           0.154     0.154    system_i/zynq_ultra_ps_e_0/inst/pl_clk_unbuffered[0]
    BUFG_PS_X0Y80        BUFG_PS (Prop_BUFG_PS_I_O)
                                                      0.018     0.172 r  system_i/zynq_ultra_ps_e_0/inst/buffer_pl_clk_0.PL_CLK_0_BUFG/O
    X1Y2 (CLOCK_ROOT)    net (fo=13924, routed)       1.241     1.413    system_i/aes_gcm_axis_0/inst/u_aes/aclk
    SLICE_X76Y288        FDCE                                         r  system_i/aes_gcm_axis_0/inst/u_aes/state5_reg[45]/C
                         clock pessimism             -0.080     1.333    <hidden>
    SLICE_X76Y288        FDCE (Remov_HFF2_SLICEL_C_CLR)
                                                     -0.020     1.313    system_i/aes_gcm_axis_0/inst/u_aes/state5_reg[45]
  -------------------------------------------------------------------
                         required time                         -1.313    <hidden>
                         arrival time                           2.759    <hidden>
  -------------------------------------------------------------------
                         slack                                  1.446    <hidden>

Slack (MET) :             1.451ns  (arrival time - required time)
  Source:                 system_i/aes_gcm_axis_0/inst/soft_reset_pulse_reg/C
                            (rising edge-triggered cell FDRE clocked by clk_pl_0  {rise@0.000ns fall@6.667ns period=13.333ns})
  Destination:            system_i/aes_gcm_axis_0/inst/u_aes/ciphertext_reg[61]/CLR
                            (removal check against rising-edge clock clk_pl_0  {rise@0.000ns fall@6.667ns period=13.333ns})
  Path Group:             **async_default**
  Path Type:              Removal (Min at Fast Process Corner)
  Requirement:            0.000ns  (clk_pl_0 rise@0.000ns - clk_pl_0 rise@0.000ns)
  Data Path Delay:        1.672ns  (logic 0.092ns (5.502%)  route 1.580ns (94.498%))
  Logic Levels:           2  (BUFGCE=1 LUT2=1)
  Clock Path Skew:        0.241ns (DCD - SCD - CPR)
    Destination Clock Delay (DCD):    1.440ns
    Source Clock Delay      (SCD):    1.119ns
    Clock Pessimism Removal (CPR):    0.080ns
  Clock Net Delay (Source):      0.980ns (routing 0.311ns, distribution 0.669ns)
  Clock Net Delay (Destination): 1.268ns (routing 0.352ns, distribution 0.916ns)

    Location             Delay type                Incr(ns)  Path(ns)    Netlist Resource(s)
  -------------------------------------------------------------------    -------------------
                         (clock clk_pl_0 rise edge)
                                                      0.000     0.000 r  <hidden>
    PS8_X0Y0             PS8                          0.000     0.000 r  system_i/zynq_ultra_ps_e_0/inst/PS8_i/PLCLK[0]
                         net (fo=1, routed)           0.122     0.122    system_i/zynq_ultra_ps_e_0/inst/pl_clk_unbuffered[0]
    BUFG_PS_X0Y80        BUFG_PS (Prop_BUFG_PS_I_O)
                                                      0.017     0.139 r  system_i/zynq_ultra_ps_e_0/inst/buffer_pl_clk_0.PL_CLK_0_BUFG/O
    X1Y2 (CLOCK_ROOT)    net (fo=13924, routed)       0.980     1.119    system_i/aes_gcm_axis_0/inst/aclk
    SLICE_X55Y225        FDRE                                         r  system_i/aes_gcm_axis_0/inst/soft_reset_pulse_reg/C
  -------------------------------------------------------------------    -------------------
    SLICE_X55Y225        FDRE (Prop_CFF_SLICEL_C_Q)
                                                      0.039     1.158 f  system_i/aes_gcm_axis_0/inst/soft_reset_pulse_reg/Q
                         net (fo=11, routed)          0.176     1.333    system_i/aes_gcm_axis_0/inst/u_aes/setup_state_reg[1]
    SLICE_X56Y215        LUT2 (Prop_C5LUT_SLICEM_I0_O)
                                                      0.036     1.369 f  system_i/aes_gcm_axis_0/inst/u_aes/output_data[127]_i_1/O
                         net (fo=1, routed)           0.780     2.149    system_i/aes_gcm_axis_0/inst/u_aes/SR[0]_bufg_place
    BUFGCE_X1Y98         BUFGCE (Prop_BUFCE_BUFGCE_I_O)
                                                      0.017     2.166 f  system_i/aes_gcm_axis_0/inst/u_aes/output_data[127]_i_1_bufg_place/O
                         net (fo=2833, routed)        0.625     2.791    system_i/aes_gcm_axis_0/inst/u_aes/SR[0]
    SLICE_X82Y310        FDCE                                         f  system_i/aes_gcm_axis_0/inst/u_aes/ciphertext_reg[61]/CLR
  -------------------------------------------------------------------    -------------------

                         (clock clk_pl_0 rise edge)
                                                      0.000     0.000 r  <hidden>
    PS8_X0Y0             PS8                          0.000     0.000 r  system_i/zynq_ultra_ps_e_0/inst/PS8_i/PLCLK[0]
                         net (fo=1, routed)           0.154     0.154    system_i/zynq_ultra_ps_e_0/inst/pl_clk_unbuffered[0]
    BUFG_PS_X0Y80        BUFG_PS (Prop_BUFG_PS_I_O)
                                                      0.018     0.172 r  system_i/zynq_ultra_ps_e_0/inst/buffer_pl_clk_0.PL_CLK_0_BUFG/O
    X1Y2 (CLOCK_ROOT)    net (fo=13924, routed)       1.268     1.440    system_i/aes_gcm_axis_0/inst/u_aes/aclk
    SLICE_X82Y310        FDCE                                         r  system_i/aes_gcm_axis_0/inst/u_aes/ciphertext_reg[61]/C
                         clock pessimism             -0.080     1.360    <hidden>
    SLICE_X82Y310        FDCE (Remov_HFF_SLICEL_C_CLR)
                                                     -0.020     1.340    system_i/aes_gcm_axis_0/inst/u_aes/ciphertext_reg[61]
  -------------------------------------------------------------------
                         required time                         -1.340    <hidden>
                         arrival time                           2.791    <hidden>
  -------------------------------------------------------------------
                         slack                                  1.451    <hidden>

Slack (MET) :             1.451ns  (arrival time - required time)
  Source:                 system_i/aes_gcm_axis_0/inst/soft_reset_pulse_reg/C
                            (rising edge-triggered cell FDRE clocked by clk_pl_0  {rise@0.000ns fall@6.667ns period=13.333ns})
  Destination:            system_i/aes_gcm_axis_0/inst/u_aes/state9_reg[84]/CLR
                            (removal check against rising-edge clock clk_pl_0  {rise@0.000ns fall@6.667ns period=13.333ns})
  Path Group:             **async_default**
  Path Type:              Removal (Min at Fast Process Corner)
  Requirement:            0.000ns  (clk_pl_0 rise@0.000ns - clk_pl_0 rise@0.000ns)
  Data Path Delay:        1.666ns  (logic 0.092ns (5.522%)  route 1.574ns (94.478%))
  Logic Levels:           2  (BUFGCE=1 LUT2=1)
  Clock Path Skew:        0.235ns (DCD - SCD - CPR)
    Destination Clock Delay (DCD):    1.433ns
    Source Clock Delay      (SCD):    1.119ns
    Clock Pessimism Removal (CPR):    0.080ns
  Clock Net Delay (Source):      0.980ns (routing 0.311ns, distribution 0.669ns)
  Clock Net Delay (Destination): 1.261ns (routing 0.352ns, distribution 0.909ns)

    Location             Delay type                Incr(ns)  Path(ns)    Netlist Resource(s)
  -------------------------------------------------------------------    -------------------
                         (clock clk_pl_0 rise edge)
                                                      0.000     0.000 r  <hidden>
    PS8_X0Y0             PS8                          0.000     0.000 r  system_i/zynq_ultra_ps_e_0/inst/PS8_i/PLCLK[0]
                         net (fo=1, routed)           0.122     0.122    system_i/zynq_ultra_ps_e_0/inst/pl_clk_unbuffered[0]
    BUFG_PS_X0Y80        BUFG_PS (Prop_BUFG_PS_I_O)
                                                      0.017     0.139 r  system_i/zynq_ultra_ps_e_0/inst/buffer_pl_clk_0.PL_CLK_0_BUFG/O
    X1Y2 (CLOCK_ROOT)    net (fo=13924, routed)       0.980     1.119    system_i/aes_gcm_axis_0/inst/aclk
    SLICE_X55Y225        FDRE                                         r  system_i/aes_gcm_axis_0/inst/soft_reset_pulse_reg/C
  -------------------------------------------------------------------    -------------------
    SLICE_X55Y225        FDRE (Prop_CFF_SLICEL_C_Q)
                                                      0.039     1.158 f  system_i/aes_gcm_axis_0/inst/soft_reset_pulse_reg/Q
                         net (fo=11, routed)          0.176     1.333    system_i/aes_gcm_axis_0/inst/u_aes/setup_state_reg[1]
    SLICE_X56Y215        LUT2 (Prop_C5LUT_SLICEM_I0_O)
                                                      0.036     1.369 f  system_i/aes_gcm_axis_0/inst/u_aes/output_data[127]_i_1/O
                         net (fo=1, routed)           0.780     2.149    system_i/aes_gcm_axis_0/inst/u_aes/SR[0]_bufg_place
    BUFGCE_X1Y98         BUFGCE (Prop_BUFCE_BUFGCE_I_O)
                                                      0.017     2.166 f  system_i/aes_gcm_axis_0/inst/u_aes/output_data[127]_i_1_bufg_place/O
                         net (fo=2833, routed)        0.619     2.785    system_i/aes_gcm_axis_0/inst/u_aes/SR[0]
    SLICE_X85Y308        FDCE                                         f  system_i/aes_gcm_axis_0/inst/u_aes/state9_reg[84]/CLR
  -------------------------------------------------------------------    -------------------

                         (clock clk_pl_0 rise edge)
                                                      0.000     0.000 r  <hidden>
    PS8_X0Y0             PS8                          0.000     0.000 r  system_i/zynq_ultra_ps_e_0/inst/PS8_i/PLCLK[0]
                         net (fo=1, routed)           0.154     0.154    system_i/zynq_ultra_ps_e_0/inst/pl_clk_unbuffered[0]
    BUFG_PS_X0Y80        BUFG_PS (Prop_BUFG_PS_I_O)
                                                      0.018     0.172 r  system_i/zynq_ultra_ps_e_0/inst/buffer_pl_clk_0.PL_CLK_0_BUFG/O
    X1Y2 (CLOCK_ROOT)    net (fo=13924, routed)       1.261     1.433    system_i/aes_gcm_axis_0/inst/u_aes/aclk
    SLICE_X85Y308        FDCE                                         r  system_i/aes_gcm_axis_0/inst/u_aes/state9_reg[84]/C
                         clock pessimism             -0.080     1.353    <hidden>
    SLICE_X85Y308        FDCE (Remov_HFF_SLICEL_C_CLR)
                                                     -0.020     1.333    system_i/aes_gcm_axis_0/inst/u_aes/state9_reg[84]
  -------------------------------------------------------------------
                         required time                         -1.333    <hidden>
                         arrival time                           2.785    <hidden>
  -------------------------------------------------------------------
                         slack                                  1.451    <hidden>

Slack (MET) :             1.452ns  (arrival time - required time)
  Source:                 system_i/aes_gcm_axis_0/inst/soft_reset_pulse_reg/C
                            (rising edge-triggered cell FDRE clocked by clk_pl_0  {rise@0.000ns fall@6.667ns period=13.333ns})
  Destination:            system_i/aes_gcm_axis_0/inst/u_aes/state5_reg[57]/CLR
                            (removal check against rising-edge clock clk_pl_0  {rise@0.000ns fall@6.667ns period=13.333ns})
  Path Group:             **async_default**
  Path Type:              Removal (Min at Fast Process Corner)
  Requirement:            0.000ns  (clk_pl_0 rise@0.000ns - clk_pl_0 rise@0.000ns)
  Data Path Delay:        1.664ns  (logic 0.092ns (5.530%)  route 1.572ns (94.470%))
  Logic Levels:           2  (BUFGCE=1 LUT2=1)
  Clock Path Skew:        0.232ns (DCD - SCD - CPR)
    Destination Clock Delay (DCD):    1.430ns
    Source Clock Delay      (SCD):    1.119ns
    Clock Pessimism Removal (CPR):    0.080ns
  Clock Net Delay (Source):      0.980ns (routing 0.311ns, distribution 0.669ns)
  Clock Net Delay (Destination): 1.258ns (routing 0.352ns, distribution 0.906ns)

    Location             Delay type                Incr(ns)  Path(ns)    Netlist Resource(s)
  -------------------------------------------------------------------    -------------------
                         (clock clk_pl_0 rise edge)
                                                      0.000     0.000 r  <hidden>
    PS8_X0Y0             PS8                          0.000     0.000 r  system_i/zynq_ultra_ps_e_0/inst/PS8_i/PLCLK[0]
                         net (fo=1, routed)           0.122     0.122    system_i/zynq_ultra_ps_e_0/inst/pl_clk_unbuffered[0]
    BUFG_PS_X0Y80        BUFG_PS (Prop_BUFG_PS_I_O)
                                                      0.017     0.139 r  system_i/zynq_ultra_ps_e_0/inst/buffer_pl_clk_0.PL_CLK_0_BUFG/O
    X1Y2 (CLOCK_ROOT)    net (fo=13924, routed)       0.980     1.119    system_i/aes_gcm_axis_0/inst/aclk
    SLICE_X55Y225        FDRE                                         r  system_i/aes_gcm_axis_0/inst/soft_reset_pulse_reg/C
  -------------------------------------------------------------------    -------------------
    SLICE_X55Y225        FDRE (Prop_CFF_SLICEL_C_Q)
                                                      0.039     1.158 f  system_i/aes_gcm_axis_0/inst/soft_reset_pulse_reg/Q
                         net (fo=11, routed)          0.176     1.333    system_i/aes_gcm_axis_0/inst/u_aes/setup_state_reg[1]
    SLICE_X56Y215        LUT2 (Prop_C5LUT_SLICEM_I0_O)
                                                      0.036     1.369 f  system_i/aes_gcm_axis_0/inst/u_aes/output_data[127]_i_1/O
                         net (fo=1, routed)           0.780     2.149    system_i/aes_gcm_axis_0/inst/u_aes/SR[0]_bufg_place
    BUFGCE_X1Y98         BUFGCE (Prop_BUFCE_BUFGCE_I_O)
                                                      0.017     2.166 f  system_i/aes_gcm_axis_0/inst/u_aes/output_data[127]_i_1_bufg_place/O
                         net (fo=2833, routed)        0.616     2.782    system_i/aes_gcm_axis_0/inst/u_aes/SR[0]
    SLICE_X72Y304        FDCE                                         f  system_i/aes_gcm_axis_0/inst/u_aes/state5_reg[57]/CLR
  -------------------------------------------------------------------    -------------------

                         (clock clk_pl_0 rise edge)
                                                      0.000     0.000 r  <hidden>
    PS8_X0Y0             PS8                          0.000     0.000 r  system_i/zynq_ultra_ps_e_0/inst/PS8_i/PLCLK[0]
                         net (fo=1, routed)           0.154     0.154    system_i/zynq_ultra_ps_e_0/inst/pl_clk_unbuffered[0]
    BUFG_PS_X0Y80        BUFG_PS (Prop_BUFG_PS_I_O)
                                                      0.018     0.172 r  system_i/zynq_ultra_ps_e_0/inst/buffer_pl_clk_0.PL_CLK_0_BUFG/O
    X1Y2 (CLOCK_ROOT)    net (fo=13924, routed)       1.258     1.430    system_i/aes_gcm_axis_0/inst/u_aes/aclk
    SLICE_X72Y304        FDCE                                         r  system_i/aes_gcm_axis_0/inst/u_aes/state5_reg[57]/C
                         clock pessimism             -0.080     1.350    <hidden>
    SLICE_X72Y304        FDCE (Remov_HFF2_SLICEL_C_CLR)
                                                     -0.020     1.330    system_i/aes_gcm_axis_0/inst/u_aes/state5_reg[57]
  -------------------------------------------------------------------
                         required time                         -1.330    <hidden>
                         arrival time                           2.782    <hidden>
  -------------------------------------------------------------------
                         slack                                  1.452    <hidden>

Slack (MET) :             1.452ns  (arrival time - required time)
  Source:                 system_i/aes_gcm_axis_0/inst/soft_reset_pulse_reg/C
                            (rising edge-triggered cell FDRE clocked by clk_pl_0  {rise@0.000ns fall@6.667ns period=13.333ns})
  Destination:            system_i/aes_gcm_axis_0/inst/u_aes/ciphertext_reg[121]/CLR
                            (removal check against rising-edge clock clk_pl_0  {rise@0.000ns fall@6.667ns period=13.333ns})
  Path Group:             **async_default**
  Path Type:              Removal (Min at Fast Process Corner)
  Requirement:            0.000ns  (clk_pl_0 rise@0.000ns - clk_pl_0 rise@0.000ns)
  Data Path Delay:        1.667ns  (logic 0.092ns (5.520%)  route 1.575ns (94.480%))
  Logic Levels:           2  (BUFGCE=1 LUT2=1)
  Clock Path Skew:        0.235ns (DCD - SCD - CPR)
    Destination Clock Delay (DCD):    1.433ns
    Source Clock Delay      (SCD):    1.119ns
    Clock Pessimism Removal (CPR):    0.080ns
  Clock Net Delay (Source):      0.980ns (routing 0.311ns, distribution 0.669ns)
  Clock Net Delay (Destination): 1.261ns (routing 0.352ns, distribution 0.909ns)

    Location             Delay type                Incr(ns)  Path(ns)    Netlist Resource(s)
  -------------------------------------------------------------------    -------------------
                         (clock clk_pl_0 rise edge)
                                                      0.000     0.000 r  <hidden>
    PS8_X0Y0             PS8                          0.000     0.000 r  system_i/zynq_ultra_ps_e_0/inst/PS8_i/PLCLK[0]
                         net (fo=1, routed)           0.122     0.122    system_i/zynq_ultra_ps_e_0/inst/pl_clk_unbuffered[0]
    BUFG_PS_X0Y80        BUFG_PS (Prop_BUFG_PS_I_O)
                                                      0.017     0.139 r  system_i/zynq_ultra_ps_e_0/inst/buffer_pl_clk_0.PL_CLK_0_BUFG/O
    X1Y2 (CLOCK_ROOT)    net (fo=13924, routed)       0.980     1.119    system_i/aes_gcm_axis_0/inst/aclk
    SLICE_X55Y225        FDRE                                         r  system_i/aes_gcm_axis_0/inst/soft_reset_pulse_reg/C
  -------------------------------------------------------------------    -------------------
    SLICE_X55Y225        FDRE (Prop_CFF_SLICEL_C_Q)
                                                      0.039     1.158 f  system_i/aes_gcm_axis_0/inst/soft_reset_pulse_reg/Q
                         net (fo=11, routed)          0.176     1.333    system_i/aes_gcm_axis_0/inst/u_aes/setup_state_reg[1]
    SLICE_X56Y215        LUT2 (Prop_C5LUT_SLICEM_I0_O)
                                                      0.036     1.369 f  system_i/aes_gcm_axis_0/inst/u_aes/output_data[127]_i_1/O
                         net (fo=1, routed)           0.780     2.149    system_i/aes_gcm_axis_0/inst/u_aes/SR[0]_bufg_place
    BUFGCE_X1Y98         BUFGCE (Prop_BUFCE_BUFGCE_I_O)
                                                      0.017     2.166 f  system_i/aes_gcm_axis_0/inst/u_aes/output_data[127]_i_1_bufg_place/O
                         net (fo=2833, routed)        0.619     2.785    system_i/aes_gcm_axis_0/inst/u_aes/SR[0]
    SLICE_X77Y309        FDCE                                         f  system_i/aes_gcm_axis_0/inst/u_aes/ciphertext_reg[121]/CLR
  -------------------------------------------------------------------    -------------------

                         (clock clk_pl_0 rise edge)
                                                      0.000     0.000 r  <hidden>
    PS8_X0Y0             PS8                          0.000     0.000 r  system_i/zynq_ultra_ps_e_0/inst/PS8_i/PLCLK[0]
                         net (fo=1, routed)           0.154     0.154    system_i/zynq_ultra_ps_e_0/inst/pl_clk_unbuffered[0]
    BUFG_PS_X0Y80        BUFG_PS (Prop_BUFG_PS_I_O)
                                                      0.018     0.172 r  system_i/zynq_ultra_ps_e_0/inst/buffer_pl_clk_0.PL_CLK_0_BUFG/O
    X1Y2 (CLOCK_ROOT)    net (fo=13924, routed)       1.261     1.433    system_i/aes_gcm_axis_0/inst/u_aes/aclk
    SLICE_X77Y309        FDCE                                         r  system_i/aes_gcm_axis_0/inst/u_aes/ciphertext_reg[121]/C
                         clock pessimism             -0.080     1.353    <hidden>
    SLICE_X77Y309        FDCE (Remov_EFF_SLICEL_C_CLR)
                                                     -0.020     1.333    system_i/aes_gcm_axis_0/inst/u_aes/ciphertext_reg[121]
  -------------------------------------------------------------------
                         required time                         -1.333    <hidden>
                         arrival time                           2.785    <hidden>
  -------------------------------------------------------------------
                         slack                                  1.452    <hidden>

Slack (MET) :             1.452ns  (arrival time - required time)
  Source:                 system_i/aes_gcm_axis_0/inst/soft_reset_pulse_reg/C
                            (rising edge-triggered cell FDRE clocked by clk_pl_0  {rise@0.000ns fall@6.667ns period=13.333ns})
  Destination:            system_i/aes_gcm_axis_0/inst/u_aes/state9_reg[82]/CLR
                            (removal check against rising-edge clock clk_pl_0  {rise@0.000ns fall@6.667ns period=13.333ns})
  Path Group:             **async_default**
  Path Type:              Removal (Min at Fast Process Corner)
  Requirement:            0.000ns  (clk_pl_0 rise@0.000ns - clk_pl_0 rise@0.000ns)
  Data Path Delay:        1.667ns  (logic 0.092ns (5.520%)  route 1.575ns (94.480%))
  Logic Levels:           2  (BUFGCE=1 LUT2=1)
  Clock Path Skew:        0.235ns (DCD - SCD - CPR)
    Destination Clock Delay (DCD):    1.433ns
    Source Clock Delay      (SCD):    1.119ns
    Clock Pessimism Removal (CPR):    0.080ns
  Clock Net Delay (Source):      0.980ns (routing 0.311ns, distribution 0.669ns)
  Clock Net Delay (Destination): 1.261ns (routing 0.352ns, distribution 0.909ns)

    Location             Delay type                Incr(ns)  Path(ns)    Netlist Resource(s)
  -------------------------------------------------------------------    -------------------
                         (clock clk_pl_0 rise edge)
                                                      0.000     0.000 r  <hidden>
    PS8_X0Y0             PS8                          0.000     0.000 r  system_i/zynq_ultra_ps_e_0/inst/PS8_i/PLCLK[0]
                         net (fo=1, routed)           0.122     0.122    system_i/zynq_ultra_ps_e_0/inst/pl_clk_unbuffered[0]
    BUFG_PS_X0Y80        BUFG_PS (Prop_BUFG_PS_I_O)
                                                      0.017     0.139 r  system_i/zynq_ultra_ps_e_0/inst/buffer_pl_clk_0.PL_CLK_0_BUFG/O
    X1Y2 (CLOCK_ROOT)    net (fo=13924, routed)       0.980     1.119    system_i/aes_gcm_axis_0/inst/aclk
    SLICE_X55Y225        FDRE                                         r  system_i/aes_gcm_axis_0/inst/soft_reset_pulse_reg/C
  -------------------------------------------------------------------    -------------------
    SLICE_X55Y225        FDRE (Prop_CFF_SLICEL_C_Q)
                                                      0.039     1.158 f  system_i/aes_gcm_axis_0/inst/soft_reset_pulse_reg/Q
                         net (fo=11, routed)          0.176     1.333    system_i/aes_gcm_axis_0/inst/u_aes/setup_state_reg[1]
    SLICE_X56Y215        LUT2 (Prop_C5LUT_SLICEM_I0_O)
                                                      0.036     1.369 f  system_i/aes_gcm_axis_0/inst/u_aes/output_data[127]_i_1/O
                         net (fo=1, routed)           0.780     2.149    system_i/aes_gcm_axis_0/inst/u_aes/SR[0]_bufg_place
    BUFGCE_X1Y98         BUFGCE (Prop_BUFCE_BUFGCE_I_O)
                                                      0.017     2.166 f  system_i/aes_gcm_axis_0/inst/u_aes/output_data[127]_i_1_bufg_place/O
                         net (fo=2833, routed)        0.619     2.785    system_i/aes_gcm_axis_0/inst/u_aes/SR[0]
    SLICE_X76Y309        FDCE                                         f  system_i/aes_gcm_axis_0/inst/u_aes/state9_reg[82]/CLR
  -------------------------------------------------------------------    -------------------

                         (clock clk_pl_0 rise edge)
                                                      0.000     0.000 r  <hidden>
    PS8_X0Y0             PS8                          0.000     0.000 r  system_i/zynq_ultra_ps_e_0/inst/PS8_i/PLCLK[0]
                         net (fo=1, routed)           0.154     0.154    system_i/zynq_ultra_ps_e_0/inst/pl_clk_unbuffered[0]
    BUFG_PS_X0Y80        BUFG_PS (Prop_BUFG_PS_I_O)
                                                      0.018     0.172 r  system_i/zynq_ultra_ps_e_0/inst/buffer_pl_clk_0.PL_CLK_0_BUFG/O
    X1Y2 (CLOCK_ROOT)    net (fo=13924, routed)       1.261     1.433    system_i/aes_gcm_axis_0/inst/u_aes/aclk
    SLICE_X76Y309        FDCE                                         r  system_i/aes_gcm_axis_0/inst/u_aes/state9_reg[82]/C
                         clock pessimism             -0.080     1.353    <hidden>
    SLICE_X76Y309        FDCE (Remov_HFF_SLICEL_C_CLR)
                                                     -0.020     1.333    system_i/aes_gcm_axis_0/inst/u_aes/state9_reg[82]
  -------------------------------------------------------------------
                         required time                         -1.333    <hidden>
                         arrival time                           2.785    <hidden>
  -------------------------------------------------------------------
                         slack                                  1.452    <hidden>

Slack (MET) :             1.452ns  (arrival time - required time)
  Source:                 system_i/aes_gcm_axis_0/inst/soft_reset_pulse_reg/C
                            (rising edge-triggered cell FDRE clocked by clk_pl_0  {rise@0.000ns fall@6.667ns period=13.333ns})
  Destination:            system_i/aes_gcm_axis_0/inst/u_aes/state9_reg[20]/CLR
                            (removal check against rising-edge clock clk_pl_0  {rise@0.000ns fall@6.667ns period=13.333ns})
  Path Group:             **async_default**
  Path Type:              Removal (Min at Fast Process Corner)
  Requirement:            0.000ns  (clk_pl_0 rise@0.000ns - clk_pl_0 rise@0.000ns)
  Data Path Delay:        1.668ns  (logic 0.092ns (5.517%)  route 1.576ns (94.483%))
  Logic Levels:           2  (BUFGCE=1 LUT2=1)
  Clock Path Skew:        0.236ns (DCD - SCD - CPR)
    Destination Clock Delay (DCD):    1.434ns
    Source Clock Delay      (SCD):    1.119ns
    Clock Pessimism Removal (CPR):    0.080ns
  Clock Net Delay (Source):      0.980ns (routing 0.311ns, distribution 0.669ns)
  Clock Net Delay (Destination): 1.262ns (routing 0.352ns, distribution 0.910ns)

    Location             Delay type                Incr(ns)  Path(ns)    Netlist Resource(s)
  -------------------------------------------------------------------    -------------------
                         (clock clk_pl_0 rise edge)
                                                      0.000     0.000 r  <hidden>
    PS8_X0Y0             PS8                          0.000     0.000 r  system_i/zynq_ultra_ps_e_0/inst/PS8_i/PLCLK[0]
                         net (fo=1, routed)           0.122     0.122    system_i/zynq_ultra_ps_e_0/inst/pl_clk_unbuffered[0]
    BUFG_PS_X0Y80        BUFG_PS (Prop_BUFG_PS_I_O)
                                                      0.017     0.139 r  system_i/zynq_ultra_ps_e_0/inst/buffer_pl_clk_0.PL_CLK_0_BUFG/O
    X1Y2 (CLOCK_ROOT)    net (fo=13924, routed)       0.980     1.119    system_i/aes_gcm_axis_0/inst/aclk
    SLICE_X55Y225        FDRE                                         r  system_i/aes_gcm_axis_0/inst/soft_reset_pulse_reg/C
  -------------------------------------------------------------------    -------------------
    SLICE_X55Y225        FDRE (Prop_CFF_SLICEL_C_Q)
                                                      0.039     1.158 f  system_i/aes_gcm_axis_0/inst/soft_reset_pulse_reg/Q
                         net (fo=11, routed)          0.176     1.333    system_i/aes_gcm_axis_0/inst/u_aes/setup_state_reg[1]
    SLICE_X56Y215        LUT2 (Prop_C5LUT_SLICEM_I0_O)
                                                      0.036     1.369 f  system_i/aes_gcm_axis_0/inst/u_aes/output_data[127]_i_1/O
                         net (fo=1, routed)           0.780     2.149    system_i/aes_gcm_axis_0/inst/u_aes/SR[0]_bufg_place
    BUFGCE_X1Y98         BUFGCE (Prop_BUFCE_BUFGCE_I_O)
                                                      0.017     2.166 f  system_i/aes_gcm_axis_0/inst/u_aes/output_data[127]_i_1_bufg_place/O
                         net (fo=2833, routed)        0.620     2.786    system_i/aes_gcm_axis_0/inst/u_aes/SR[0]
    SLICE_X80Y312        FDCE                                         f  system_i/aes_gcm_axis_0/inst/u_aes/state9_reg[20]/CLR
  -------------------------------------------------------------------    -------------------

                         (clock clk_pl_0 rise edge)
                                                      0.000     0.000 r  <hidden>
    PS8_X0Y0             PS8                          0.000     0.000 r  system_i/zynq_ultra_ps_e_0/inst/PS8_i/PLCLK[0]
                         net (fo=1, routed)           0.154     0.154    system_i/zynq_ultra_ps_e_0/inst/pl_clk_unbuffered[0]
    BUFG_PS_X0Y80        BUFG_PS (Prop_BUFG_PS_I_O)
                                                      0.018     0.172 r  system_i/zynq_ultra_ps_e_0/inst/buffer_pl_clk_0.PL_CLK_0_BUFG/O
    X1Y2 (CLOCK_ROOT)    net (fo=13924, routed)       1.262     1.434    system_i/aes_gcm_axis_0/inst/u_aes/aclk
    SLICE_X80Y312        FDCE                                         r  system_i/aes_gcm_axis_0/inst/u_aes/state9_reg[20]/C
                         clock pessimism             -0.080     1.354    <hidden>
    SLICE_X80Y312        FDCE (Remov_HFF_SLICEL_C_CLR)
                                                     -0.020     1.334    system_i/aes_gcm_axis_0/inst/u_aes/state9_reg[20]
  -------------------------------------------------------------------
                         required time                         -1.334    <hidden>
                         arrival time                           2.786    <hidden>
  -------------------------------------------------------------------
                         slack                                  1.452    <hidden>

Slack (MET) :             1.452ns  (arrival time - required time)
  Source:                 system_i/aes_gcm_axis_0/inst/soft_reset_pulse_reg/C
                            (rising edge-triggered cell FDRE clocked by clk_pl_0  {rise@0.000ns fall@6.667ns period=13.333ns})
  Destination:            system_i/aes_gcm_axis_0/inst/u_aes/state9_reg[92]/CLR
                            (removal check against rising-edge clock clk_pl_0  {rise@0.000ns fall@6.667ns period=13.333ns})
  Path Group:             **async_default**
  Path Type:              Removal (Min at Fast Process Corner)
  Requirement:            0.000ns  (clk_pl_0 rise@0.000ns - clk_pl_0 rise@0.000ns)
  Data Path Delay:        1.668ns  (logic 0.092ns (5.517%)  route 1.576ns (94.483%))
  Logic Levels:           2  (BUFGCE=1 LUT2=1)
  Clock Path Skew:        0.236ns (DCD - SCD - CPR)
    Destination Clock Delay (DCD):    1.434ns
    Source Clock Delay      (SCD):    1.119ns
    Clock Pessimism Removal (CPR):    0.080ns
  Clock Net Delay (Source):      0.980ns (routing 0.311ns, distribution 0.669ns)
  Clock Net Delay (Destination): 1.262ns (routing 0.352ns, distribution 0.910ns)

    Location             Delay type                Incr(ns)  Path(ns)    Netlist Resource(s)
  -------------------------------------------------------------------    -------------------
                         (clock clk_pl_0 rise edge)
                                                      0.000     0.000 r  <hidden>
    PS8_X0Y0             PS8                          0.000     0.000 r  system_i/zynq_ultra_ps_e_0/inst/PS8_i/PLCLK[0]
                         net (fo=1, routed)           0.122     0.122    system_i/zynq_ultra_ps_e_0/inst/pl_clk_unbuffered[0]
    BUFG_PS_X0Y80        BUFG_PS (Prop_BUFG_PS_I_O)
                                                      0.017     0.139 r  system_i/zynq_ultra_ps_e_0/inst/buffer_pl_clk_0.PL_CLK_0_BUFG/O
    X1Y2 (CLOCK_ROOT)    net (fo=13924, routed)       0.980     1.119    system_i/aes_gcm_axis_0/inst/aclk
    SLICE_X55Y225        FDRE                                         r  system_i/aes_gcm_axis_0/inst/soft_reset_pulse_reg/C
  -------------------------------------------------------------------    -------------------
    SLICE_X55Y225        FDRE (Prop_CFF_SLICEL_C_Q)
                                                      0.039     1.158 f  system_i/aes_gcm_axis_0/inst/soft_reset_pulse_reg/Q
                         net (fo=11, routed)          0.176     1.333    system_i/aes_gcm_axis_0/inst/u_aes/setup_state_reg[1]
    SLICE_X56Y215        LUT2 (Prop_C5LUT_SLICEM_I0_O)
                                                      0.036     1.369 f  system_i/aes_gcm_axis_0/inst/u_aes/output_data[127]_i_1/O
                         net (fo=1, routed)           0.780     2.149    system_i/aes_gcm_axis_0/inst/u_aes/SR[0]_bufg_place
    BUFGCE_X1Y98         BUFGCE (Prop_BUFCE_BUFGCE_I_O)
                                                      0.017     2.166 f  system_i/aes_gcm_axis_0/inst/u_aes/output_data[127]_i_1_bufg_place/O
                         net (fo=2833, routed)        0.620     2.786    system_i/aes_gcm_axis_0/inst/u_aes/SR[0]
    SLICE_X80Y312        FDCE                                         f  system_i/aes_gcm_axis_0/inst/u_aes/state9_reg[92]/CLR
  -------------------------------------------------------------------    -------------------

                         (clock clk_pl_0 rise edge)
                                                      0.000     0.000 r  <hidden>
    PS8_X0Y0             PS8                          0.000     0.000 r  system_i/zynq_ultra_ps_e_0/inst/PS8_i/PLCLK[0]
                         net (fo=1, routed)           0.154     0.154    system_i/zynq_ultra_ps_e_0/inst/pl_clk_unbuffered[0]
    BUFG_PS_X0Y80        BUFG_PS (Prop_BUFG_PS_I_O)
                                                      0.018     0.172 r  system_i/zynq_ultra_ps_e_0/inst/buffer_pl_clk_0.PL_CLK_0_BUFG/O
    X1Y2 (CLOCK_ROOT)    net (fo=13924, routed)       1.262     1.434    system_i/aes_gcm_axis_0/inst/u_aes/aclk
    SLICE_X80Y312        FDCE                                         r  system_i/aes_gcm_axis_0/inst/u_aes/state9_reg[92]/C
                         clock pessimism             -0.080     1.354    <hidden>
    SLICE_X80Y312        FDCE (Remov_GFF_SLICEL_C_CLR)
                                                     -0.020     1.334    system_i/aes_gcm_axis_0/inst/u_aes/state9_reg[92]
  -------------------------------------------------------------------
                         required time                         -1.334    <hidden>
                         arrival time                           2.786    <hidden>
  -------------------------------------------------------------------
                         slack                                  1.452    <hidden>





--------------------------------------------------------------------------------------
Path Group:  (none)
From Clock:  
  To Clock:  clk_pl_0

Max Delay             1 Endpoint
Min Delay             1 Endpoint
--------------------------------------------------------------------------------------


Max Delay Paths
--------------------------------------------------------------------------------------
Slack:                    inf
  Source:                 system_i/zynq_ultra_ps_e_0/inst/PS8_i/EMIOGPIOO[95]
                            (internal pin)
  Destination:            system_i/proc_sys_reset_0/U0/EXT_LPF/ACTIVE_HIGH_EXT.ACT_HI_EXT/syncstages_ff_reg[0]/D
                            (rising edge-triggered cell FDRE clocked by clk_pl_0  {rise@0.000ns fall@6.667ns period=13.333ns})
  Path Group:             (none)
  Path Type:              Setup (Max at Slow Process Corner)
  Data Path Delay:        1.976ns  (logic 0.090ns (4.555%)  route 1.886ns (95.445%))
  Logic Levels:           1  (LUT1=1)
  Clock Uncertainty:      0.139ns  ((TSJ^2 + DJ^2)^1/2) / 2 + PE
    Total System Jitter     (TSJ):    0.050ns
    Discrete Jitter          (DJ):    0.273ns
    Phase Error              (PE):    0.000ns
  Clock Net Delay (Destination): 1.757ns (routing 0.512ns, distribution 1.245ns)
  Timing Exception:       False Path

    Location             Delay type                Incr(ns)  Path(ns)    Netlist Resource(s)
  -------------------------------------------------------------------    -------------------
    PS8_X0Y0             PS8                          0.000     0.000 f  system_i/zynq_ultra_ps_e_0/inst/PS8_i/EMIOGPIOO[95]
                         net (fo=1, routed)           1.682     1.682    system_i/reset_inverter/Op1[0]
    SLICE_X69Y346        LUT1 (Prop_H6LUT_SLICEL_I0_O)
                                                      0.090     1.772 r  system_i/reset_inverter/Res[0]_INST_0/O
                         net (fo=1, routed)           0.204     1.976    system_i/proc_sys_reset_0/U0/EXT_LPF/ACTIVE_HIGH_EXT.ACT_HI_EXT/src_in
    SLICE_X69Y347        FDRE                                         r  system_i/proc_sys_reset_0/U0/EXT_LPF/ACTIVE_HIGH_EXT.ACT_HI_EXT/syncstages_ff_reg[0]/D
  -------------------------------------------------------------------    -------------------

                         (clock clk_pl_0 rise edge)
                                                      0.000     0.000 r  <hidden>
    PS8_X0Y0             PS8                          0.000     0.000 r  system_i/zynq_ultra_ps_e_0/inst/PS8_i/PLCLK[0]
                         net (fo=1, routed)           0.143     0.143    system_i/zynq_ultra_ps_e_0/inst/pl_clk_unbuffered[0]
    BUFG_PS_X0Y80        BUFG_PS (Prop_BUFG_PS_I_O)
                                                      0.025     0.168 r  system_i/zynq_ultra_ps_e_0/inst/buffer_pl_clk_0.PL_CLK_0_BUFG/O
    X1Y2 (CLOCK_ROOT)    net (fo=13924, routed)       1.757     1.925    system_i/proc_sys_reset_0/U0/EXT_LPF/ACTIVE_HIGH_EXT.ACT_HI_EXT/dest_clk
    SLICE_X69Y347        FDRE                                         r  system_i/proc_sys_reset_0/U0/EXT_LPF/ACTIVE_HIGH_EXT.ACT_HI_EXT/syncstages_ff_reg[0]/C





Min Delay Paths
--------------------------------------------------------------------------------------
Slack:                    inf
  Source:                 system_i/zynq_ultra_ps_e_0/inst/PS8_i/EMIOGPIOO[95]
                            (internal pin)
  Destination:            system_i/proc_sys_reset_0/U0/EXT_LPF/ACTIVE_HIGH_EXT.ACT_HI_EXT/syncstages_ff_reg[0]/D
                            (rising edge-triggered cell FDRE clocked by clk_pl_0  {rise@0.000ns fall@6.667ns period=13.333ns})
  Path Group:             (none)
  Path Type:              Hold (Min at Fast Process Corner)
  Data Path Delay:        0.969ns  (logic 0.035ns (3.612%)  route 0.934ns (96.388%))
  Logic Levels:           1  (LUT1=1)
  Clock Uncertainty:      0.139ns  ((TSJ^2 + DJ^2)^1/2) / 2 + PE
    Total System Jitter     (TSJ):    0.050ns
    Discrete Jitter          (DJ):    0.273ns
    Phase Error              (PE):    0.000ns
  Clock Net Delay (Destination): 1.241ns (routing 0.352ns, distribution 0.889ns)
  Timing Exception:       False Path

    Location             Delay type                Incr(ns)  Path(ns)    Netlist Resource(s)
  -------------------------------------------------------------------    -------------------
    PS8_X0Y0             PS8                          0.000     0.000 f  system_i/zynq_ultra_ps_e_0/inst/PS8_i/EMIOGPIOO[95]
                         net (fo=1, routed)           0.861     0.861    system_i/reset_inverter/Op1[0]
    SLICE_X69Y346        LUT1 (Prop_H6LUT_SLICEL_I0_O)
                                                      0.035     0.896 r  system_i/reset_inverter/Res[0]_INST_0/O
                         net (fo=1, routed)           0.073     0.969    system_i/proc_sys_reset_0/U0/EXT_LPF/ACTIVE_HIGH_EXT.ACT_HI_EXT/src_in
    SLICE_X69Y347        FDRE                                         r  system_i/proc_sys_reset_0/U0/EXT_LPF/ACTIVE_HIGH_EXT.ACT_HI_EXT/syncstages_ff_reg[0]/D
  -------------------------------------------------------------------    -------------------

                         (clock clk_pl_0 rise edge)
                                                      0.000     0.000 r  <hidden>
    PS8_X0Y0             PS8                          0.000     0.000 r  system_i/zynq_ultra_ps_e_0/inst/PS8_i/PLCLK[0]
                         net (fo=1, routed)           0.154     0.154    system_i/zynq_ultra_ps_e_0/inst/pl_clk_unbuffered[0]
    BUFG_PS_X0Y80        BUFG_PS (Prop_BUFG_PS_I_O)
                                                      0.018     0.172 r  system_i/zynq_ultra_ps_e_0/inst/buffer_pl_clk_0.PL_CLK_0_BUFG/O
    X1Y2 (CLOCK_ROOT)    net (fo=13924, routed)       1.241     1.413    system_i/proc_sys_reset_0/U0/EXT_LPF/ACTIVE_HIGH_EXT.ACT_HI_EXT/dest_clk
    SLICE_X69Y347        FDRE                                         r  system_i/proc_sys_reset_0/U0/EXT_LPF/ACTIVE_HIGH_EXT.ACT_HI_EXT/syncstages_ff_reg[0]/C





--------------------------------------------------------------------------------------
Path Group:  (none)
From Clock:  clk_pl_0
  To Clock:  clk_pl_0

Max Delay            55 Endpoints
Min Delay            55 Endpoints
--------------------------------------------------------------------------------------


Max Delay Paths
--------------------------------------------------------------------------------------
Slack:                    inf
  Source:                 system_i/proc_sys_reset_0/U0/ACTIVE_LOW_PR_OUT_DFF[0].FDRE_PER_N/C
                            (rising edge-triggered cell FDRE clocked by clk_pl_0  {rise@0.000ns fall@6.667ns period=13.333ns})
  Destination:            system_i/mem_smc/inst/clk_map/psr_aclk/U0/EXT_LPF/ACTIVE_LOW_AUX.ACT_LO_AUX/syncstages_ff_reg[0]/D
                            (rising edge-triggered cell FDRE clocked by clk_pl_0  {rise@0.000ns fall@6.667ns period=13.333ns})
  Path Group:             (none)
  Path Type:              Setup (Max at Slow Process Corner)
  Data Path Delay:        6.848ns  (logic 0.202ns (2.950%)  route 6.646ns (97.050%))
  Logic Levels:           1  (LUT1=1)
  Clock Path Skew:        -0.411ns (DCD - SCD + CPR)
    Destination Clock Delay (DCD):    1.781ns
    Source Clock Delay      (SCD):    2.192ns
    Clock Pessimism Removal (CPR):    0.000ns
  Clock Uncertainty:      0.141ns  ((TSJ^2 + DJ^2)^1/2) / 2 + PE
    Total System Jitter     (TSJ):    0.071ns
    Discrete Jitter          (DJ):    0.273ns
    Phase Error              (PE):    0.000ns
  Clock Net Delay (Source):      1.984ns (routing 0.569ns, distribution 1.415ns)
  Clock Net Delay (Destination): 1.613ns (routing 0.512ns, distribution 1.101ns)
  Timing Exception:       False Path

    Location             Delay type                Incr(ns)  Path(ns)    Netlist Resource(s)
  -------------------------------------------------------------------    -------------------
                         (clock clk_pl_0 rise edge)
                                                      0.000     0.000 r  <hidden>
    PS8_X0Y0             PS8                          0.000     0.000 r  system_i/zynq_ultra_ps_e_0/inst/PS8_i/PLCLK[0]
                         net (fo=1, routed)           0.180     0.180    system_i/zynq_ultra_ps_e_0/inst/pl_clk_unbuffered[0]
    BUFG_PS_X0Y80        BUFG_PS (Prop_BUFG_PS_I_O)
                                                      0.028     0.208 r  system_i/zynq_ultra_ps_e_0/inst/buffer_pl_clk_0.PL_CLK_0_BUFG/O
    X1Y2 (CLOCK_ROOT)    net (fo=13924, routed)       1.984     2.192    system_i/proc_sys_reset_0/U0/slowest_sync_clk
    SLICE_X69Y348        FDRE                                         r  system_i/proc_sys_reset_0/U0/ACTIVE_LOW_PR_OUT_DFF[0].FDRE_PER_N/C
  -------------------------------------------------------------------    -------------------
    SLICE_X69Y348        FDRE (Prop_AFF_SLICEL_C_Q)
                                                      0.079     2.271 f  system_i/proc_sys_reset_0/U0/ACTIVE_LOW_PR_OUT_DFF[0].FDRE_PER_N/Q
                         net (fo=448, routed)         6.362     8.633    system_i/mem_smc/inst/clk_map/psr_aclk/U0/EXT_LPF/aresetn
    SLICE_X64Y51         LUT1 (Prop_G6LUT_SLICEM_I0_O)
                                                      0.123     8.756 r  system_i/mem_smc/inst/clk_map/psr_aclk/U0/EXT_LPF/ACTIVE_LOW_AUX.ACT_LO_AUX_i_1/O
                         net (fo=1, routed)           0.284     9.040    system_i/mem_smc/inst/clk_map/psr_aclk/U0/EXT_LPF/ACTIVE_LOW_AUX.ACT_LO_AUX/src_in
    SLICE_X64Y51         FDRE                                         r  system_i/mem_smc/inst/clk_map/psr_aclk/U0/EXT_LPF/ACTIVE_LOW_AUX.ACT_LO_AUX/syncstages_ff_reg[0]/D
  -------------------------------------------------------------------    -------------------

                         (clock clk_pl_0 rise edge)
                                                      0.000     0.000 r  <hidden>
    PS8_X0Y0             PS8                          0.000     0.000 r  system_i/zynq_ultra_ps_e_0/inst/PS8_i/PLCLK[0]
                         net (fo=1, routed)           0.143     0.143    system_i/zynq_ultra_ps_e_0/inst/pl_clk_unbuffered[0]
    BUFG_PS_X0Y80        BUFG_PS (Prop_BUFG_PS_I_O)
                                                      0.025     0.168 r  system_i/zynq_ultra_ps_e_0/inst/buffer_pl_clk_0.PL_CLK_0_BUFG/O
    X1Y2 (CLOCK_ROOT)    net (fo=13924, routed)       1.613     1.781    system_i/mem_smc/inst/clk_map/psr_aclk/U0/EXT_LPF/ACTIVE_LOW_AUX.ACT_LO_AUX/dest_clk
    SLICE_X64Y51         FDRE                                         r  system_i/mem_smc/inst/clk_map/psr_aclk/U0/EXT_LPF/ACTIVE_LOW_AUX.ACT_LO_AUX/syncstages_ff_reg[0]/C

Slack:                    inf
  Source:                 system_i/proc_sys_reset_0/U0/ACTIVE_LOW_PR_OUT_DFF[0].FDRE_PER_N/C
                            (rising edge-triggered cell FDRE clocked by clk_pl_0  {rise@0.000ns fall@6.667ns period=13.333ns})
  Destination:            system_i/axi_dma_0/U0/I_RST_MODULE/REG_HRD_RST/syncstages_ff_reg[0]/D
                            (rising edge-triggered cell FDRE clocked by clk_pl_0  {rise@0.000ns fall@6.667ns period=13.333ns})
  Path Group:             (none)
  Path Type:              Setup (Max at Slow Process Corner)
  Data Path Delay:        5.885ns  (logic 0.079ns (1.342%)  route 5.806ns (98.658%))
  Logic Levels:           0  
  Clock Path Skew:        -0.449ns (DCD - SCD + CPR)
    Destination Clock Delay (DCD):    1.743ns
    Source Clock Delay      (SCD):    2.192ns
    Clock Pessimism Removal (CPR):    0.000ns
  Clock Uncertainty:      0.141ns  ((TSJ^2 + DJ^2)^1/2) / 2 + PE
    Total System Jitter     (TSJ):    0.071ns
    Discrete Jitter          (DJ):    0.273ns
    Phase Error              (PE):    0.000ns
  Clock Net Delay (Source):      1.984ns (routing 0.569ns, distribution 1.415ns)
  Clock Net Delay (Destination): 1.575ns (routing 0.512ns, distribution 1.063ns)
  Timing Exception:       False Path

    Location             Delay type                Incr(ns)  Path(ns)    Netlist Resource(s)
  -------------------------------------------------------------------    -------------------
                         (clock clk_pl_0 rise edge)
                                                      0.000     0.000 r  <hidden>
    PS8_X0Y0             PS8                          0.000     0.000 r  system_i/zynq_ultra_ps_e_0/inst/PS8_i/PLCLK[0]
                         net (fo=1, routed)           0.180     0.180    system_i/zynq_ultra_ps_e_0/inst/pl_clk_unbuffered[0]
    BUFG_PS_X0Y80        BUFG_PS (Prop_BUFG_PS_I_O)
                                                      0.028     0.208 r  system_i/zynq_ultra_ps_e_0/inst/buffer_pl_clk_0.PL_CLK_0_BUFG/O
    X1Y2 (CLOCK_ROOT)    net (fo=13924, routed)       1.984     2.192    system_i/proc_sys_reset_0/U0/slowest_sync_clk
    SLICE_X69Y348        FDRE                                         r  system_i/proc_sys_reset_0/U0/ACTIVE_LOW_PR_OUT_DFF[0].FDRE_PER_N/C
  -------------------------------------------------------------------    -------------------
    SLICE_X69Y348        FDRE (Prop_AFF_SLICEL_C_Q)
                                                      0.079     2.271 r  system_i/proc_sys_reset_0/U0/ACTIVE_LOW_PR_OUT_DFF[0].FDRE_PER_N/Q
                         net (fo=448, routed)         5.806     8.077    system_i/axi_dma_0/U0/I_RST_MODULE/REG_HRD_RST/src_rst
    SLICE_X62Y124        FDRE                                         r  system_i/axi_dma_0/U0/I_RST_MODULE/REG_HRD_RST/syncstages_ff_reg[0]/D
  -------------------------------------------------------------------    -------------------

                         (clock clk_pl_0 rise edge)
                                                      0.000     0.000 r  <hidden>
    PS8_X0Y0             PS8                          0.000     0.000 r  system_i/zynq_ultra_ps_e_0/inst/PS8_i/PLCLK[0]
                         net (fo=1, routed)           0.143     0.143    system_i/zynq_ultra_ps_e_0/inst/pl_clk_unbuffered[0]
    BUFG_PS_X0Y80        BUFG_PS (Prop_BUFG_PS_I_O)
                                                      0.025     0.168 r  system_i/zynq_ultra_ps_e_0/inst/buffer_pl_clk_0.PL_CLK_0_BUFG/O
    X1Y2 (CLOCK_ROOT)    net (fo=13924, routed)       1.575     1.743    system_i/axi_dma_0/U0/I_RST_MODULE/REG_HRD_RST/dest_clk
    SLICE_X62Y124        FDRE                                         r  system_i/axi_dma_0/U0/I_RST_MODULE/REG_HRD_RST/syncstages_ff_reg[0]/C

Slack:                    inf
  Source:                 system_i/proc_sys_reset_0/U0/ACTIVE_LOW_PR_OUT_DFF[0].FDRE_PER_N/C
                            (rising edge-triggered cell FDRE clocked by clk_pl_0  {rise@0.000ns fall@6.667ns period=13.333ns})
  Destination:            system_i/axi_dma_0/U0/I_RST_MODULE/REG_HRD_RST_OUT/syncstages_ff_reg[0]/D
                            (rising edge-triggered cell FDRE clocked by clk_pl_0  {rise@0.000ns fall@6.667ns period=13.333ns})
  Path Group:             (none)
  Path Type:              Setup (Max at Slow Process Corner)
  Data Path Delay:        4.399ns  (logic 0.079ns (1.796%)  route 4.320ns (98.204%))
  Logic Levels:           0  
  Clock Path Skew:        -0.459ns (DCD - SCD + CPR)
    Destination Clock Delay (DCD):    1.733ns
    Source Clock Delay      (SCD):    2.192ns
    Clock Pessimism Removal (CPR):    0.000ns
  Clock Uncertainty:      0.141ns  ((TSJ^2 + DJ^2)^1/2) / 2 + PE
    Total System Jitter     (TSJ):    0.071ns
    Discrete Jitter          (DJ):    0.273ns
    Phase Error              (PE):    0.000ns
  Clock Net Delay (Source):      1.984ns (routing 0.569ns, distribution 1.415ns)
  Clock Net Delay (Destination): 1.565ns (routing 0.512ns, distribution 1.053ns)
  Timing Exception:       False Path

    Location             Delay type                Incr(ns)  Path(ns)    Netlist Resource(s)
  -------------------------------------------------------------------    -------------------
                         (clock clk_pl_0 rise edge)
                                                      0.000     0.000 r  <hidden>
    PS8_X0Y0             PS8                          0.000     0.000 r  system_i/zynq_ultra_ps_e_0/inst/PS8_i/PLCLK[0]
                         net (fo=1, routed)           0.180     0.180    system_i/zynq_ultra_ps_e_0/inst/pl_clk_unbuffered[0]
    BUFG_PS_X0Y80        BUFG_PS (Prop_BUFG_PS_I_O)
                                                      0.028     0.208 r  system_i/zynq_ultra_ps_e_0/inst/buffer_pl_clk_0.PL_CLK_0_BUFG/O
    X1Y2 (CLOCK_ROOT)    net (fo=13924, routed)       1.984     2.192    system_i/proc_sys_reset_0/U0/slowest_sync_clk
    SLICE_X69Y348        FDRE                                         r  system_i/proc_sys_reset_0/U0/ACTIVE_LOW_PR_OUT_DFF[0].FDRE_PER_N/C
  -------------------------------------------------------------------    -------------------
    SLICE_X69Y348        FDRE (Prop_AFF_SLICEL_C_Q)
                                                      0.079     2.271 r  system_i/proc_sys_reset_0/U0/ACTIVE_LOW_PR_OUT_DFF[0].FDRE_PER_N/Q
                         net (fo=448, routed)         4.320     6.591    system_i/axi_dma_0/U0/I_RST_MODULE/REG_HRD_RST_OUT/src_rst
    SLICE_X51Y209        FDRE                                         r  system_i/axi_dma_0/U0/I_RST_MODULE/REG_HRD_RST_OUT/syncstages_ff_reg[0]/D
  -------------------------------------------------------------------    -------------------

                         (clock clk_pl_0 rise edge)
                                                      0.000     0.000 r  <hidden>
    PS8_X0Y0             PS8                          0.000     0.000 r  system_i/zynq_ultra_ps_e_0/inst/PS8_i/PLCLK[0]
                         net (fo=1, routed)           0.143     0.143    system_i/zynq_ultra_ps_e_0/inst/pl_clk_unbuffered[0]
    BUFG_PS_X0Y80        BUFG_PS (Prop_BUFG_PS_I_O)
                                                      0.025     0.168 r  system_i/zynq_ultra_ps_e_0/inst/buffer_pl_clk_0.PL_CLK_0_BUFG/O
    X1Y2 (CLOCK_ROOT)    net (fo=13924, routed)       1.565     1.733    system_i/axi_dma_0/U0/I_RST_MODULE/REG_HRD_RST_OUT/dest_clk
    SLICE_X51Y209        FDRE                                         r  system_i/axi_dma_0/U0/I_RST_MODULE/REG_HRD_RST_OUT/syncstages_ff_reg[0]/C

Slack:                    inf
  Source:                 system_i/proc_sys_reset_0/U0/ACTIVE_LOW_PR_OUT_DFF[0].FDRE_PER_N/C
                            (rising edge-triggered cell FDRE clocked by clk_pl_0  {rise@0.000ns fall@6.667ns period=13.333ns})
  Destination:            system_i/ctrl_smc/inst/sc_ul/inst/cdc_aresetn/syncstages_ff_reg[0]/D
                            (rising edge-triggered cell FDRE clocked by clk_pl_0  {rise@0.000ns fall@6.667ns period=13.333ns})
  Path Group:             (none)
  Path Type:              Setup (Max at Slow Process Corner)
  Data Path Delay:        3.641ns  (logic 0.079ns (2.170%)  route 3.562ns (97.830%))
  Logic Levels:           0  
  Clock Path Skew:        -0.452ns (DCD - SCD + CPR)
    Destination Clock Delay (DCD):    1.740ns
    Source Clock Delay      (SCD):    2.192ns
    Clock Pessimism Removal (CPR):    0.000ns
  Clock Uncertainty:      0.141ns  ((TSJ^2 + DJ^2)^1/2) / 2 + PE
    Total System Jitter     (TSJ):    0.071ns
    Discrete Jitter          (DJ):    0.273ns
    Phase Error              (PE):    0.000ns
  Clock Net Delay (Source):      1.984ns (routing 0.569ns, distribution 1.415ns)
  Clock Net Delay (Destination): 1.572ns (routing 0.512ns, distribution 1.060ns)
  Timing Exception:       False Path

    Location             Delay type                Incr(ns)  Path(ns)    Netlist Resource(s)
  -------------------------------------------------------------------    -------------------
                         (clock clk_pl_0 rise edge)
                                                      0.000     0.000 r  <hidden>
    PS8_X0Y0             PS8                          0.000     0.000 r  system_i/zynq_ultra_ps_e_0/inst/PS8_i/PLCLK[0]
                         net (fo=1, routed)           0.180     0.180    system_i/zynq_ultra_ps_e_0/inst/pl_clk_unbuffered[0]
    BUFG_PS_X0Y80        BUFG_PS (Prop_BUFG_PS_I_O)
                                                      0.028     0.208 r  system_i/zynq_ultra_ps_e_0/inst/buffer_pl_clk_0.PL_CLK_0_BUFG/O
    X1Y2 (CLOCK_ROOT)    net (fo=13924, routed)       1.984     2.192    system_i/proc_sys_reset_0/U0/slowest_sync_clk
    SLICE_X69Y348        FDRE                                         r  system_i/proc_sys_reset_0/U0/ACTIVE_LOW_PR_OUT_DFF[0].FDRE_PER_N/C
  -------------------------------------------------------------------    -------------------
    SLICE_X69Y348        FDRE (Prop_AFF_SLICEL_C_Q)
                                                      0.079     2.271 r  system_i/proc_sys_reset_0/U0/ACTIVE_LOW_PR_OUT_DFF[0].FDRE_PER_N/Q
                         net (fo=448, routed)         3.562     5.833    system_i/ctrl_smc/inst/sc_ul/inst/cdc_aresetn/src_rst
    SLICE_X50Y218        FDRE                                         r  system_i/ctrl_smc/inst/sc_ul/inst/cdc_aresetn/syncstages_ff_reg[0]/D
  -------------------------------------------------------------------    -------------------

                         (clock clk_pl_0 rise edge)
                                                      0.000     0.000 r  <hidden>
    PS8_X0Y0             PS8                          0.000     0.000 r  system_i/zynq_ultra_ps_e_0/inst/PS8_i/PLCLK[0]
                         net (fo=1, routed)           0.143     0.143    system_i/zynq_ultra_ps_e_0/inst/pl_clk_unbuffered[0]
    BUFG_PS_X0Y80        BUFG_PS (Prop_BUFG_PS_I_O)
                                                      0.025     0.168 r  system_i/zynq_ultra_ps_e_0/inst/buffer_pl_clk_0.PL_CLK_0_BUFG/O
    X1Y2 (CLOCK_ROOT)    net (fo=13924, routed)       1.572     1.740    system_i/ctrl_smc/inst/sc_ul/inst/cdc_aresetn/dest_clk
    SLICE_X50Y218        FDRE                                         r  system_i/ctrl_smc/inst/sc_ul/inst/cdc_aresetn/syncstages_ff_reg[0]/C

Slack:                    inf
  Source:                 system_i/mem_smc/inst/clk_map/psr_aclk/U0/ACTIVE_LOW_BSR_OUT_DFF[0].FDRE_BSR_N/C
                            (rising edge-triggered cell FDRE clocked by clk_pl_0  {rise@0.000ns fall@6.667ns period=13.333ns})
  Destination:            system_i/mem_smc/inst/s00_entry_pipeline/s00_transaction_regulator/inst/xpm_cdc_async_rst_inst/arststages_ff_reg[0]/CLR
                            (recovery check against rising-edge clock clk_pl_0  {rise@0.000ns fall@6.667ns period=13.333ns})
  Path Group:             (none)
  Path Type:              Recovery (Max at Slow Process Corner)
  Data Path Delay:        2.154ns  (logic 0.078ns (3.621%)  route 2.076ns (96.379%))
  Logic Levels:           0  
  Clock Path Skew:        -0.319ns (DCD - SCD + CPR)
    Destination Clock Delay (DCD):    1.713ns
    Source Clock Delay      (SCD):    2.032ns
    Clock Pessimism Removal (CPR):    0.000ns
  Clock Uncertainty:      0.141ns  ((TSJ^2 + DJ^2)^1/2) / 2 + PE
    Total System Jitter     (TSJ):    0.071ns
    Discrete Jitter          (DJ):    0.273ns
    Phase Error              (PE):    0.000ns
  Clock Net Delay (Source):      1.824ns (routing 0.569ns, distribution 1.255ns)
  Clock Net Delay (Destination): 1.545ns (routing 0.512ns, distribution 1.033ns)
  Timing Exception:       False Path

    Location             Delay type                Incr(ns)  Path(ns)    Netlist Resource(s)
  -------------------------------------------------------------------    -------------------
                         (clock clk_pl_0 rise edge)
                                                      0.000     0.000 r  <hidden>
    PS8_X0Y0             PS8                          0.000     0.000 r  system_i/zynq_ultra_ps_e_0/inst/PS8_i/PLCLK[0]
                         net (fo=1, routed)           0.180     0.180    system_i/zynq_ultra_ps_e_0/inst/pl_clk_unbuffered[0]
    BUFG_PS_X0Y80        BUFG_PS (Prop_BUFG_PS_I_O)
                                                      0.028     0.208 r  system_i/zynq_ultra_ps_e_0/inst/buffer_pl_clk_0.PL_CLK_0_BUFG/O
    X1Y2 (CLOCK_ROOT)    net (fo=13924, routed)       1.824     2.032    system_i/mem_smc/inst/clk_map/psr_aclk/U0/aclk
    SLICE_X63Y52         FDRE                                         r  system_i/mem_smc/inst/clk_map/psr_aclk/U0/ACTIVE_LOW_BSR_OUT_DFF[0].FDRE_BSR_N/C
  -------------------------------------------------------------------    -------------------
    SLICE_X63Y52         FDRE (Prop_DFF_SLICEM_C_Q)
                                                      0.078     2.110 r  system_i/mem_smc/inst/clk_map/psr_aclk/U0/ACTIVE_LOW_BSR_OUT_DFF[0].FDRE_BSR_N/Q
                         net (fo=51, routed)          2.076     4.186    system_i/mem_smc/inst/s00_entry_pipeline/s00_transaction_regulator/inst/xpm_cdc_async_rst_inst/src_arst
    SLICE_X51Y109        FDCE                                         f  system_i/mem_smc/inst/s00_entry_pipeline/s00_transaction_regulator/inst/xpm_cdc_async_rst_inst/arststages_ff_reg[0]/CLR  (IS_INVERTED)
  -------------------------------------------------------------------    -------------------

                         (clock clk_pl_0 rise edge)
                                                      0.000     0.000 r  <hidden>
    PS8_X0Y0             PS8                          0.000     0.000 r  system_i/zynq_ultra_ps_e_0/inst/PS8_i/PLCLK[0]
                         net (fo=1, routed)           0.143     0.143    system_i/zynq_ultra_ps_e_0/inst/pl_clk_unbuffered[0]
    BUFG_PS_X0Y80        BUFG_PS (Prop_BUFG_PS_I_O)
                                                      0.025     0.168 r  system_i/zynq_ultra_ps_e_0/inst/buffer_pl_clk_0.PL_CLK_0_BUFG/O
    X1Y2 (CLOCK_ROOT)    net (fo=13924, routed)       1.545     1.713    system_i/mem_smc/inst/s00_entry_pipeline/s00_transaction_regulator/inst/xpm_cdc_async_rst_inst/dest_clk
    SLICE_X51Y109        FDCE                                         r  system_i/mem_smc/inst/s00_entry_pipeline/s00_transaction_regulator/inst/xpm_cdc_async_rst_inst/arststages_ff_reg[0]/C

Slack:                    inf
  Source:                 system_i/mem_smc/inst/clk_map/psr_aclk/U0/ACTIVE_LOW_BSR_OUT_DFF[0].FDRE_BSR_N/C
                            (rising edge-triggered cell FDRE clocked by clk_pl_0  {rise@0.000ns fall@6.667ns period=13.333ns})
  Destination:            system_i/mem_smc/inst/s00_entry_pipeline/s00_transaction_regulator/inst/xpm_cdc_async_rst_inst/arststages_ff_reg[1]/CLR
                            (recovery check against rising-edge clock clk_pl_0  {rise@0.000ns fall@6.667ns period=13.333ns})
  Path Group:             (none)
  Path Type:              Recovery (Max at Slow Process Corner)
  Data Path Delay:        2.154ns  (logic 0.078ns (3.621%)  route 2.076ns (96.379%))
  Logic Levels:           0  
  Clock Path Skew:        -0.319ns (DCD - SCD + CPR)
    Destination Clock Delay (DCD):    1.713ns
    Source Clock Delay      (SCD):    2.032ns
    Clock Pessimism Removal (CPR):    0.000ns
  Clock Uncertainty:      0.141ns  ((TSJ^2 + DJ^2)^1/2) / 2 + PE
    Total System Jitter     (TSJ):    0.071ns
    Discrete Jitter          (DJ):    0.273ns
    Phase Error              (PE):    0.000ns
  Clock Net Delay (Source):      1.824ns (routing 0.569ns, distribution 1.255ns)
  Clock Net Delay (Destination): 1.545ns (routing 0.512ns, distribution 1.033ns)
  Timing Exception:       False Path

    Location             Delay type                Incr(ns)  Path(ns)    Netlist Resource(s)
  -------------------------------------------------------------------    -------------------
                         (clock clk_pl_0 rise edge)
                                                      0.000     0.000 r  <hidden>
    PS8_X0Y0             PS8                          0.000     0.000 r  system_i/zynq_ultra_ps_e_0/inst/PS8_i/PLCLK[0]
                         net (fo=1, routed)           0.180     0.180    system_i/zynq_ultra_ps_e_0/inst/pl_clk_unbuffered[0]
    BUFG_PS_X0Y80        BUFG_PS (Prop_BUFG_PS_I_O)
                                                      0.028     0.208 r  system_i/zynq_ultra_ps_e_0/inst/buffer_pl_clk_0.PL_CLK_0_BUFG/O
    X1Y2 (CLOCK_ROOT)    net (fo=13924, routed)       1.824     2.032    system_i/mem_smc/inst/clk_map/psr_aclk/U0/aclk
    SLICE_X63Y52         FDRE                                         r  system_i/mem_smc/inst/clk_map/psr_aclk/U0/ACTIVE_LOW_BSR_OUT_DFF[0].FDRE_BSR_N/C
  -------------------------------------------------------------------    -------------------
    SLICE_X63Y52         FDRE (Prop_DFF_SLICEM_C_Q)
                                                      0.078     2.110 r  system_i/mem_smc/inst/clk_map/psr_aclk/U0/ACTIVE_LOW_BSR_OUT_DFF[0].FDRE_BSR_N/Q
                         net (fo=51, routed)          2.076     4.186    system_i/mem_smc/inst/s00_entry_pipeline/s00_transaction_regulator/inst/xpm_cdc_async_rst_inst/src_arst
    SLICE_X51Y109        FDCE                                         f  system_i/mem_smc/inst/s00_entry_pipeline/s00_transaction_regulator/inst/xpm_cdc_async_rst_inst/arststages_ff_reg[1]/CLR  (IS_INVERTED)
  -------------------------------------------------------------------    -------------------

                         (clock clk_pl_0 rise edge)
                                                      0.000     0.000 r  <hidden>
    PS8_X0Y0             PS8                          0.000     0.000 r  system_i/zynq_ultra_ps_e_0/inst/PS8_i/PLCLK[0]
                         net (fo=1, routed)           0.143     0.143    system_i/zynq_ultra_ps_e_0/inst/pl_clk_unbuffered[0]
    BUFG_PS_X0Y80        BUFG_PS (Prop_BUFG_PS_I_O)
                                                      0.025     0.168 r  system_i/zynq_ultra_ps_e_0/inst/buffer_pl_clk_0.PL_CLK_0_BUFG/O
    X1Y2 (CLOCK_ROOT)    net (fo=13924, routed)       1.545     1.713    system_i/mem_smc/inst/s00_entry_pipeline/s00_transaction_regulator/inst/xpm_cdc_async_rst_inst/dest_clk
    SLICE_X51Y109        FDCE                                         r  system_i/mem_smc/inst/s00_entry_pipeline/s00_transaction_regulator/inst/xpm_cdc_async_rst_inst/arststages_ff_reg[1]/C

Slack:                    inf
  Source:                 system_i/mem_smc/inst/clk_map/psr_aclk/U0/ACTIVE_LOW_BSR_OUT_DFF[0].FDRE_BSR_N/C
                            (rising edge-triggered cell FDRE clocked by clk_pl_0  {rise@0.000ns fall@6.667ns period=13.333ns})
  Destination:            system_i/mem_smc/inst/s00_entry_pipeline/s00_transaction_regulator/inst/xpm_cdc_async_rst_inst/arststages_ff_reg[2]/CLR
                            (recovery check against rising-edge clock clk_pl_0  {rise@0.000ns fall@6.667ns period=13.333ns})
  Path Group:             (none)
  Path Type:              Recovery (Max at Slow Process Corner)
  Data Path Delay:        2.154ns  (logic 0.078ns (3.621%)  route 2.076ns (96.379%))
  Logic Levels:           0  
  Clock Path Skew:        -0.319ns (DCD - SCD + CPR)
    Destination Clock Delay (DCD):    1.713ns
    Source Clock Delay      (SCD):    2.032ns
    Clock Pessimism Removal (CPR):    0.000ns
  Clock Uncertainty:      0.141ns  ((TSJ^2 + DJ^2)^1/2) / 2 + PE
    Total System Jitter     (TSJ):    0.071ns
    Discrete Jitter          (DJ):    0.273ns
    Phase Error              (PE):    0.000ns
  Clock Net Delay (Source):      1.824ns (routing 0.569ns, distribution 1.255ns)
  Clock Net Delay (Destination): 1.545ns (routing 0.512ns, distribution 1.033ns)
  Timing Exception:       False Path

    Location             Delay type                Incr(ns)  Path(ns)    Netlist Resource(s)
  -------------------------------------------------------------------    -------------------
                         (clock clk_pl_0 rise edge)
                                                      0.000     0.000 r  <hidden>
    PS8_X0Y0             PS8                          0.000     0.000 r  system_i/zynq_ultra_ps_e_0/inst/PS8_i/PLCLK[0]
                         net (fo=1, routed)           0.180     0.180    system_i/zynq_ultra_ps_e_0/inst/pl_clk_unbuffered[0]
    BUFG_PS_X0Y80        BUFG_PS (Prop_BUFG_PS_I_O)
                                                      0.028     0.208 r  system_i/zynq_ultra_ps_e_0/inst/buffer_pl_clk_0.PL_CLK_0_BUFG/O
    X1Y2 (CLOCK_ROOT)    net (fo=13924, routed)       1.824     2.032    system_i/mem_smc/inst/clk_map/psr_aclk/U0/aclk
    SLICE_X63Y52         FDRE                                         r  system_i/mem_smc/inst/clk_map/psr_aclk/U0/ACTIVE_LOW_BSR_OUT_DFF[0].FDRE_BSR_N/C
  -------------------------------------------------------------------    -------------------
    SLICE_X63Y52         FDRE (Prop_DFF_SLICEM_C_Q)
                                                      0.078     2.110 r  system_i/mem_smc/inst/clk_map/psr_aclk/U0/ACTIVE_LOW_BSR_OUT_DFF[0].FDRE_BSR_N/Q
                         net (fo=51, routed)          2.076     4.186    system_i/mem_smc/inst/s00_entry_pipeline/s00_transaction_regulator/inst/xpm_cdc_async_rst_inst/src_arst
    SLICE_X51Y109        FDCE                                         f  system_i/mem_smc/inst/s00_entry_pipeline/s00_transaction_regulator/inst/xpm_cdc_async_rst_inst/arststages_ff_reg[2]/CLR  (IS_INVERTED)
  -------------------------------------------------------------------    -------------------

                         (clock clk_pl_0 rise edge)
                                                      0.000     0.000 r  <hidden>
    PS8_X0Y0             PS8                          0.000     0.000 r  system_i/zynq_ultra_ps_e_0/inst/PS8_i/PLCLK[0]
                         net (fo=1, routed)           0.143     0.143    system_i/zynq_ultra_ps_e_0/inst/pl_clk_unbuffered[0]
    BUFG_PS_X0Y80        BUFG_PS (Prop_BUFG_PS_I_O)
                                                      0.025     0.168 r  system_i/zynq_ultra_ps_e_0/inst/buffer_pl_clk_0.PL_CLK_0_BUFG/O
    X1Y2 (CLOCK_ROOT)    net (fo=13924, routed)       1.545     1.713    system_i/mem_smc/inst/s00_entry_pipeline/s00_transaction_regulator/inst/xpm_cdc_async_rst_inst/dest_clk
    SLICE_X51Y109        FDCE                                         r  system_i/mem_smc/inst/s00_entry_pipeline/s00_transaction_regulator/inst/xpm_cdc_async_rst_inst/arststages_ff_reg[2]/C

Slack:                    inf
  Source:                 system_i/mem_smc/inst/clk_map/psr_aclk/U0/ACTIVE_LOW_BSR_OUT_DFF[0].FDRE_BSR_N/C
                            (rising edge-triggered cell FDRE clocked by clk_pl_0  {rise@0.000ns fall@6.667ns period=13.333ns})
  Destination:            system_i/mem_smc/inst/m00_nodes/m00_r_node/inst/s_sc_xpm_cdc_async_rst_inst/arststages_ff_reg[0]/CLR
                            (recovery check against rising-edge clock clk_pl_0  {rise@0.000ns fall@6.667ns period=13.333ns})
  Path Group:             (none)
  Path Type:              Recovery (Max at Slow Process Corner)
  Data Path Delay:        2.120ns  (logic 0.078ns (3.679%)  route 2.042ns (96.321%))
  Logic Levels:           0  
  Clock Path Skew:        -0.302ns (DCD - SCD + CPR)
    Destination Clock Delay (DCD):    1.730ns
    Source Clock Delay      (SCD):    2.032ns
    Clock Pessimism Removal (CPR):    0.000ns
  Clock Uncertainty:      0.141ns  ((TSJ^2 + DJ^2)^1/2) / 2 + PE
    Total System Jitter     (TSJ):    0.071ns
    Discrete Jitter          (DJ):    0.273ns
    Phase Error              (PE):    0.000ns
  Clock Net Delay (Source):      1.824ns (routing 0.569ns, distribution 1.255ns)
  Clock Net Delay (Destination): 1.562ns (routing 0.512ns, distribution 1.050ns)
  Timing Exception:       False Path

    Location             Delay type                Incr(ns)  Path(ns)    Netlist Resource(s)
  -------------------------------------------------------------------    -------------------
                         (clock clk_pl_0 rise edge)
                                                      0.000     0.000 r  <hidden>
    PS8_X0Y0             PS8                          0.000     0.000 r  system_i/zynq_ultra_ps_e_0/inst/PS8_i/PLCLK[0]
                         net (fo=1, routed)           0.180     0.180    system_i/zynq_ultra_ps_e_0/inst/pl_clk_unbuffered[0]
    BUFG_PS_X0Y80        BUFG_PS (Prop_BUFG_PS_I_O)
                                                      0.028     0.208 r  system_i/zynq_ultra_ps_e_0/inst/buffer_pl_clk_0.PL_CLK_0_BUFG/O
    X1Y2 (CLOCK_ROOT)    net (fo=13924, routed)       1.824     2.032    system_i/mem_smc/inst/clk_map/psr_aclk/U0/aclk
    SLICE_X63Y52         FDRE                                         r  system_i/mem_smc/inst/clk_map/psr_aclk/U0/ACTIVE_LOW_BSR_OUT_DFF[0].FDRE_BSR_N/C
  -------------------------------------------------------------------    -------------------
    SLICE_X63Y52         FDRE (Prop_DFF_SLICEM_C_Q)
                                                      0.078     2.110 r  system_i/mem_smc/inst/clk_map/psr_aclk/U0/ACTIVE_LOW_BSR_OUT_DFF[0].FDRE_BSR_N/Q
                         net (fo=51, routed)          2.042     4.152    system_i/mem_smc/inst/m00_nodes/m00_r_node/inst/s_sc_xpm_cdc_async_rst_inst/src_arst
    SLICE_X50Y110        FDCE                                         f  system_i/mem_smc/inst/m00_nodes/m00_r_node/inst/s_sc_xpm_cdc_async_rst_inst/arststages_ff_reg[0]/CLR  (IS_INVERTED)
  -------------------------------------------------------------------    -------------------

                         (clock clk_pl_0 rise edge)
                                                      0.000     0.000 r  <hidden>
    PS8_X0Y0             PS8                          0.000     0.000 r  system_i/zynq_ultra_ps_e_0/inst/PS8_i/PLCLK[0]
                         net (fo=1, routed)           0.143     0.143    system_i/zynq_ultra_ps_e_0/inst/pl_clk_unbuffered[0]
    BUFG_PS_X0Y80        BUFG_PS (Prop_BUFG_PS_I_O)
                                                      0.025     0.168 r  system_i/zynq_ultra_ps_e_0/inst/buffer_pl_clk_0.PL_CLK_0_BUFG/O
    X1Y2 (CLOCK_ROOT)    net (fo=13924, routed)       1.562     1.730    system_i/mem_smc/inst/m00_nodes/m00_r_node/inst/s_sc_xpm_cdc_async_rst_inst/dest_clk
    SLICE_X50Y110        FDCE                                         r  system_i/mem_smc/inst/m00_nodes/m00_r_node/inst/s_sc_xpm_cdc_async_rst_inst/arststages_ff_reg[0]/C

Slack:                    inf
  Source:                 system_i/mem_smc/inst/clk_map/psr_aclk/U0/ACTIVE_LOW_BSR_OUT_DFF[0].FDRE_BSR_N/C
                            (rising edge-triggered cell FDRE clocked by clk_pl_0  {rise@0.000ns fall@6.667ns period=13.333ns})
  Destination:            system_i/mem_smc/inst/m00_nodes/m00_r_node/inst/s_sc_xpm_cdc_async_rst_inst/arststages_ff_reg[1]/CLR
                            (recovery check against rising-edge clock clk_pl_0  {rise@0.000ns fall@6.667ns period=13.333ns})
  Path Group:             (none)
  Path Type:              Recovery (Max at Slow Process Corner)
  Data Path Delay:        2.120ns  (logic 0.078ns (3.679%)  route 2.042ns (96.321%))
  Logic Levels:           0  
  Clock Path Skew:        -0.302ns (DCD - SCD + CPR)
    Destination Clock Delay (DCD):    1.730ns
    Source Clock Delay      (SCD):    2.032ns
    Clock Pessimism Removal (CPR):    0.000ns
  Clock Uncertainty:      0.141ns  ((TSJ^2 + DJ^2)^1/2) / 2 + PE
    Total System Jitter     (TSJ):    0.071ns
    Discrete Jitter          (DJ):    0.273ns
    Phase Error              (PE):    0.000ns
  Clock Net Delay (Source):      1.824ns (routing 0.569ns, distribution 1.255ns)
  Clock Net Delay (Destination): 1.562ns (routing 0.512ns, distribution 1.050ns)
  Timing Exception:       False Path

    Location             Delay type                Incr(ns)  Path(ns)    Netlist Resource(s)
  -------------------------------------------------------------------    -------------------
                         (clock clk_pl_0 rise edge)
                                                      0.000     0.000 r  <hidden>
    PS8_X0Y0             PS8                          0.000     0.000 r  system_i/zynq_ultra_ps_e_0/inst/PS8_i/PLCLK[0]
                         net (fo=1, routed)           0.180     0.180    system_i/zynq_ultra_ps_e_0/inst/pl_clk_unbuffered[0]
    BUFG_PS_X0Y80        BUFG_PS (Prop_BUFG_PS_I_O)
                                                      0.028     0.208 r  system_i/zynq_ultra_ps_e_0/inst/buffer_pl_clk_0.PL_CLK_0_BUFG/O
    X1Y2 (CLOCK_ROOT)    net (fo=13924, routed)       1.824     2.032    system_i/mem_smc/inst/clk_map/psr_aclk/U0/aclk
    SLICE_X63Y52         FDRE                                         r  system_i/mem_smc/inst/clk_map/psr_aclk/U0/ACTIVE_LOW_BSR_OUT_DFF[0].FDRE_BSR_N/C
  -------------------------------------------------------------------    -------------------
    SLICE_X63Y52         FDRE (Prop_DFF_SLICEM_C_Q)
                                                      0.078     2.110 r  system_i/mem_smc/inst/clk_map/psr_aclk/U0/ACTIVE_LOW_BSR_OUT_DFF[0].FDRE_BSR_N/Q
                         net (fo=51, routed)          2.042     4.152    system_i/mem_smc/inst/m00_nodes/m00_r_node/inst/s_sc_xpm_cdc_async_rst_inst/src_arst
    SLICE_X50Y110        FDCE                                         f  system_i/mem_smc/inst/m00_nodes/m00_r_node/inst/s_sc_xpm_cdc_async_rst_inst/arststages_ff_reg[1]/CLR  (IS_INVERTED)
  -------------------------------------------------------------------    -------------------

                         (clock clk_pl_0 rise edge)
                                                      0.000     0.000 r  <hidden>
    PS8_X0Y0             PS8                          0.000     0.000 r  system_i/zynq_ultra_ps_e_0/inst/PS8_i/PLCLK[0]
                         net (fo=1, routed)           0.143     0.143    system_i/zynq_ultra_ps_e_0/inst/pl_clk_unbuffered[0]
    BUFG_PS_X0Y80        BUFG_PS (Prop_BUFG_PS_I_O)
                                                      0.025     0.168 r  system_i/zynq_ultra_ps_e_0/inst/buffer_pl_clk_0.PL_CLK_0_BUFG/O
    X1Y2 (CLOCK_ROOT)    net (fo=13924, routed)       1.562     1.730    system_i/mem_smc/inst/m00_nodes/m00_r_node/inst/s_sc_xpm_cdc_async_rst_inst/dest_clk
    SLICE_X50Y110        FDCE                                         r  system_i/mem_smc/inst/m00_nodes/m00_r_node/inst/s_sc_xpm_cdc_async_rst_inst/arststages_ff_reg[1]/C

Slack:                    inf
  Source:                 system_i/mem_smc/inst/clk_map/psr_aclk/U0/ACTIVE_LOW_BSR_OUT_DFF[0].FDRE_BSR_N/C
                            (rising edge-triggered cell FDRE clocked by clk_pl_0  {rise@0.000ns fall@6.667ns period=13.333ns})
  Destination:            system_i/mem_smc/inst/m00_nodes/m00_r_node/inst/s_sc_xpm_cdc_async_rst_inst/arststages_ff_reg[2]/CLR
                            (recovery check against rising-edge clock clk_pl_0  {rise@0.000ns fall@6.667ns period=13.333ns})
  Path Group:             (none)
  Path Type:              Recovery (Max at Slow Process Corner)
  Data Path Delay:        2.120ns  (logic 0.078ns (3.679%)  route 2.042ns (96.321%))
  Logic Levels:           0  
  Clock Path Skew:        -0.302ns (DCD - SCD + CPR)
    Destination Clock Delay (DCD):    1.730ns
    Source Clock Delay      (SCD):    2.032ns
    Clock Pessimism Removal (CPR):    0.000ns
  Clock Uncertainty:      0.141ns  ((TSJ^2 + DJ^2)^1/2) / 2 + PE
    Total System Jitter     (TSJ):    0.071ns
    Discrete Jitter          (DJ):    0.273ns
    Phase Error              (PE):    0.000ns
  Clock Net Delay (Source):      1.824ns (routing 0.569ns, distribution 1.255ns)
  Clock Net Delay (Destination): 1.562ns (routing 0.512ns, distribution 1.050ns)
  Timing Exception:       False Path

    Location             Delay type                Incr(ns)  Path(ns)    Netlist Resource(s)
  -------------------------------------------------------------------    -------------------
                         (clock clk_pl_0 rise edge)
                                                      0.000     0.000 r  <hidden>
    PS8_X0Y0             PS8                          0.000     0.000 r  system_i/zynq_ultra_ps_e_0/inst/PS8_i/PLCLK[0]
                         net (fo=1, routed)           0.180     0.180    system_i/zynq_ultra_ps_e_0/inst/pl_clk_unbuffered[0]
    BUFG_PS_X0Y80        BUFG_PS (Prop_BUFG_PS_I_O)
                                                      0.028     0.208 r  system_i/zynq_ultra_ps_e_0/inst/buffer_pl_clk_0.PL_CLK_0_BUFG/O
    X1Y2 (CLOCK_ROOT)    net (fo=13924, routed)       1.824     2.032    system_i/mem_smc/inst/clk_map/psr_aclk/U0/aclk
    SLICE_X63Y52         FDRE                                         r  system_i/mem_smc/inst/clk_map/psr_aclk/U0/ACTIVE_LOW_BSR_OUT_DFF[0].FDRE_BSR_N/C
  -------------------------------------------------------------------    -------------------
    SLICE_X63Y52         FDRE (Prop_DFF_SLICEM_C_Q)
                                                      0.078     2.110 r  system_i/mem_smc/inst/clk_map/psr_aclk/U0/ACTIVE_LOW_BSR_OUT_DFF[0].FDRE_BSR_N/Q
                         net (fo=51, routed)          2.042     4.152    system_i/mem_smc/inst/m00_nodes/m00_r_node/inst/s_sc_xpm_cdc_async_rst_inst/src_arst
    SLICE_X50Y110        FDCE                                         f  system_i/mem_smc/inst/m00_nodes/m00_r_node/inst/s_sc_xpm_cdc_async_rst_inst/arststages_ff_reg[2]/CLR  (IS_INVERTED)
  -------------------------------------------------------------------    -------------------

                         (clock clk_pl_0 rise edge)
                                                      0.000     0.000 r  <hidden>
    PS8_X0Y0             PS8                          0.000     0.000 r  system_i/zynq_ultra_ps_e_0/inst/PS8_i/PLCLK[0]
                         net (fo=1, routed)           0.143     0.143    system_i/zynq_ultra_ps_e_0/inst/pl_clk_unbuffered[0]
    BUFG_PS_X0Y80        BUFG_PS (Prop_BUFG_PS_I_O)
                                                      0.025     0.168 r  system_i/zynq_ultra_ps_e_0/inst/buffer_pl_clk_0.PL_CLK_0_BUFG/O
    X1Y2 (CLOCK_ROOT)    net (fo=13924, routed)       1.562     1.730    system_i/mem_smc/inst/m00_nodes/m00_r_node/inst/s_sc_xpm_cdc_async_rst_inst/dest_clk
    SLICE_X50Y110        FDCE                                         r  system_i/mem_smc/inst/m00_nodes/m00_r_node/inst/s_sc_xpm_cdc_async_rst_inst/arststages_ff_reg[2]/C





Min Delay Paths
--------------------------------------------------------------------------------------
Slack:                    inf
  Source:                 system_i/mem_smc/inst/clk_map/psr_aclk/U0/ACTIVE_LOW_BSR_OUT_DFF[0].FDRE_BSR_N/C
                            (rising edge-triggered cell FDRE clocked by clk_pl_0  {rise@0.000ns fall@6.667ns period=13.333ns})
  Destination:            system_i/mem_smc/inst/s01_nodes/s01_aw_node/inst/s_sc_xpm_cdc_async_rst_inst/arststages_ff_reg[0]/CLR
                            (removal check against rising-edge clock clk_pl_0  {rise@0.000ns fall@6.667ns period=13.333ns})
  Path Group:             (none)
  Path Type:              Removal (Min at Fast Process Corner)
  Data Path Delay:        0.293ns  (logic 0.039ns (13.296%)  route 0.254ns (86.704%))
  Logic Levels:           0  
  Clock Path Skew:        0.154ns (DCD - SCD - CPR)
    Destination Clock Delay (DCD):    1.298ns
    Source Clock Delay      (SCD):    1.145ns
    Clock Pessimism Removal (CPR):    -0.000ns
  Clock Uncertainty:      0.141ns  ((TSJ^2 + DJ^2)^1/2) / 2 + PE
    Total System Jitter     (TSJ):    0.071ns
    Discrete Jitter          (DJ):    0.273ns
    Phase Error              (PE):    0.000ns
  Clock Net Delay (Source):      1.006ns (routing 0.311ns, distribution 0.695ns)
  Clock Net Delay (Destination): 1.126ns (routing 0.352ns, distribution 0.774ns)
  Timing Exception:       False Path

    Location             Delay type                Incr(ns)  Path(ns)    Netlist Resource(s)
  -------------------------------------------------------------------    -------------------
                         (clock clk_pl_0 rise edge)
                                                      0.000     0.000 r  <hidden>
    PS8_X0Y0             PS8                          0.000     0.000 r  system_i/zynq_ultra_ps_e_0/inst/PS8_i/PLCLK[0]
                         net (fo=1, routed)           0.122     0.122    system_i/zynq_ultra_ps_e_0/inst/pl_clk_unbuffered[0]
    BUFG_PS_X0Y80        BUFG_PS (Prop_BUFG_PS_I_O)
                                                      0.017     0.139 r  system_i/zynq_ultra_ps_e_0/inst/buffer_pl_clk_0.PL_CLK_0_BUFG/O
    X1Y2 (CLOCK_ROOT)    net (fo=13924, routed)       1.006     1.145    system_i/mem_smc/inst/clk_map/psr_aclk/U0/aclk
    SLICE_X63Y52         FDRE                                         r  system_i/mem_smc/inst/clk_map/psr_aclk/U0/ACTIVE_LOW_BSR_OUT_DFF[0].FDRE_BSR_N/C
  -------------------------------------------------------------------    -------------------
    SLICE_X63Y52         FDRE (Prop_DFF_SLICEM_C_Q)
                                                      0.039     1.184 r  system_i/mem_smc/inst/clk_map/psr_aclk/U0/ACTIVE_LOW_BSR_OUT_DFF[0].FDRE_BSR_N/Q
                         net (fo=51, routed)          0.254     1.438    system_i/mem_smc/inst/s01_nodes/s01_aw_node/inst/s_sc_xpm_cdc_async_rst_inst/src_arst
    SLICE_X56Y48         FDCE                                         f  system_i/mem_smc/inst/s01_nodes/s01_aw_node/inst/s_sc_xpm_cdc_async_rst_inst/arststages_ff_reg[0]/CLR  (IS_INVERTED)
  -------------------------------------------------------------------    -------------------

                         (clock clk_pl_0 rise edge)
                                                      0.000     0.000 r  <hidden>
    PS8_X0Y0             PS8                          0.000     0.000 r  system_i/zynq_ultra_ps_e_0/inst/PS8_i/PLCLK[0]
                         net (fo=1, routed)           0.154     0.154    system_i/zynq_ultra_ps_e_0/inst/pl_clk_unbuffered[0]
    BUFG_PS_X0Y80        BUFG_PS (Prop_BUFG_PS_I_O)
                                                      0.018     0.172 r  system_i/zynq_ultra_ps_e_0/inst/buffer_pl_clk_0.PL_CLK_0_BUFG/O
    X1Y2 (CLOCK_ROOT)    net (fo=13924, routed)       1.126     1.298    system_i/mem_smc/inst/s01_nodes/s01_aw_node/inst/s_sc_xpm_cdc_async_rst_inst/dest_clk
    SLICE_X56Y48         FDCE                                         r  system_i/mem_smc/inst/s01_nodes/s01_aw_node/inst/s_sc_xpm_cdc_async_rst_inst/arststages_ff_reg[0]/C

Slack:                    inf
  Source:                 system_i/mem_smc/inst/clk_map/psr_aclk/U0/ACTIVE_LOW_BSR_OUT_DFF[0].FDRE_BSR_N/C
                            (rising edge-triggered cell FDRE clocked by clk_pl_0  {rise@0.000ns fall@6.667ns period=13.333ns})
  Destination:            system_i/mem_smc/inst/s01_nodes/s01_aw_node/inst/s_sc_xpm_cdc_async_rst_inst/arststages_ff_reg[1]/CLR
                            (removal check against rising-edge clock clk_pl_0  {rise@0.000ns fall@6.667ns period=13.333ns})
  Path Group:             (none)
  Path Type:              Removal (Min at Fast Process Corner)
  Data Path Delay:        0.293ns  (logic 0.039ns (13.296%)  route 0.254ns (86.704%))
  Logic Levels:           0  
  Clock Path Skew:        0.154ns (DCD - SCD - CPR)
    Destination Clock Delay (DCD):    1.298ns
    Source Clock Delay      (SCD):    1.145ns
    Clock Pessimism Removal (CPR):    -0.000ns
  Clock Uncertainty:      0.141ns  ((TSJ^2 + DJ^2)^1/2) / 2 + PE
    Total System Jitter     (TSJ):    0.071ns
    Discrete Jitter          (DJ):    0.273ns
    Phase Error              (PE):    0.000ns
  Clock Net Delay (Source):      1.006ns (routing 0.311ns, distribution 0.695ns)
  Clock Net Delay (Destination): 1.126ns (routing 0.352ns, distribution 0.774ns)
  Timing Exception:       False Path

    Location             Delay type                Incr(ns)  Path(ns)    Netlist Resource(s)
  -------------------------------------------------------------------    -------------------
                         (clock clk_pl_0 rise edge)
                                                      0.000     0.000 r  <hidden>
    PS8_X0Y0             PS8                          0.000     0.000 r  system_i/zynq_ultra_ps_e_0/inst/PS8_i/PLCLK[0]
                         net (fo=1, routed)           0.122     0.122    system_i/zynq_ultra_ps_e_0/inst/pl_clk_unbuffered[0]
    BUFG_PS_X0Y80        BUFG_PS (Prop_BUFG_PS_I_O)
                                                      0.017     0.139 r  system_i/zynq_ultra_ps_e_0/inst/buffer_pl_clk_0.PL_CLK_0_BUFG/O
    X1Y2 (CLOCK_ROOT)    net (fo=13924, routed)       1.006     1.145    system_i/mem_smc/inst/clk_map/psr_aclk/U0/aclk
    SLICE_X63Y52         FDRE                                         r  system_i/mem_smc/inst/clk_map/psr_aclk/U0/ACTIVE_LOW_BSR_OUT_DFF[0].FDRE_BSR_N/C
  -------------------------------------------------------------------    -------------------
    SLICE_X63Y52         FDRE (Prop_DFF_SLICEM_C_Q)
                                                      0.039     1.184 r  system_i/mem_smc/inst/clk_map/psr_aclk/U0/ACTIVE_LOW_BSR_OUT_DFF[0].FDRE_BSR_N/Q
                         net (fo=51, routed)          0.254     1.438    system_i/mem_smc/inst/s01_nodes/s01_aw_node/inst/s_sc_xpm_cdc_async_rst_inst/src_arst
    SLICE_X56Y48         FDCE                                         f  system_i/mem_smc/inst/s01_nodes/s01_aw_node/inst/s_sc_xpm_cdc_async_rst_inst/arststages_ff_reg[1]/CLR  (IS_INVERTED)
  -------------------------------------------------------------------    -------------------

                         (clock clk_pl_0 rise edge)
                                                      0.000     0.000 r  <hidden>
    PS8_X0Y0             PS8                          0.000     0.000 r  system_i/zynq_ultra_ps_e_0/inst/PS8_i/PLCLK[0]
                         net (fo=1, routed)           0.154     0.154    system_i/zynq_ultra_ps_e_0/inst/pl_clk_unbuffered[0]
    BUFG_PS_X0Y80        BUFG_PS (Prop_BUFG_PS_I_O)
                                                      0.018     0.172 r  system_i/zynq_ultra_ps_e_0/inst/buffer_pl_clk_0.PL_CLK_0_BUFG/O
    X1Y2 (CLOCK_ROOT)    net (fo=13924, routed)       1.126     1.298    system_i/mem_smc/inst/s01_nodes/s01_aw_node/inst/s_sc_xpm_cdc_async_rst_inst/dest_clk
    SLICE_X56Y48         FDCE                                         r  system_i/mem_smc/inst/s01_nodes/s01_aw_node/inst/s_sc_xpm_cdc_async_rst_inst/arststages_ff_reg[1]/C

Slack:                    inf
  Source:                 system_i/mem_smc/inst/clk_map/psr_aclk/U0/ACTIVE_LOW_BSR_OUT_DFF[0].FDRE_BSR_N/C
                            (rising edge-triggered cell FDRE clocked by clk_pl_0  {rise@0.000ns fall@6.667ns period=13.333ns})
  Destination:            system_i/mem_smc/inst/s01_nodes/s01_aw_node/inst/s_sc_xpm_cdc_async_rst_inst/arststages_ff_reg[2]/CLR
                            (removal check against rising-edge clock clk_pl_0  {rise@0.000ns fall@6.667ns period=13.333ns})
  Path Group:             (none)
  Path Type:              Removal (Min at Fast Process Corner)
  Data Path Delay:        0.293ns  (logic 0.039ns (13.296%)  route 0.254ns (86.704%))
  Logic Levels:           0  
  Clock Path Skew:        0.154ns (DCD - SCD - CPR)
    Destination Clock Delay (DCD):    1.298ns
    Source Clock Delay      (SCD):    1.145ns
    Clock Pessimism Removal (CPR):    -0.000ns
  Clock Uncertainty:      0.141ns  ((TSJ^2 + DJ^2)^1/2) / 2 + PE
    Total System Jitter     (TSJ):    0.071ns
    Discrete Jitter          (DJ):    0.273ns
    Phase Error              (PE):    0.000ns
  Clock Net Delay (Source):      1.006ns (routing 0.311ns, distribution 0.695ns)
  Clock Net Delay (Destination): 1.126ns (routing 0.352ns, distribution 0.774ns)
  Timing Exception:       False Path

    Location             Delay type                Incr(ns)  Path(ns)    Netlist Resource(s)
  -------------------------------------------------------------------    -------------------
                         (clock clk_pl_0 rise edge)
                                                      0.000     0.000 r  <hidden>
    PS8_X0Y0             PS8                          0.000     0.000 r  system_i/zynq_ultra_ps_e_0/inst/PS8_i/PLCLK[0]
                         net (fo=1, routed)           0.122     0.122    system_i/zynq_ultra_ps_e_0/inst/pl_clk_unbuffered[0]
    BUFG_PS_X0Y80        BUFG_PS (Prop_BUFG_PS_I_O)
                                                      0.017     0.139 r  system_i/zynq_ultra_ps_e_0/inst/buffer_pl_clk_0.PL_CLK_0_BUFG/O
    X1Y2 (CLOCK_ROOT)    net (fo=13924, routed)       1.006     1.145    system_i/mem_smc/inst/clk_map/psr_aclk/U0/aclk
    SLICE_X63Y52         FDRE                                         r  system_i/mem_smc/inst/clk_map/psr_aclk/U0/ACTIVE_LOW_BSR_OUT_DFF[0].FDRE_BSR_N/C
  -------------------------------------------------------------------    -------------------
    SLICE_X63Y52         FDRE (Prop_DFF_SLICEM_C_Q)
                                                      0.039     1.184 r  system_i/mem_smc/inst/clk_map/psr_aclk/U0/ACTIVE_LOW_BSR_OUT_DFF[0].FDRE_BSR_N/Q
                         net (fo=51, routed)          0.254     1.438    system_i/mem_smc/inst/s01_nodes/s01_aw_node/inst/s_sc_xpm_cdc_async_rst_inst/src_arst
    SLICE_X56Y48         FDCE                                         f  system_i/mem_smc/inst/s01_nodes/s01_aw_node/inst/s_sc_xpm_cdc_async_rst_inst/arststages_ff_reg[2]/CLR  (IS_INVERTED)
  -------------------------------------------------------------------    -------------------

                         (clock clk_pl_0 rise edge)
                                                      0.000     0.000 r  <hidden>
    PS8_X0Y0             PS8                          0.000     0.000 r  system_i/zynq_ultra_ps_e_0/inst/PS8_i/PLCLK[0]
                         net (fo=1, routed)           0.154     0.154    system_i/zynq_ultra_ps_e_0/inst/pl_clk_unbuffered[0]
    BUFG_PS_X0Y80        BUFG_PS (Prop_BUFG_PS_I_O)
                                                      0.018     0.172 r  system_i/zynq_ultra_ps_e_0/inst/buffer_pl_clk_0.PL_CLK_0_BUFG/O
    X1Y2 (CLOCK_ROOT)    net (fo=13924, routed)       1.126     1.298    system_i/mem_smc/inst/s01_nodes/s01_aw_node/inst/s_sc_xpm_cdc_async_rst_inst/dest_clk
    SLICE_X56Y48         FDCE                                         r  system_i/mem_smc/inst/s01_nodes/s01_aw_node/inst/s_sc_xpm_cdc_async_rst_inst/arststages_ff_reg[2]/C

Slack:                    inf
  Source:                 system_i/mem_smc/inst/clk_map/psr_aclk/U0/ACTIVE_LOW_BSR_OUT_DFF[0].FDRE_BSR_N/C
                            (rising edge-triggered cell FDRE clocked by clk_pl_0  {rise@0.000ns fall@6.667ns period=13.333ns})
  Destination:            system_i/mem_smc/inst/m00_nodes/m00_b_node/inst/s_sc_xpm_cdc_async_rst_inst/arststages_ff_reg[0]/CLR
                            (removal check against rising-edge clock clk_pl_0  {rise@0.000ns fall@6.667ns period=13.333ns})
  Path Group:             (none)
  Path Type:              Removal (Min at Fast Process Corner)
  Data Path Delay:        0.296ns  (logic 0.039ns (13.190%)  route 0.257ns (86.810%))
  Logic Levels:           0  
  Clock Path Skew:        0.163ns (DCD - SCD - CPR)
    Destination Clock Delay (DCD):    1.307ns
    Source Clock Delay      (SCD):    1.145ns
    Clock Pessimism Removal (CPR):    -0.000ns
  Clock Uncertainty:      0.141ns  ((TSJ^2 + DJ^2)^1/2) / 2 + PE
    Total System Jitter     (TSJ):    0.071ns
    Discrete Jitter          (DJ):    0.273ns
    Phase Error              (PE):    0.000ns
  Clock Net Delay (Source):      1.006ns (routing 0.311ns, distribution 0.695ns)
  Clock Net Delay (Destination): 1.135ns (routing 0.352ns, distribution 0.783ns)
  Timing Exception:       False Path

    Location             Delay type                Incr(ns)  Path(ns)    Netlist Resource(s)
  -------------------------------------------------------------------    -------------------
                         (clock clk_pl_0 rise edge)
                                                      0.000     0.000 r  <hidden>
    PS8_X0Y0             PS8                          0.000     0.000 r  system_i/zynq_ultra_ps_e_0/inst/PS8_i/PLCLK[0]
                         net (fo=1, routed)           0.122     0.122    system_i/zynq_ultra_ps_e_0/inst/pl_clk_unbuffered[0]
    BUFG_PS_X0Y80        BUFG_PS (Prop_BUFG_PS_I_O)
                                                      0.017     0.139 r  system_i/zynq_ultra_ps_e_0/inst/buffer_pl_clk_0.PL_CLK_0_BUFG/O
    X1Y2 (CLOCK_ROOT)    net (fo=13924, routed)       1.006     1.145    system_i/mem_smc/inst/clk_map/psr_aclk/U0/aclk
    SLICE_X63Y52         FDRE                                         r  system_i/mem_smc/inst/clk_map/psr_aclk/U0/ACTIVE_LOW_BSR_OUT_DFF[0].FDRE_BSR_N/C
  -------------------------------------------------------------------    -------------------
    SLICE_X63Y52         FDRE (Prop_DFF_SLICEM_C_Q)
                                                      0.039     1.184 r  system_i/mem_smc/inst/clk_map/psr_aclk/U0/ACTIVE_LOW_BSR_OUT_DFF[0].FDRE_BSR_N/Q
                         net (fo=51, routed)          0.257     1.440    system_i/mem_smc/inst/m00_nodes/m00_b_node/inst/s_sc_xpm_cdc_async_rst_inst/src_arst
    SLICE_X57Y46         FDCE                                         f  system_i/mem_smc/inst/m00_nodes/m00_b_node/inst/s_sc_xpm_cdc_async_rst_inst/arststages_ff_reg[0]/CLR  (IS_INVERTED)
  -------------------------------------------------------------------    -------------------

                         (clock clk_pl_0 rise edge)
                                                      0.000     0.000 r  <hidden>
    PS8_X0Y0             PS8                          0.000     0.000 r  system_i/zynq_ultra_ps_e_0/inst/PS8_i/PLCLK[0]
                         net (fo=1, routed)           0.154     0.154    system_i/zynq_ultra_ps_e_0/inst/pl_clk_unbuffered[0]
    BUFG_PS_X0Y80        BUFG_PS (Prop_BUFG_PS_I_O)
                                                      0.018     0.172 r  system_i/zynq_ultra_ps_e_0/inst/buffer_pl_clk_0.PL_CLK_0_BUFG/O
    X1Y2 (CLOCK_ROOT)    net (fo=13924, routed)       1.135     1.307    system_i/mem_smc/inst/m00_nodes/m00_b_node/inst/s_sc_xpm_cdc_async_rst_inst/dest_clk
    SLICE_X57Y46         FDCE                                         r  system_i/mem_smc/inst/m00_nodes/m00_b_node/inst/s_sc_xpm_cdc_async_rst_inst/arststages_ff_reg[0]/C

Slack:                    inf
  Source:                 system_i/mem_smc/inst/clk_map/psr_aclk/U0/ACTIVE_LOW_BSR_OUT_DFF[0].FDRE_BSR_N/C
                            (rising edge-triggered cell FDRE clocked by clk_pl_0  {rise@0.000ns fall@6.667ns period=13.333ns})
  Destination:            system_i/mem_smc/inst/m00_nodes/m00_b_node/inst/s_sc_xpm_cdc_async_rst_inst/arststages_ff_reg[1]/CLR
                            (removal check against rising-edge clock clk_pl_0  {rise@0.000ns fall@6.667ns period=13.333ns})
  Path Group:             (none)
  Path Type:              Removal (Min at Fast Process Corner)
  Data Path Delay:        0.296ns  (logic 0.039ns (13.190%)  route 0.257ns (86.810%))
  Logic Levels:           0  
  Clock Path Skew:        0.163ns (DCD - SCD - CPR)
    Destination Clock Delay (DCD):    1.307ns
    Source Clock Delay      (SCD):    1.145ns
    Clock Pessimism Removal (CPR):    -0.000ns
  Clock Uncertainty:      0.141ns  ((TSJ^2 + DJ^2)^1/2) / 2 + PE
    Total System Jitter     (TSJ):    0.071ns
    Discrete Jitter          (DJ):    0.273ns
    Phase Error              (PE):    0.000ns
  Clock Net Delay (Source):      1.006ns (routing 0.311ns, distribution 0.695ns)
  Clock Net Delay (Destination): 1.135ns (routing 0.352ns, distribution 0.783ns)
  Timing Exception:       False Path

    Location             Delay type                Incr(ns)  Path(ns)    Netlist Resource(s)
  -------------------------------------------------------------------    -------------------
                         (clock clk_pl_0 rise edge)
                                                      0.000     0.000 r  <hidden>
    PS8_X0Y0             PS8                          0.000     0.000 r  system_i/zynq_ultra_ps_e_0/inst/PS8_i/PLCLK[0]
                         net (fo=1, routed)           0.122     0.122    system_i/zynq_ultra_ps_e_0/inst/pl_clk_unbuffered[0]
    BUFG_PS_X0Y80        BUFG_PS (Prop_BUFG_PS_I_O)
                                                      0.017     0.139 r  system_i/zynq_ultra_ps_e_0/inst/buffer_pl_clk_0.PL_CLK_0_BUFG/O
    X1Y2 (CLOCK_ROOT)    net (fo=13924, routed)       1.006     1.145    system_i/mem_smc/inst/clk_map/psr_aclk/U0/aclk
    SLICE_X63Y52         FDRE                                         r  system_i/mem_smc/inst/clk_map/psr_aclk/U0/ACTIVE_LOW_BSR_OUT_DFF[0].FDRE_BSR_N/C
  -------------------------------------------------------------------    -------------------
    SLICE_X63Y52         FDRE (Prop_DFF_SLICEM_C_Q)
                                                      0.039     1.184 r  system_i/mem_smc/inst/clk_map/psr_aclk/U0/ACTIVE_LOW_BSR_OUT_DFF[0].FDRE_BSR_N/Q
                         net (fo=51, routed)          0.257     1.440    system_i/mem_smc/inst/m00_nodes/m00_b_node/inst/s_sc_xpm_cdc_async_rst_inst/src_arst
    SLICE_X57Y46         FDCE                                         f  system_i/mem_smc/inst/m00_nodes/m00_b_node/inst/s_sc_xpm_cdc_async_rst_inst/arststages_ff_reg[1]/CLR  (IS_INVERTED)
  -------------------------------------------------------------------    -------------------

                         (clock clk_pl_0 rise edge)
                                                      0.000     0.000 r  <hidden>
    PS8_X0Y0             PS8                          0.000     0.000 r  system_i/zynq_ultra_ps_e_0/inst/PS8_i/PLCLK[0]
                         net (fo=1, routed)           0.154     0.154    system_i/zynq_ultra_ps_e_0/inst/pl_clk_unbuffered[0]
    BUFG_PS_X0Y80        BUFG_PS (Prop_BUFG_PS_I_O)
                                                      0.018     0.172 r  system_i/zynq_ultra_ps_e_0/inst/buffer_pl_clk_0.PL_CLK_0_BUFG/O
    X1Y2 (CLOCK_ROOT)    net (fo=13924, routed)       1.135     1.307    system_i/mem_smc/inst/m00_nodes/m00_b_node/inst/s_sc_xpm_cdc_async_rst_inst/dest_clk
    SLICE_X57Y46         FDCE                                         r  system_i/mem_smc/inst/m00_nodes/m00_b_node/inst/s_sc_xpm_cdc_async_rst_inst/arststages_ff_reg[1]/C

Slack:                    inf
  Source:                 system_i/mem_smc/inst/clk_map/psr_aclk/U0/ACTIVE_LOW_BSR_OUT_DFF[0].FDRE_BSR_N/C
                            (rising edge-triggered cell FDRE clocked by clk_pl_0  {rise@0.000ns fall@6.667ns period=13.333ns})
  Destination:            system_i/mem_smc/inst/m00_nodes/m00_b_node/inst/s_sc_xpm_cdc_async_rst_inst/arststages_ff_reg[2]/CLR
                            (removal check against rising-edge clock clk_pl_0  {rise@0.000ns fall@6.667ns period=13.333ns})
  Path Group:             (none)
  Path Type:              Removal (Min at Fast Process Corner)
  Data Path Delay:        0.296ns  (logic 0.039ns (13.190%)  route 0.257ns (86.810%))
  Logic Levels:           0  
  Clock Path Skew:        0.163ns (DCD - SCD - CPR)
    Destination Clock Delay (DCD):    1.307ns
    Source Clock Delay      (SCD):    1.145ns
    Clock Pessimism Removal (CPR):    -0.000ns
  Clock Uncertainty:      0.141ns  ((TSJ^2 + DJ^2)^1/2) / 2 + PE
    Total System Jitter     (TSJ):    0.071ns
    Discrete Jitter          (DJ):    0.273ns
    Phase Error              (PE):    0.000ns
  Clock Net Delay (Source):      1.006ns (routing 0.311ns, distribution 0.695ns)
  Clock Net Delay (Destination): 1.135ns (routing 0.352ns, distribution 0.783ns)
  Timing Exception:       False Path

    Location             Delay type                Incr(ns)  Path(ns)    Netlist Resource(s)
  -------------------------------------------------------------------    -------------------
                         (clock clk_pl_0 rise edge)
                                                      0.000     0.000 r  <hidden>
    PS8_X0Y0             PS8                          0.000     0.000 r  system_i/zynq_ultra_ps_e_0/inst/PS8_i/PLCLK[0]
                         net (fo=1, routed)           0.122     0.122    system_i/zynq_ultra_ps_e_0/inst/pl_clk_unbuffered[0]
    BUFG_PS_X0Y80        BUFG_PS (Prop_BUFG_PS_I_O)
                                                      0.017     0.139 r  system_i/zynq_ultra_ps_e_0/inst/buffer_pl_clk_0.PL_CLK_0_BUFG/O
    X1Y2 (CLOCK_ROOT)    net (fo=13924, routed)       1.006     1.145    system_i/mem_smc/inst/clk_map/psr_aclk/U0/aclk
    SLICE_X63Y52         FDRE                                         r  system_i/mem_smc/inst/clk_map/psr_aclk/U0/ACTIVE_LOW_BSR_OUT_DFF[0].FDRE_BSR_N/C
  -------------------------------------------------------------------    -------------------
    SLICE_X63Y52         FDRE (Prop_DFF_SLICEM_C_Q)
                                                      0.039     1.184 r  system_i/mem_smc/inst/clk_map/psr_aclk/U0/ACTIVE_LOW_BSR_OUT_DFF[0].FDRE_BSR_N/Q
                         net (fo=51, routed)          0.257     1.440    system_i/mem_smc/inst/m00_nodes/m00_b_node/inst/s_sc_xpm_cdc_async_rst_inst/src_arst
    SLICE_X57Y46         FDCE                                         f  system_i/mem_smc/inst/m00_nodes/m00_b_node/inst/s_sc_xpm_cdc_async_rst_inst/arststages_ff_reg[2]/CLR  (IS_INVERTED)
  -------------------------------------------------------------------    -------------------

                         (clock clk_pl_0 rise edge)
                                                      0.000     0.000 r  <hidden>
    PS8_X0Y0             PS8                          0.000     0.000 r  system_i/zynq_ultra_ps_e_0/inst/PS8_i/PLCLK[0]
                         net (fo=1, routed)           0.154     0.154    system_i/zynq_ultra_ps_e_0/inst/pl_clk_unbuffered[0]
    BUFG_PS_X0Y80        BUFG_PS (Prop_BUFG_PS_I_O)
                                                      0.018     0.172 r  system_i/zynq_ultra_ps_e_0/inst/buffer_pl_clk_0.PL_CLK_0_BUFG/O
    X1Y2 (CLOCK_ROOT)    net (fo=13924, routed)       1.135     1.307    system_i/mem_smc/inst/m00_nodes/m00_b_node/inst/s_sc_xpm_cdc_async_rst_inst/dest_clk
    SLICE_X57Y46         FDCE                                         r  system_i/mem_smc/inst/m00_nodes/m00_b_node/inst/s_sc_xpm_cdc_async_rst_inst/arststages_ff_reg[2]/C

Slack:                    inf
  Source:                 system_i/mem_smc/inst/clk_map/psr_aclk/U0/ACTIVE_LOW_BSR_OUT_DFF[0].FDRE_BSR_N/C
                            (rising edge-triggered cell FDRE clocked by clk_pl_0  {rise@0.000ns fall@6.667ns period=13.333ns})
  Destination:            system_i/mem_smc/inst/s01_nodes/s01_b_node/inst/s_sc_xpm_cdc_async_rst_inst/arststages_ff_reg[0]/CLR
                            (removal check against rising-edge clock clk_pl_0  {rise@0.000ns fall@6.667ns period=13.333ns})
  Path Group:             (none)
  Path Type:              Removal (Min at Fast Process Corner)
  Data Path Delay:        0.317ns  (logic 0.039ns (12.288%)  route 0.278ns (87.712%))
  Logic Levels:           0  
  Clock Path Skew:        0.148ns (DCD - SCD - CPR)
    Destination Clock Delay (DCD):    1.293ns
    Source Clock Delay      (SCD):    1.145ns
    Clock Pessimism Removal (CPR):    -0.000ns
  Clock Uncertainty:      0.141ns  ((TSJ^2 + DJ^2)^1/2) / 2 + PE
    Total System Jitter     (TSJ):    0.071ns
    Discrete Jitter          (DJ):    0.273ns
    Phase Error              (PE):    0.000ns
  Clock Net Delay (Source):      1.006ns (routing 0.311ns, distribution 0.695ns)
  Clock Net Delay (Destination): 1.121ns (routing 0.352ns, distribution 0.769ns)
  Timing Exception:       False Path

    Location             Delay type                Incr(ns)  Path(ns)    Netlist Resource(s)
  -------------------------------------------------------------------    -------------------
                         (clock clk_pl_0 rise edge)
                                                      0.000     0.000 r  <hidden>
    PS8_X0Y0             PS8                          0.000     0.000 r  system_i/zynq_ultra_ps_e_0/inst/PS8_i/PLCLK[0]
                         net (fo=1, routed)           0.122     0.122    system_i/zynq_ultra_ps_e_0/inst/pl_clk_unbuffered[0]
    BUFG_PS_X0Y80        BUFG_PS (Prop_BUFG_PS_I_O)
                                                      0.017     0.139 r  system_i/zynq_ultra_ps_e_0/inst/buffer_pl_clk_0.PL_CLK_0_BUFG/O
    X1Y2 (CLOCK_ROOT)    net (fo=13924, routed)       1.006     1.145    system_i/mem_smc/inst/clk_map/psr_aclk/U0/aclk
    SLICE_X63Y52         FDRE                                         r  system_i/mem_smc/inst/clk_map/psr_aclk/U0/ACTIVE_LOW_BSR_OUT_DFF[0].FDRE_BSR_N/C
  -------------------------------------------------------------------    -------------------
    SLICE_X63Y52         FDRE (Prop_DFF_SLICEM_C_Q)
                                                      0.039     1.184 r  system_i/mem_smc/inst/clk_map/psr_aclk/U0/ACTIVE_LOW_BSR_OUT_DFF[0].FDRE_BSR_N/Q
                         net (fo=51, routed)          0.278     1.462    system_i/mem_smc/inst/s01_nodes/s01_b_node/inst/s_sc_xpm_cdc_async_rst_inst/src_arst
    SLICE_X58Y44         FDCE                                         f  system_i/mem_smc/inst/s01_nodes/s01_b_node/inst/s_sc_xpm_cdc_async_rst_inst/arststages_ff_reg[0]/CLR  (IS_INVERTED)
  -------------------------------------------------------------------    -------------------

                         (clock clk_pl_0 rise edge)
                                                      0.000     0.000 r  <hidden>
    PS8_X0Y0             PS8                          0.000     0.000 r  system_i/zynq_ultra_ps_e_0/inst/PS8_i/PLCLK[0]
                         net (fo=1, routed)           0.154     0.154    system_i/zynq_ultra_ps_e_0/inst/pl_clk_unbuffered[0]
    BUFG_PS_X0Y80        BUFG_PS (Prop_BUFG_PS_I_O)
                                                      0.018     0.172 r  system_i/zynq_ultra_ps_e_0/inst/buffer_pl_clk_0.PL_CLK_0_BUFG/O
    X1Y2 (CLOCK_ROOT)    net (fo=13924, routed)       1.121     1.293    system_i/mem_smc/inst/s01_nodes/s01_b_node/inst/s_sc_xpm_cdc_async_rst_inst/dest_clk
    SLICE_X58Y44         FDCE                                         r  system_i/mem_smc/inst/s01_nodes/s01_b_node/inst/s_sc_xpm_cdc_async_rst_inst/arststages_ff_reg[0]/C

Slack:                    inf
  Source:                 system_i/mem_smc/inst/clk_map/psr_aclk/U0/ACTIVE_LOW_BSR_OUT_DFF[0].FDRE_BSR_N/C
                            (rising edge-triggered cell FDRE clocked by clk_pl_0  {rise@0.000ns fall@6.667ns period=13.333ns})
  Destination:            system_i/mem_smc/inst/s01_nodes/s01_b_node/inst/s_sc_xpm_cdc_async_rst_inst/arststages_ff_reg[1]/CLR
                            (removal check against rising-edge clock clk_pl_0  {rise@0.000ns fall@6.667ns period=13.333ns})
  Path Group:             (none)
  Path Type:              Removal (Min at Fast Process Corner)
  Data Path Delay:        0.317ns  (logic 0.039ns (12.288%)  route 0.278ns (87.712%))
  Logic Levels:           0  
  Clock Path Skew:        0.148ns (DCD - SCD - CPR)
    Destination Clock Delay (DCD):    1.293ns
    Source Clock Delay      (SCD):    1.145ns
    Clock Pessimism Removal (CPR):    -0.000ns
  Clock Uncertainty:      0.141ns  ((TSJ^2 + DJ^2)^1/2) / 2 + PE
    Total System Jitter     (TSJ):    0.071ns
    Discrete Jitter          (DJ):    0.273ns
    Phase Error              (PE):    0.000ns
  Clock Net Delay (Source):      1.006ns (routing 0.311ns, distribution 0.695ns)
  Clock Net Delay (Destination): 1.121ns (routing 0.352ns, distribution 0.769ns)
  Timing Exception:       False Path

    Location             Delay type                Incr(ns)  Path(ns)    Netlist Resource(s)
  -------------------------------------------------------------------    -------------------
                         (clock clk_pl_0 rise edge)
                                                      0.000     0.000 r  <hidden>
    PS8_X0Y0             PS8                          0.000     0.000 r  system_i/zynq_ultra_ps_e_0/inst/PS8_i/PLCLK[0]
                         net (fo=1, routed)           0.122     0.122    system_i/zynq_ultra_ps_e_0/inst/pl_clk_unbuffered[0]
    BUFG_PS_X0Y80        BUFG_PS (Prop_BUFG_PS_I_O)
                                                      0.017     0.139 r  system_i/zynq_ultra_ps_e_0/inst/buffer_pl_clk_0.PL_CLK_0_BUFG/O
    X1Y2 (CLOCK_ROOT)    net (fo=13924, routed)       1.006     1.145    system_i/mem_smc/inst/clk_map/psr_aclk/U0/aclk
    SLICE_X63Y52         FDRE                                         r  system_i/mem_smc/inst/clk_map/psr_aclk/U0/ACTIVE_LOW_BSR_OUT_DFF[0].FDRE_BSR_N/C
  -------------------------------------------------------------------    -------------------
    SLICE_X63Y52         FDRE (Prop_DFF_SLICEM_C_Q)
                                                      0.039     1.184 r  system_i/mem_smc/inst/clk_map/psr_aclk/U0/ACTIVE_LOW_BSR_OUT_DFF[0].FDRE_BSR_N/Q
                         net (fo=51, routed)          0.278     1.462    system_i/mem_smc/inst/s01_nodes/s01_b_node/inst/s_sc_xpm_cdc_async_rst_inst/src_arst
    SLICE_X58Y44         FDCE                                         f  system_i/mem_smc/inst/s01_nodes/s01_b_node/inst/s_sc_xpm_cdc_async_rst_inst/arststages_ff_reg[1]/CLR  (IS_INVERTED)
  -------------------------------------------------------------------    -------------------

                         (clock clk_pl_0 rise edge)
                                                      0.000     0.000 r  <hidden>
    PS8_X0Y0             PS8                          0.000     0.000 r  system_i/zynq_ultra_ps_e_0/inst/PS8_i/PLCLK[0]
                         net (fo=1, routed)           0.154     0.154    system_i/zynq_ultra_ps_e_0/inst/pl_clk_unbuffered[0]
    BUFG_PS_X0Y80        BUFG_PS (Prop_BUFG_PS_I_O)
                                                      0.018     0.172 r  system_i/zynq_ultra_ps_e_0/inst/buffer_pl_clk_0.PL_CLK_0_BUFG/O
    X1Y2 (CLOCK_ROOT)    net (fo=13924, routed)       1.121     1.293    system_i/mem_smc/inst/s01_nodes/s01_b_node/inst/s_sc_xpm_cdc_async_rst_inst/dest_clk
    SLICE_X58Y44         FDCE                                         r  system_i/mem_smc/inst/s01_nodes/s01_b_node/inst/s_sc_xpm_cdc_async_rst_inst/arststages_ff_reg[1]/C

Slack:                    inf
  Source:                 system_i/mem_smc/inst/clk_map/psr_aclk/U0/ACTIVE_LOW_BSR_OUT_DFF[0].FDRE_BSR_N/C
                            (rising edge-triggered cell FDRE clocked by clk_pl_0  {rise@0.000ns fall@6.667ns period=13.333ns})
  Destination:            system_i/mem_smc/inst/s01_nodes/s01_b_node/inst/s_sc_xpm_cdc_async_rst_inst/arststages_ff_reg[2]/CLR
                            (removal check against rising-edge clock clk_pl_0  {rise@0.000ns fall@6.667ns period=13.333ns})
  Path Group:             (none)
  Path Type:              Removal (Min at Fast Process Corner)
  Data Path Delay:        0.317ns  (logic 0.039ns (12.288%)  route 0.278ns (87.712%))
  Logic Levels:           0  
  Clock Path Skew:        0.148ns (DCD - SCD - CPR)
    Destination Clock Delay (DCD):    1.293ns
    Source Clock Delay      (SCD):    1.145ns
    Clock Pessimism Removal (CPR):    -0.000ns
  Clock Uncertainty:      0.141ns  ((TSJ^2 + DJ^2)^1/2) / 2 + PE
    Total System Jitter     (TSJ):    0.071ns
    Discrete Jitter          (DJ):    0.273ns
    Phase Error              (PE):    0.000ns
  Clock Net Delay (Source):      1.006ns (routing 0.311ns, distribution 0.695ns)
  Clock Net Delay (Destination): 1.121ns (routing 0.352ns, distribution 0.769ns)
  Timing Exception:       False Path

    Location             Delay type                Incr(ns)  Path(ns)    Netlist Resource(s)
  -------------------------------------------------------------------    -------------------
                         (clock clk_pl_0 rise edge)
                                                      0.000     0.000 r  <hidden>
    PS8_X0Y0             PS8                          0.000     0.000 r  system_i/zynq_ultra_ps_e_0/inst/PS8_i/PLCLK[0]
                         net (fo=1, routed)           0.122     0.122    system_i/zynq_ultra_ps_e_0/inst/pl_clk_unbuffered[0]
    BUFG_PS_X0Y80        BUFG_PS (Prop_BUFG_PS_I_O)
                                                      0.017     0.139 r  system_i/zynq_ultra_ps_e_0/inst/buffer_pl_clk_0.PL_CLK_0_BUFG/O
    X1Y2 (CLOCK_ROOT)    net (fo=13924, routed)       1.006     1.145    system_i/mem_smc/inst/clk_map/psr_aclk/U0/aclk
    SLICE_X63Y52         FDRE                                         r  system_i/mem_smc/inst/clk_map/psr_aclk/U0/ACTIVE_LOW_BSR_OUT_DFF[0].FDRE_BSR_N/C
  -------------------------------------------------------------------    -------------------
    SLICE_X63Y52         FDRE (Prop_DFF_SLICEM_C_Q)
                                                      0.039     1.184 r  system_i/mem_smc/inst/clk_map/psr_aclk/U0/ACTIVE_LOW_BSR_OUT_DFF[0].FDRE_BSR_N/Q
                         net (fo=51, routed)          0.278     1.462    system_i/mem_smc/inst/s01_nodes/s01_b_node/inst/s_sc_xpm_cdc_async_rst_inst/src_arst
    SLICE_X58Y44         FDCE                                         f  system_i/mem_smc/inst/s01_nodes/s01_b_node/inst/s_sc_xpm_cdc_async_rst_inst/arststages_ff_reg[2]/CLR  (IS_INVERTED)
  -------------------------------------------------------------------    -------------------

                         (clock clk_pl_0 rise edge)
                                                      0.000     0.000 r  <hidden>
    PS8_X0Y0             PS8                          0.000     0.000 r  system_i/zynq_ultra_ps_e_0/inst/PS8_i/PLCLK[0]
                         net (fo=1, routed)           0.154     0.154    system_i/zynq_ultra_ps_e_0/inst/pl_clk_unbuffered[0]
    BUFG_PS_X0Y80        BUFG_PS (Prop_BUFG_PS_I_O)
                                                      0.018     0.172 r  system_i/zynq_ultra_ps_e_0/inst/buffer_pl_clk_0.PL_CLK_0_BUFG/O
    X1Y2 (CLOCK_ROOT)    net (fo=13924, routed)       1.121     1.293    system_i/mem_smc/inst/s01_nodes/s01_b_node/inst/s_sc_xpm_cdc_async_rst_inst/dest_clk
    SLICE_X58Y44         FDCE                                         r  system_i/mem_smc/inst/s01_nodes/s01_b_node/inst/s_sc_xpm_cdc_async_rst_inst/arststages_ff_reg[2]/C

Slack:                    inf
  Source:                 system_i/mem_smc/inst/clk_map/psr_aclk/U0/ACTIVE_LOW_BSR_OUT_DFF[0].FDRE_BSR_N/C
                            (rising edge-triggered cell FDRE clocked by clk_pl_0  {rise@0.000ns fall@6.667ns period=13.333ns})
  Destination:            system_i/mem_smc/inst/m00_nodes/m00_ar_node/inst/s_sc_xpm_cdc_async_rst_inst/arststages_ff_reg[0]/CLR
                            (removal check against rising-edge clock clk_pl_0  {rise@0.000ns fall@6.667ns period=13.333ns})
  Path Group:             (none)
  Path Type:              Removal (Min at Fast Process Corner)
  Data Path Delay:        0.443ns  (logic 0.039ns (8.809%)  route 0.404ns (91.191%))
  Logic Levels:           0  
  Clock Path Skew:        0.140ns (DCD - SCD - CPR)
    Destination Clock Delay (DCD):    1.285ns
    Source Clock Delay      (SCD):    1.145ns
    Clock Pessimism Removal (CPR):    -0.000ns
  Clock Uncertainty:      0.141ns  ((TSJ^2 + DJ^2)^1/2) / 2 + PE
    Total System Jitter     (TSJ):    0.071ns
    Discrete Jitter          (DJ):    0.273ns
    Phase Error              (PE):    0.000ns
  Clock Net Delay (Source):      1.006ns (routing 0.311ns, distribution 0.695ns)
  Clock Net Delay (Destination): 1.113ns (routing 0.352ns, distribution 0.761ns)
  Timing Exception:       False Path

    Location             Delay type                Incr(ns)  Path(ns)    Netlist Resource(s)
  -------------------------------------------------------------------    -------------------
                         (clock clk_pl_0 rise edge)
                                                      0.000     0.000 r  <hidden>
    PS8_X0Y0             PS8                          0.000     0.000 r  system_i/zynq_ultra_ps_e_0/inst/PS8_i/PLCLK[0]
                         net (fo=1, routed)           0.122     0.122    system_i/zynq_ultra_ps_e_0/inst/pl_clk_unbuffered[0]
    BUFG_PS_X0Y80        BUFG_PS (Prop_BUFG_PS_I_O)
                                                      0.017     0.139 r  system_i/zynq_ultra_ps_e_0/inst/buffer_pl_clk_0.PL_CLK_0_BUFG/O
    X1Y2 (CLOCK_ROOT)    net (fo=13924, routed)       1.006     1.145    system_i/mem_smc/inst/clk_map/psr_aclk/U0/aclk
    SLICE_X63Y52         FDRE                                         r  system_i/mem_smc/inst/clk_map/psr_aclk/U0/ACTIVE_LOW_BSR_OUT_DFF[0].FDRE_BSR_N/C
  -------------------------------------------------------------------    -------------------
    SLICE_X63Y52         FDRE (Prop_DFF_SLICEM_C_Q)
                                                      0.039     1.184 r  system_i/mem_smc/inst/clk_map/psr_aclk/U0/ACTIVE_LOW_BSR_OUT_DFF[0].FDRE_BSR_N/Q
                         net (fo=51, routed)          0.404     1.587    system_i/mem_smc/inst/m00_nodes/m00_ar_node/inst/s_sc_xpm_cdc_async_rst_inst/src_arst
    SLICE_X51Y44         FDCE                                         f  system_i/mem_smc/inst/m00_nodes/m00_ar_node/inst/s_sc_xpm_cdc_async_rst_inst/arststages_ff_reg[0]/CLR  (IS_INVERTED)
  -------------------------------------------------------------------    -------------------

                         (clock clk_pl_0 rise edge)
                                                      0.000     0.000 r  <hidden>
    PS8_X0Y0             PS8                          0.000     0.000 r  system_i/zynq_ultra_ps_e_0/inst/PS8_i/PLCLK[0]
                         net (fo=1, routed)           0.154     0.154    system_i/zynq_ultra_ps_e_0/inst/pl_clk_unbuffered[0]
    BUFG_PS_X0Y80        BUFG_PS (Prop_BUFG_PS_I_O)
                                                      0.018     0.172 r  system_i/zynq_ultra_ps_e_0/inst/buffer_pl_clk_0.PL_CLK_0_BUFG/O
    X1Y2 (CLOCK_ROOT)    net (fo=13924, routed)       1.113     1.285    system_i/mem_smc/inst/m00_nodes/m00_ar_node/inst/s_sc_xpm_cdc_async_rst_inst/dest_clk
    SLICE_X51Y44         FDCE                                         r  system_i/mem_smc/inst/m00_nodes/m00_ar_node/inst/s_sc_xpm_cdc_async_rst_inst/arststages_ff_reg[0]/C





